transaction_id,txn_date,customer_id,region,customer_segment,product_type,bundle_name,channel,data_volume_mb,amount,status,amount_flag
TXN000982,2024-01-01,CUST00284,Sydney,Postpaid,Data Bundle,Data 2GB Weekly,USSD,2048,8,Successful,
TXN001661,2024-01-01,CUST00757,Perth,Postpaid,Data Bundle,Data 1GB Daily,USSD,1024,3.5,Successful,
TXN001700,2024-01-01,CUST00806,Unknown,Prepaid,Data Bundle,Data 40GB Monthly,USSD,40960,0,Failed,
TXN001781,2024-01-01,CUST00635,Sydney,Prepaid,Recharge,Recharge $1,Mobile App,,1,Successful,
TXN002297,2024-01-01,CUST00628,Hobart,Prepaid,Recharge,Recharge $2,USSD,,2,Successful,
TXN002603,2024-01-01,CUST00724,Sydney,Prepaid,Recharge,Recharge $2,Agent,,0,Failed,imputed
TXN002881,2024-01-01,CUST00174,Canberra,Prepaid,Voice Bundle,Voice 300min,Mobile App,,11,Successful,
TXN002918,2024-01-01,CUST00609,Adelaide,Prepaid,Data Bundle,Data 2GB Weekly,Web,2048,8,Successful,
TXN003009,2024-01-01,CUST00413,Canberra,Prepaid,Recharge,Recharge $5,Web,,5,Successful,
TXN003197,2024-01-01,CUST00435,Sydney,Prepaid,SMS Bundle,SMS 200,USSD,,2.5,Successful,
TXN003348,2024-01-01,CUST00003,Perth,Prepaid,Data Bundle,Data 1GB Daily,USSD,1024,3.5,Successful,
TXN003769,2024-01-01,CUST00455,Sydney,Prepaid,Recharge,Recharge $2,Web,,2,Successful,
TXN000218,2024-01-02,CUST00858,Melbourne,Prepaid,Voice Bundle,Voice 300min,Agent,,11,Successful,
TXN000246,2024-01-02,CUST00172,Sydney,Prepaid,Recharge,Recharge $10,Agent,,10,Successful,
TXN000410,2024-01-02,CUST00329,Sydney,Prepaid,Recharge,Recharge $2,Agent,,0,Failed,
TXN000907,2024-01-02,CUST00122,Brisbane,Postpaid,Data Bundle,Data 40GB Monthly,Agent,40960,110,Successful,
TXN001407,2024-01-02,CUST00332,Canberra,Prepaid,Data Bundle,Data 10GB Monthly,Web,10240,35,Successful,imputed
TXN002673,2024-01-02,CUST00707,Melbourne,Prepaid,Data Bundle,Data 1GB Daily,USSD,1024,3.5,Successful,
TXN003302,2024-01-02,CUST00488,Sydney,Prepaid,Data Bundle,Data 40GB Monthly,Agent,40960,110,Successful,
TXN003446,2024-01-02,CUST00832,Melbourne,Prepaid,Recharge,Recharge $1,Mobile App,,0,Failed,
TXN003975,2024-01-02,CUST00297,Sydney,Prepaid,Recharge,Recharge $1,USSD,,0,Failed,imputed
TXN003995,2024-01-02,CUST00853,Sydney,Postpaid,Recharge,Recharge $1,Agent,,1,Successful,
TXN000057,2024-01-03,CUST00278,Hobart,Prepaid,Recharge,Recharge $5,USSD,,5,Successful,
TXN000164,2024-01-03,CUST00833,Melbourne,Postpaid,Data Bundle,Data 10GB Monthly,USSD,10240,35,Successful,
TXN000583,2024-01-03,CUST00106,Sydney,Prepaid,Recharge,Recharge $2,Web,,2,Successful,imputed
TXN001185,2024-01-03,CUST00676,Melbourne,Prepaid,Recharge,Recharge $1,USSD,,1,Successful,
TXN001188,2024-01-03,CUST00815,Sydney,Prepaid,Recharge,Recharge $1,Web,,1,Successful,
TXN001322,2024-01-03,CUST00419,Perth,Prepaid,Data Bundle,Data 1GB Daily,USSD,1024,3.5,Successful,
TXN002050,2024-01-03,CUST00741,Brisbane,Prepaid,Recharge,Recharge $20,Agent,,20,Successful,
TXN002348,2024-01-03,CUST00390,Melbourne,Prepaid,Recharge,Recharge $1,Agent,,1,Successful,
TXN002779,2024-01-03,CUST00419,Perth,Prepaid,Recharge,Recharge $2,USSD,,2,Successful,
TXN003310,2024-01-03,CUST00033,Hobart,Prepaid,Data Bundle,Data 6GB Monthly,USSD,6144,25,Successful,imputed
TXN003319,2024-01-03,CUST00564,Canberra,Postpaid,Data Bundle,Data 10GB Monthly,Mobile App,10240,35,Successful,
TXN003334,2024-01-03,CUST00786,Canberra,Prepaid,Recharge,Recharge $1,Agent,,1,Successful,
TXN003467,2024-01-03,CUST00325,Melbourne,Prepaid,Recharge,Recharge $5,USSD,,5,Successful,
TXN003955,2024-01-03,CUST00029,Sydney,Prepaid,Recharge,Recharge $5,Mobile App,,5,Successful,imputed
TXN004075,2024-01-03,CUST00412,Perth,Postpaid,Data Bundle,Data 2GB Weekly,Mobile App,2048,0,Failed,
TXN004131,2024-01-03,CUST00230,Brisbane,Prepaid,Voice Bundle,Voice 300min,USSD,,0,Failed,
TXN000390,2024-01-04,CUST00353,Sydney,Prepaid,Data Bundle,Data 2GB Weekly,Mobile App,2048,8,Successful,
TXN000541,2024-01-04,CUST00416,Hobart,Prepaid,Data Bundle,Data 1GB Daily,Agent,1024,3.5,Successful,
TXN001230,2024-01-04,CUST00245,Brisbane,Prepaid,Voice Bundle,Voice 100min,Web,,4.5,Successful,
TXN001956,2024-01-04,CUST00301,Sydney,Prepaid,Data Bundle,Data 2GB Weekly,Agent,2048,8,Successful,
TXN002703,2024-01-04,CUST00079,Sydney,Prepaid,Recharge,Recharge $10,Mobile App,,10,Successful,
TXN003062,2024-01-04,CUST00601,Hobart,Prepaid,Data Bundle,Data 10GB Monthly,USSD,10240,35,Successful,
TXN003298,2024-01-04,CUST00060,Brisbane,Prepaid,Data Bundle,Data 2GB Weekly,Web,2048,8,Successful,imputed
TXN000925,2024-01-05,CUST00207,Perth,Prepaid,Data Bundle,Data 10GB Monthly,Mobile App,10240,35,Successful,
TXN001176,2024-01-05,CUST00034,Sydney,Prepaid,Data Bundle,Data 10GB Monthly,Agent,10240,35,Successful,
TXN001875,2024-01-05,CUST00172,Sydney,Prepaid,Data Bundle,Data 40GB Monthly,Agent,40960,110,Successful,
TXN002476,2024-01-05,CUST00038,Perth,Prepaid,Data Bundle,Data 2GB Weekly,USSD,2048,8,Successful,
TXN002617,2024-01-05,CUST00789,Adelaide,Prepaid,Recharge,Recharge $10,Web,,10,Successful,
TXN002770,2024-01-05,CUST00098,Melbourne,Postpaid,Data Bundle,Data 6GB Monthly,Mobile App,6144,0,Failed,
TXN003473,2024-01-05,CUST00658,Sydney,Prepaid,Recharge,Recharge $1,Mobile App,,0,Failed,imputed
TXN003523,2024-01-05,CUST00329,Sydney,Prepaid,Recharge,Recharge $1,Web,,1,Successful,
TXN003970,2024-01-05,CUST00546,Unknown,Prepaid,Recharge,Recharge $5,USSD,,5,Successful,
TXN000753,2024-01-06,CUST00573,Melbourne,Prepaid,Recharge,Recharge $20,Web,,20,Successful,
TXN001537,2024-01-06,CUST00110,Sydney,Prepaid,Recharge,Recharge $20,Web,,20,Successful,
TXN002404,2024-01-06,CUST00336,Melbourne,Postpaid,Data Bundle,Data 10GB Monthly,Mobile App,10240,0,Failed,
TXN002755,2024-01-06,CUST00173,Sydney,Postpaid,Data Bundle,Data 10GB Monthly,Mobile App,10240,35,Successful,
TXN002882,2024-01-06,CUST00610,Sydney,Prepaid,Recharge,Recharge $5,Agent,,5,Successful,
TXN004122,2024-01-06,CUST00037,Hobart,Prepaid,Data Bundle,Data 10GB Monthly,Web,10240,35,Successful,
TXN000464,2024-01-07,CUST00175,Perth,Prepaid,Recharge,Recharge $2,USSD,,2,Successful,
TXN001581,2024-01-07,CUST00648,Melbourne,Prepaid,Recharge,Recharge $2,Mobile App,,0,Failed,imputed
TXN001782,2024-01-07,CUST00100,Canberra,Postpaid,SMS Bundle,SMS 200,Agent,,2.5,Successful,
TXN002048,2024-01-07,CUST00558,Sydney,Postpaid,Recharge,Recharge $2,Web,,2,Successful,
TXN002458,2024-01-07,CUST00827,Adelaide,Prepaid,Recharge,Recharge $1,Agent,,1,Successful,
TXN002638,2024-01-07,CUST00014,Sydney,Prepaid,Recharge,Recharge $5,Web,,5,Successful,
TXN002842,2024-01-07,CUST00105,Melbourne,Postpaid,Data Bundle,Data 2GB Weekly,Web,2048,8,Successful,imputed
TXN003639,2024-01-07,CUST00151,Hobart,Prepaid,Recharge,Recharge $2,Agent,,2,Successful,
TXN003680,2024-01-07,CUST00750,Melbourne,Postpaid,Voice Bundle,Voice 100min,Mobile App,,4.5,Successful,
TXN003737,2024-01-07,CUST00282,Brisbane,Prepaid,Recharge,Recharge $5,Agent,,0,Failed,
TXN004106,2024-01-07,CUST00290,Melbourne,Prepaid,Data Bundle,Data 1GB Daily,Agent,1024,3.5,Successful,
TXN000153,2024-01-08,CUST00096,Melbourne,Prepaid,Data Bundle,Data 2GB Weekly,USSD,2048,8,Successful,
TXN000704,2024-01-08,CUST00360,Sydney,Prepaid,Data Bundle,Data 2GB Weekly,USSD,2048,8,Successful,
TXN001105,2024-01-08,CUST00146,Sydney,Prepaid,Recharge,Recharge $10,Agent,,0,Failed,
TXN001229,2024-01-08,CUST00698,Adelaide,Prepaid,Recharge,Recharge $1,Agent,,1,Successful,
TXN001884,2024-01-08,CUST00146,Sydney,Prepaid,Recharge,Recharge $20,Web,,20,Successful,
TXN001983,2024-01-08,CUST00137,Perth,Postpaid,Data Bundle,Data 1GB Daily,Mobile App,1024,3.5,Successful,
TXN003134,2024-01-08,CUST00464,Melbourne,Prepaid,Recharge,Recharge $1,Agent,,1,Successful,
TXN000811,2024-01-09,CUST00353,Sydney,Prepaid,Voice Bundle,Voice 300min,Web,,11,Successful,
TXN002031,2024-01-09,CUST00129,Sydney,Prepaid,Recharge,Recharge $1,USSD,,1,Successful,
TXN002716,2024-01-09,CUST00461,Perth,Postpaid,Data Bundle,Data 10GB Monthly,USSD,10240,35,Successful,
TXN003137,2024-01-09,CUST00765,Melbourne,Postpaid,Recharge,Recharge $1,USSD,,1,Successful,
TXN001214,2024-01-10,CUST00114,Brisbane,Postpaid,Recharge,Recharge $20,Web,,20,Successful,
TXN001249,2024-01-10,CUST00465,Perth,Prepaid,Recharge,Recharge $1,Web,,1,Successful,
TXN001476,2024-01-10,CUST00227,Melbourne,Prepaid,Data Bundle,Data 1GB Daily,Web,1024,3.5,Successful,
TXN002195,2024-01-10,CUST00207,Perth,Prepaid,Recharge,Recharge $10,Agent,,0,Failed,
TXN002198,2024-01-10,CUST00680,Hobart,Prepaid,Recharge,Recharge $5,Mobile App,,5,Successful,
TXN003810,2024-01-10,CUST00661,Adelaide,Postpaid,Voice Bundle,Voice 100min,Web,,4.5,Successful,imputed
TXN003891,2024-01-10,CUST00739,Perth,Prepaid,Recharge,Recharge $1,Web,,1,Successful,
TXN000664,2024-01-11,CUST00596,Perth,Prepaid,Data Bundle,Data 2GB Weekly,USSD,2048,8,Successful,imputed
TXN000751,2024-01-11,CUST00571,Adelaide,Prepaid,Voice Bundle,Voice 100min,USSD,,4.5,Successful,
TXN001292,2024-01-11,CUST00669,Melbourne,Prepaid,Recharge,Recharge $2,USSD,,2,Successful,imputed
TXN002756,2024-01-11,CUST00888,Canberra,Prepaid,Recharge,Recharge $2,USSD,,2,Successful,
TXN003222,2024-01-11,CUST00297,Sydney,Prepaid,Recharge,Recharge $10,Web,,10,Successful,
TXN003232,2024-01-11,CUST00713,Melbourne,Prepaid,Recharge,Recharge $5,Agent,,-5,Reversed,
TXN003236,2024-01-11,CUST00039,Hobart,Prepaid,SMS Bundle,SMS 200,Mobile App,,2.5,Successful,
TXN003683,2024-01-11,CUST00178,Canberra,Prepaid,Voice Bundle,Voice 100min,USSD,,4.5,Successful,
TXN000067,2024-01-12,CUST00106,Sydney,Prepaid,Data Bundle,Data 1GB Daily,Web,1024,3.5,Successful,
TXN000400,2024-01-12,CUST00030,Sydney,Prepaid,Recharge,Recharge $10,Agent,,10,Successful,imputed
TXN000445,2024-01-12,CUST00097,Sydney,Postpaid,Data Bundle,Data 40GB Monthly,Mobile App,40960,-110,Reversed,
TXN000509,2024-01-12,CUST00424,Melbourne,Prepaid,Data Bundle,Data 2GB Weekly,Mobile App,2048,0,Failed,
TXN000759,2024-01-12,CUST00507,Brisbane,Prepaid,Recharge,Recharge $20,Mobile App,,20,Successful,
TXN001252,2024-01-12,CUST00225,Adelaide,Prepaid,Data Bundle,Data 2GB Weekly,Web,2048,8,Successful,
TXN001330,2024-01-12,CUST00637,Sydney,Prepaid,Voice Bundle,Voice 300min,USSD,,11,Successful,
TXN001412,2024-01-12,CUST00183,Melbourne,Prepaid,Data Bundle,Data 2GB Weekly,Mobile App,2048,8,Successful,
TXN002061,2024-01-12,CUST00766,Sydney,Postpaid,Data Bundle,Data 40GB Monthly,Web,40960,-110,Reversed,
TXN002523,2024-01-12,CUST00737,Melbourne,Postpaid,Recharge,Recharge $5,Web,,5,Successful,
TXN003034,2024-01-12,CUST00522,Adelaide,Prepaid,Recharge,Recharge $1,USSD,,1,Successful,
TXN003219,2024-01-12,CUST00240,Hobart,Prepaid,Data Bundle,Data 6GB Monthly,Agent,6144,25,Successful,
TXN003871,2024-01-12,CUST00207,Perth,Prepaid,Recharge,Recharge $2,Mobile App,,2,Successful,
TXN004038,2024-01-12,CUST00625,Hobart,Prepaid,Data Bundle,Data 2GB Weekly,Agent,2048,0,Failed,
TXN000487,2024-01-13,CUST00753,Adelaide,Prepaid,Data Bundle,Data 1GB Daily,Agent,1024,0,Failed,
TXN001150,2024-01-13,CUST00875,Sydney,Prepaid,Recharge,Recharge $1,Web,,1,Successful,
TXN001572,2024-01-13,CUST00418,Perth,Prepaid,Data Bundle,Data 1GB Daily,USSD,1024,3.5,Successful,
TXN001867,2024-01-13,CUST00867,Hobart,Prepaid,Data Bundle,Data 6GB Monthly,Mobile App,6144,25,Successful,
TXN002393,2024-01-13,CUST00050,Canberra,Postpaid,Data Bundle,Data 6GB Monthly,USSD,6144,25,Successful,
TXN002801,2024-01-13,CUST00550,Brisbane,Prepaid,Voice Bundle,Voice 100min,USSD,,0,Failed,
TXN002999,2024-01-13,CUST00439,Sydney,Postpaid,Data Bundle,Data 40GB Monthly,Web,40960,110,Successful,imputed
TXN003385,2024-01-13,CUST00325,Melbourne,Prepaid,Data Bundle,Data 6GB Monthly,Web,6144,25,Successful,
TXN003482,2024-01-13,CUST00262,Perth,Prepaid,Recharge,Recharge $20,Agent,,20,Successful,
TXN003963,2024-01-13,CUST00345,Sydney,Prepaid,Data Bundle,Data 2GB Weekly,Mobile App,2048,8,Successful,
TXN000070,2024-01-14,CUST00150,Sydney,Postpaid,Recharge,Recharge $20,Agent,,20,Successful,
TXN000150,2024-01-14,CUST00155,Adelaide,Postpaid,Voice Bundle,Voice 300min,USSD,,11,Successful,
TXN000405,2024-01-14,CUST00307,Brisbane,Prepaid,Recharge,Recharge $2,Agent,,0,Failed,
TXN000503,2024-01-14,CUST00840,Brisbane,Prepaid,Recharge,Recharge $5,Agent,,5,Successful,
TXN000619,2024-01-14,CUST00286,Perth,Prepaid,Recharge,Recharge $2,Mobile App,,2,Successful,
TXN000723,2024-01-14,CUST00888,Canberra,Prepaid,Data Bundle,Data 2GB Weekly,Mobile App,2048,-8,Reversed,
TXN001121,2024-01-14,CUST00751,Perth,Postpaid,Data Bundle,Data 10GB Monthly,USSD,10240,35,Successful,
TXN001223,2024-01-14,CUST00193,Melbourne,Prepaid,Recharge,Recharge $5,USSD,,5,Successful,
TXN001287,2024-01-14,CUST00821,Sydney,Prepaid,Voice Bundle,Voice 100min,Mobile App,,4.5,Successful,
TXN001640,2024-01-14,CUST00629,Adelaide,Prepaid,Data Bundle,Data 6GB Monthly,Mobile App,6144,25,Successful,
TXN001832,2024-01-14,CUST00417,Brisbane,Prepaid,Recharge,Recharge $5,Mobile App,,5,Successful,
TXN002408,2024-01-14,CUST00586,Sydney,Prepaid,Recharge,Recharge $5,Web,,0,Failed,
TXN002509,2024-01-14,CUST00221,Perth,Postpaid,Data Bundle,Data 2GB Weekly,Mobile App,2048,0,Failed,
TXN003652,2024-01-14,CUST00757,Unknown,Postpaid,Data Bundle,Data 1GB Daily,Mobile App,1024,3.5,Successful,
TXN004112,2024-01-14,CUST00153,Sydney,Prepaid,Recharge,Recharge $2,Agent,,0,Failed,imputed
TXN000241,2024-01-15,CUST00650,Melbourne,Prepaid,Data Bundle,Data 6GB Monthly,Mobile App,6144,25,Successful,
TXN000764,2024-01-15,CUST00158,Adelaide,Postpaid,Data Bundle,Data 2GB Weekly,Agent,2048,8,Successful,
TXN000800,2024-01-15,CUST00724,Sydney,Prepaid,Data Bundle,Data 6GB Monthly,USSD,6144,25,Successful,
TXN001327,2024-01-15,CUST00112,Brisbane,Prepaid,Recharge,Recharge $1,Agent,,1,Successful,
TXN001560,2024-01-15,CUST00390,Melbourne,Prepaid,Recharge,Recharge $2,USSD,,2,Successful,imputed
TXN002002,2024-01-15,CUST00472,Adelaide,Prepaid,Recharge,Recharge $1,Mobile App,,1,Successful,
TXN002221,2024-01-15,CUST00638,Sydney,Prepaid,Data Bundle,Data 6GB Monthly,Agent,6144,-25,Reversed,
TXN002340,2024-01-15,CUST00289,Brisbane,Prepaid,Recharge,Recharge $1,Agent,,1,Successful,
TXN002868,2024-01-15,CUST00890,Perth,Prepaid,Recharge,Recharge $2,Web,,2,Successful,
TXN002951,2024-01-15,CUST00343,Sydney,Prepaid,Data Bundle,Data 10GB Monthly,Agent,10240,35,Successful,
TXN003686,2024-01-15,CUST00304,Melbourne,Prepaid,Data Bundle,Data 2GB Weekly,USSD,2048,-8,Reversed,
TXN003782,2024-01-15,CUST00195,Canberra,Prepaid,Recharge,Recharge $20,Mobile App,,20,Successful,
TXN003785,2024-01-15,CUST00681,Sydney,Postpaid,Recharge,Recharge $10,Web,,-10,Reversed,
TXN004148,2024-01-15,CUST00652,Adelaide,Prepaid,Recharge,Recharge $2,Mobile App,,2,Successful,
TXN900019,2024-01-15,CUST00195,Canberra,Prepaid,Recharge,Recharge $20,Mobile App,,20,Successful,
TXN000675,2024-01-16,CUST00080,Sydney,Prepaid,Recharge,Recharge $2,USSD,,0,Failed,
TXN000783,2024-01-16,CUST00880,Adelaide,Prepaid,Data Bundle,Data 2GB Weekly,Mobile App,2048,8,Successful,
TXN000849,2024-01-16,CUST00001,Perth,Prepaid,Recharge,Recharge $2,Agent,,2,Successful,
TXN001219,2024-01-16,CUST00712,Canberra,Prepaid,Recharge,Recharge $1,Web,,1,Successful,
TXN001385,2024-01-16,CUST00392,Perth,Prepaid,SMS Bundle,SMS 200,USSD,,2.5,Successful,
TXN002360,2024-01-16,CUST00006,Sydney,Prepaid,SMS Bundle,SMS 200,Mobile App,,2.5,Successful,
TXN002403,2024-01-16,CUST00022,Sydney,Prepaid,Data Bundle,Data 6GB Monthly,Agent,6144,25,Successful,
TXN003575,2024-01-16,CUST00512,Hobart,Prepaid,Data Bundle,Data 6GB Monthly,USSD,6144,25,Successful,
TXN000514,2024-01-17,CUST00761,Sydney,Prepaid,Data Bundle,Data 2GB Weekly,USSD,2048,-8,Reversed,
TXN001442,2024-01-17,CUST00608,Perth,Postpaid,Recharge,Recharge $20,Mobile App,,20,Successful,
TXN001526,2024-01-17,CUST00500,Canberra,Postpaid,Recharge,Recharge $5,Web,,0,Failed,imputed
TXN001968,2024-01-17,CUST00418,Perth,Prepaid,Data Bundle,Data 6GB Monthly,Mobile App,6144,25,Successful,
TXN002276,2024-01-17,CUST00766,Sydney,Postpaid,Recharge,Recharge $10,USSD,,10,Successful,
TXN002757,2024-01-17,CUST00022,Sydney,Prepaid,Data Bundle,Data 6GB Monthly,Web,6144,25,Successful,imputed
TXN004152,2024-01-17,CUST00483,Sydney,Prepaid,Recharge,Recharge $10,USSD,,10,Successful,
TXN000049,2024-01-18,CUST00017,Brisbane,Postpaid,Data Bundle,Data 10GB Monthly,Agent,10240,35,Successful,
TXN000114,2024-01-18,CUST00871,Sydney,Prepaid,SMS Bundle,SMS 200,Web,,2.5,Successful,
TXN000429,2024-01-18,CUST00739,Perth,Prepaid,Data Bundle,Data 1GB Daily,Mobile App,1024,3.5,Successful,
TXN000451,2024-01-18,CUST00537,Brisbane,Prepaid,Recharge,Recharge $5,Mobile App,,5,Successful,
TXN000650,2024-01-18,CUST00201,Melbourne,Prepaid,Data Bundle,Data 2GB Weekly,Web,2048,-8,Reversed,
TXN000799,2024-01-18,CUST00788,Melbourne,Postpaid,Recharge,Recharge $5,USSD,,5,Successful,
TXN002254,2024-01-18,CUST00832,Melbourne,Prepaid,Recharge,Recharge $10,USSD,,10,Successful,
TXN002299,2024-01-18,CUST00062,Adelaide,Prepaid,Recharge,Recharge $10,Web,,10,Successful,
TXN003294,2024-01-18,CUST00398,Unknown,Prepaid,Recharge,Recharge $5,Agent,,0,Failed,
TXN003811,2024-01-18,CUST00700,Sydney,Prepaid,Data Bundle,Data 40GB Monthly,USSD,40960,110,Successful,
TXN000702,2024-01-19,CUST00329,Sydney,Prepaid,Data Bundle,Data 10GB Monthly,USSD,10240,-35,Reversed,
TXN000950,2024-01-19,CUST00344,Brisbane,Prepaid,Recharge,Recharge $20,USSD,,20,Successful,
TXN001085,2024-01-19,CUST00189,Perth,Prepaid,Data Bundle,Data 2GB Weekly,Web,2048,8,Successful,
TXN001113,2024-01-19,CUST00835,Brisbane,Postpaid,Recharge,Recharge $10,Mobile App,,10,Successful,
TXN001144,2024-01-19,CUST00166,Adelaide,Prepaid,Recharge,Recharge $1,Web,,1,Successful,
TXN001178,2024-01-19,CUST00849,Sydney,Prepaid,SMS Bundle,SMS 200,Mobile App,,2.5,Successful,
TXN001290,2024-01-19,CUST00295,Melbourne,Prepaid,Recharge,Recharge $20,Agent,,20,Successful,
TXN001786,2024-01-19,CUST00277,Sydney,Prepaid,Data Bundle,Data 6GB Monthly,USSD,6144,0,Failed,imputed
TXN001992,2024-01-19,CUST00707,Melbourne,Prepaid,Recharge,Recharge $10,Web,,0,Failed,
TXN003108,2024-01-19,CUST00747,Canberra,Prepaid,Recharge,Recharge $5,Mobile App,,5,Successful,
TXN003191,2024-01-19,CUST00728,Brisbane,Postpaid,Data Bundle,Data 6GB Monthly,Agent,6144,25,Successful,
TXN003275,2024-01-19,CUST00289,Brisbane,Prepaid,Data Bundle,Data 2GB Weekly,USSD,2048,8,Successful,
TXN003935,2024-01-19,CUST00643,Perth,Prepaid,SMS Bundle,SMS 200,Mobile App,,2.5,Successful,imputed
TXN000363,2024-01-20,CUST00200,Perth,Prepaid,Data Bundle,Data 2GB Weekly,USSD,2048,8,Successful,
TXN000526,2024-01-20,CUST00118,Sydney,Prepaid,Recharge,Recharge $1,Agent,,1,Successful,
TXN001265,2024-01-20,CUST00069,Sydney,Prepaid,Recharge,Recharge $1,Web,,0,Failed,
TXN001639,2024-01-20,CUST00884,Sydney,Postpaid,Data Bundle,Data 40GB Monthly,USSD,40960,110,Successful,
TXN001915,2024-01-20,CUST00142,Unknown,Prepaid,Data Bundle,Data 2GB Weekly,USSD,2048,8,Successful,
TXN001947,2024-01-20,CUST00743,Sydney,Prepaid,Recharge,Recharge $2,Mobile App,,-2,Reversed,
TXN002346,2024-01-20,CUST00387,Unknown,Prepaid,Recharge,Recharge $1,Web,,0,Failed,imputed
TXN002506,2024-01-20,CUST00683,Adelaide,Prepaid,Recharge,Recharge $1,USSD,,1,Successful,
TXN002986,2024-01-20,CUST00861,Perth,Prepaid,Recharge,Recharge $1,Mobile App,,1,Successful,
TXN003065,2024-01-20,CUST00402,Brisbane,Postpaid,Data Bundle,Data 1GB Daily,Web,1024,3.5,Successful,
TXN003136,2024-01-20,CUST00749,Sydney,Prepaid,Recharge,Recharge $2,Agent,,2,Successful,
TXN000048,2024-01-21,CUST00383,Brisbane,Postpaid,Voice Bundle,Voice 300min,Web,,11,Successful,
TXN000237,2024-01-21,CUST00482,Adelaide,Postpaid,SMS Bundle,SMS 200,Mobile App,,-2.5,Reversed,
TXN000306,2024-01-21,CUST00499,Melbourne,Prepaid,Recharge,Recharge $20,Mobile App,,20,Successful,
TXN000432,2024-01-21,CUST00102,Hobart,Prepaid,Recharge,Recharge $20,Agent,,20,Successful,
TXN000809,2024-01-21,CUST00589,Sydney,Prepaid,Data Bundle,Data 2GB Weekly,Agent,2048,8,Successful,
TXN000870,2024-01-21,CUST00319,Sydney,Prepaid,Recharge,Recharge $20,Agent,,20,Successful,
TXN000933,2024-01-21,CUST00474,Canberra,Prepaid,Data Bundle,Data 6GB Monthly,Web,6144,25,Successful,
TXN001379,2024-01-21,CUST00309,Adelaide,Prepaid,Recharge,Recharge $1,Web,,1,Successful,
TXN001427,2024-01-21,CUST00808,Melbourne,Prepaid,Recharge,Recharge $1,Mobile App,,1,Successful,
TXN002237,2024-01-21,CUST00039,Hobart,Prepaid,Recharge,Recharge $2,USSD,,2,Successful,
TXN002357,2024-01-21,CUST00752,Sydney,Prepaid,Voice Bundle,Voice 300min,Web,,11,Successful,
TXN002444,2024-01-21,CUST00353,Sydney,Prepaid,Recharge,Recharge $2,Mobile App,,0,Failed,
TXN002570,2024-01-21,CUST00711,Brisbane,Prepaid,Recharge,Recharge $2,Agent,,2,Successful,
TXN002979,2024-01-21,CUST00209,Sydney,Prepaid,Recharge,Recharge $20,USSD,,20,Successful,
TXN003085,2024-01-21,CUST00877,Brisbane,Prepaid,Recharge,Recharge $2,Agent,,0,Failed,
TXN003184,2024-01-21,CUST00762,Perth,Prepaid,Voice Bundle,Voice 100min,USSD,,4.5,Successful,
TXN003395,2024-01-21,CUST00384,Melbourne,Prepaid,Recharge,Recharge $1,Web,,1,Successful,
TXN000151,2024-01-22,CUST00344,Brisbane,Prepaid,Data Bundle,Data 6GB Monthly,Mobile App,6144,25,Successful,
TXN001074,2024-01-22,CUST00042,Brisbane,Postpaid,Recharge,Recharge $10,USSD,,10,Successful,
TXN001225,2024-01-22,CUST00274,Canberra,Prepaid,Recharge,Recharge $5,USSD,,5,Successful,
TXN002137,2024-01-22,CUST00583,Unknown,Prepaid,Recharge,Recharge $5,Agent,,5,Successful,
TXN002742,2024-01-22,CUST00632,Sydney,Postpaid,Data Bundle,Data 6GB Monthly,USSD,6144,-25,Reversed,
TXN002799,2024-01-22,CUST00256,Sydney,Prepaid,Recharge,Recharge $5,Agent,,-5,Reversed,
TXN003094,2024-01-22,CUST00623,Sydney,Postpaid,Voice Bundle,Voice 100min,Agent,,4.5,Successful,
TXN003122,2024-01-22,CUST00401,Sydney,Prepaid,Recharge,Recharge $10,Agent,,10,Successful,
TXN003270,2024-01-22,CUST00689,Sydney,Postpaid,Recharge,Recharge $10,USSD,,0,Failed,
TXN003761,2024-01-22,CUST00680,Hobart,Prepaid,Data Bundle,Data 1GB Daily,Agent,1024,3.5,Successful,
TXN004021,2024-01-22,CUST00076,Canberra,Prepaid,Recharge,Recharge $1,Web,,1,Successful,
TXN000595,2024-01-23,CUST00634,Brisbane,Prepaid,Recharge,Recharge $1,Agent,,1,Successful,
TXN001416,2024-01-23,CUST00408,Brisbane,Prepaid,Recharge,Recharge $5,USSD,,-5,Reversed,
TXN001594,2024-01-23,CUST00001,Perth,Prepaid,Recharge,Recharge $5,USSD,,5,Successful,
TXN001762,2024-01-23,CUST00524,Sydney,Prepaid,Recharge,Recharge $20,Mobile App,,20,Successful,
TXN003097,2024-01-23,CUST00128,Canberra,Postpaid,Recharge,Recharge $10,Mobile App,,10,Successful,
TXN003115,2024-01-23,CUST00258,Adelaide,Postpaid,Data Bundle,Data 10GB Monthly,Mobile App,10240,35,Successful,
TXN003261,2024-01-23,CUST00389,Canberra,Postpaid,Voice Bundle,Voice 100min,USSD,,0,Failed,
TXN003304,2024-01-23,CUST00267,Brisbane,Prepaid,Data Bundle,Data 6GB Monthly,USSD,6144,25,Successful,
TXN003471,2024-01-23,CUST00793,Sydney,Prepaid,Recharge,Recharge $2,Mobile App,,2,Successful,
TXN003593,2024-01-23,CUST00464,Melbourne,Prepaid,Recharge,Recharge $20,Agent,,20,Successful,
TXN003621,2024-01-23,CUST00468,Brisbane,Postpaid,Voice Bundle,Voice 300min,USSD,,11,Successful,
TXN003714,2024-01-23,CUST00316,Canberra,Prepaid,Recharge,Recharge $10,USSD,,10,Successful,
TXN000294,2024-01-24,CUST00566,Perth,Prepaid,Data Bundle,Data 1GB Daily,Web,1024,3.5,Successful,
TXN000312,2024-01-24,CUST00548,Sydney,Prepaid,Data Bundle,Data 6GB Monthly,USSD,6144,25,Successful,
TXN000953,2024-01-24,CUST00658,Sydney,Prepaid,Data Bundle,Data 6GB Monthly,Agent,6144,-25,Reversed,
TXN001011,2024-01-24,CUST00401,Sydney,Prepaid,Data Bundle,Data 2GB Weekly,Web,2048,0,Failed,
TXN002155,2024-01-24,CUST00575,Sydney,Prepaid,Recharge,Recharge $20,Mobile App,,-20,Reversed,
TXN003046,2024-01-24,CUST00500,Canberra,Postpaid,Data Bundle,Data 2GB Weekly,Mobile App,2048,8,Successful,
TXN003491,2024-01-24,CUST00365,Sydney,Prepaid,Data Bundle,Data 10GB Monthly,USSD,10240,-35,Reversed,
TXN003661,2024-01-24,CUST00685,Melbourne,Postpaid,Data Bundle,Data 6GB Monthly,Web,6144,25,Successful,
TXN003982,2024-01-24,CUST00810,Sydney,Postpaid,Recharge,Recharge $10,Web,,10,Successful,
TXN000201,2024-01-25,CUST00578,Perth,Prepaid,Recharge,Recharge $1,Web,,1,Successful,
TXN000456,2024-01-25,CUST00249,Melbourne,Prepaid,Data Bundle,Data 2GB Weekly,USSD,2048,8,Successful,
TXN000496,2024-01-25,CUST00208,Sydney,Prepaid,Recharge,Recharge $10,USSD,,10,Successful,
TXN000951,2024-01-25,CUST00239,Brisbane,Prepaid,Recharge,Recharge $2,Mobile App,,2,Successful,
TXN000983,2024-01-25,CUST00010,Adelaide,Prepaid,Data Bundle,Data 1GB Daily,USSD,1024,3.5,Successful,imputed
TXN002720,2024-01-25,CUST00138,Sydney,Prepaid,Recharge,Recharge $1,Web,,1,Successful,
TXN003238,2024-01-25,CUST00871,Sydney,Prepaid,Data Bundle,Data 1GB Daily,USSD,1024,0,Failed,
TXN000036,2024-01-26,CUST00895,Unknown,Prepaid,Data Bundle,Data 2GB Weekly,Mobile App,2048,8,Successful,
TXN000721,2024-01-26,CUST00140,Sydney,Prepaid,Data Bundle,Data 1GB Daily,USSD,1024,3.5,Successful,
TXN000915,2024-01-26,CUST00756,Brisbane,Prepaid,Recharge,Recharge $5,Web,,5,Successful,
TXN001160,2024-01-26,CUST00843,Perth,Prepaid,Recharge,Recharge $1,Mobile App,,1,Successful,
TXN001260,2024-01-26,CUST00687,Melbourne,Prepaid,Data Bundle,Data 10GB Monthly,Agent,10240,-35,Reversed,
TXN001564,2024-01-26,CUST00017,Brisbane,Postpaid,Data Bundle,Data 10GB Monthly,Agent,10240,35,Successful,
TXN001738,2024-01-26,CUST00375,Melbourne,Prepaid,Recharge,Recharge $2,Mobile App,,2,Successful,
TXN001803,2024-01-26,CUST00734,Hobart,Prepaid,Recharge,Recharge $1,USSD,,1,Successful,
TXN001848,2024-01-26,CUST00004,Hobart,Prepaid,Recharge,Recharge $20,Agent,,20,Successful,
TXN001965,2024-01-26,CUST00489,Sydney,Postpaid,Data Bundle,Data 6GB Monthly,Mobile App,6144,-25,Reversed,
TXN002085,2024-01-26,CUST00350,Melbourne,Prepaid,Data Bundle,Data 1GB Daily,Mobile App,1024,3.5,Successful,
TXN002116,2024-01-26,CUST00757,Perth,Postpaid,Data Bundle,Data 6GB Monthly,Web,6144,25,Successful,
TXN002289,2024-01-26,CUST00421,Sydney,Prepaid,Recharge,Recharge $2,Agent,,2,Successful,
TXN002854,2024-01-26,CUST00266,Sydney,Prepaid,Data Bundle,Data 1GB Daily,Mobile App,1024,3.5,Successful,
TXN003132,2024-01-26,CUST00304,Melbourne,Prepaid,Data Bundle,Data 1GB Daily,Web,1024,3.5,Successful,
TXN003351,2024-01-26,CUST00233,Brisbane,Prepaid,Data Bundle,Data 10GB Monthly,Mobile App,10240,35,Successful,
TXN003767,2024-01-26,CUST00413,Canberra,Prepaid,Voice Bundle,Voice 100min,USSD,,4.5,Successful,
TXN000459,2024-01-27,CUST00452,Canberra,Prepaid,Data Bundle,Data 2GB Weekly,USSD,2048,8,Successful,
TXN001052,2024-01-27,CUST00180,Sydney,Prepaid,Recharge,Recharge $5,Web,,0,Failed,
TXN001100,2024-01-27,CUST00847,Sydney,Prepaid,Recharge,Recharge $1,USSD,,0,Failed,imputed
TXN001123,2024-01-27,CUST00079,Sydney,Prepaid,Data Bundle,Data 6GB Monthly,Mobile App,6144,25,Successful,
TXN001276,2024-01-27,CUST00404,Brisbane,Prepaid,Recharge,Recharge $5,Mobile App,,5,Successful,
TXN002111,2024-01-27,CUST00192,Sydney,Prepaid,Recharge,Recharge $1,Mobile App,,1,Successful,
TXN002726,2024-01-27,CUST00297,Sydney,Prepaid,Data Bundle,Data 2GB Weekly,USSD,2048,0,Failed,
TXN002828,2024-01-27,CUST00373,Sydney,Postpaid,Data Bundle,Data 40GB Monthly,Mobile App,40960,110,Successful,
TXN003565,2024-01-27,CUST00668,Perth,Prepaid,Data Bundle,Data 2GB Weekly,Agent,2048,8,Successful,
TXN004170,2024-01-27,CUST00528,Canberra,Prepaid,Recharge,Recharge $10,USSD,,10,Successful,
TXN900027,2024-01-27,CUST00079,Sydney,Prepaid,Data Bundle,Data 6GB Monthly,Mobile App,6144,25,Successful,
TXN000046,2024-01-28,CUST00537,Brisbane,Prepaid,Data Bundle,Data 2GB Weekly,Web,2048,8,Successful,
TXN000955,2024-01-28,CUST00769,Hobart,Prepaid,Recharge,Recharge $5,USSD,,5,Successful,
TXN001187,2024-01-28,CUST00096,Melbourne,Prepaid,Data Bundle,Data 10GB Monthly,Web,10240,35,Successful,
TXN001326,2024-01-28,CUST00264,Canberra,Prepaid,Data Bundle,Data 2GB Weekly,Agent,2048,8,Successful,
TXN001565,2024-01-28,CUST00857,Sydney,Postpaid,Recharge,Recharge $10,Web,,10,Successful,
TXN002315,2024-01-28,CUST00313,Brisbane,Prepaid,Data Bundle,Data 1GB Daily,USSD,1024,3.5,Successful,
TXN002959,2024-01-28,CUST00410,Adelaide,Prepaid,SMS Bundle,SMS 200,USSD,,2.5,Successful,
TXN003278,2024-01-28,CUST00791,Melbourne,Postpaid,Voice Bundle,Voice 300min,USSD,,11,Successful,
TXN003816,2024-01-28,CUST00527,Brisbane,Prepaid,Recharge,Recharge $2,Mobile App,,2,Successful,
TXN001042,2024-02-01,CUST00607,Hobart,Prepaid,Data Bundle,Data 2GB Weekly,Mobile App,2048,8,Successful,
TXN001268,2024-02-01,CUST00443,Hobart,Prepaid,Data Bundle,Data 10GB Monthly,Mobile App,10240,35,Successful,
TXN001658,2024-02-01,CUST00387,Sydney,Prepaid,Recharge,Recharge $5,Web,,5,Successful,
TXN002330,2024-02-01,CUST00389,Canberra,Postpaid,Data Bundle,Data 6GB Monthly,Web,6144,25,Successful,
TXN002816,2024-02-01,CUST00426,Hobart,Prepaid,Recharge,Recharge $20,Web,,20,Successful,
TXN002989,2024-02-01,CUST00007,Sydney,Prepaid,Recharge,Recharge $5,Mobile App,,5,Successful,
TXN003443,2024-02-01,CUST00328,Adelaide,Prepaid,Recharge,Recharge $5,Mobile App,,5,Successful,
TXN004009,2024-02-01,CUST00398,Sydney,Prepaid,Data Bundle,Data 10GB Monthly,Mobile App,10240,35,Successful,
TXN000310,2024-02-02,CUST00039,Hobart,Prepaid,Recharge,Recharge $2,Mobile App,,2,Successful,
TXN000610,2024-02-02,CUST00045,Sydney,Prepaid,Recharge,Recharge $2,USSD,,0,Failed,
TXN000649,2024-02-02,CUST00366,Melbourne,Prepaid,Recharge,Recharge $2,Agent,,2,Successful,
TXN000873,2024-02-02,CUST00593,Sydney,Prepaid,Recharge,Recharge $5,USSD,,5,Successful,
TXN001125,2024-02-02,CUST00294,Melbourne,Prepaid,Data Bundle,Data 1GB Daily,Mobile App,1024,3.5,Successful,
TXN001675,2024-02-02,CUST00112,Brisbane,Prepaid,Recharge,Recharge $1,USSD,,1,Successful,
TXN002060,2024-02-02,CUST00079,Sydney,Prepaid,Data Bundle,Data 40GB Monthly,Web,40960,-110,Reversed,
TXN002332,2024-02-02,CUST00816,Sydney,Prepaid,Voice Bundle,Voice 100min,Agent,,-4.5,Reversed,
TXN002802,2024-02-02,CUST00837,Perth,Prepaid,Recharge,Recharge $2,Agent,,2,Successful,
TXN003820,2024-02-02,CUST00753,Adelaide,Prepaid,Voice Bundle,Voice 300min,USSD,,11,Successful,
TXN003931,2024-02-02,CUST00751,Perth,Postpaid,Data Bundle,Data 6GB Monthly,USSD,6144,25,Successful,
TXN000228,2024-02-03,CUST00701,Sydney,Prepaid,Data Bundle,Data 2GB Weekly,Agent,2048,8,Successful,
TXN000371,2024-02-03,CUST00494,Canberra,Prepaid,Data Bundle,Data 6GB Monthly,Mobile App,6144,25,Successful,
TXN001020,2024-02-03,CUST00012,Melbourne,Prepaid,Data Bundle,Data 2GB Weekly,Mobile App,2048,8,Successful,imputed
TXN001494,2024-02-03,CUST00331,Brisbane,Prepaid,Data Bundle,Data 1GB Daily,Web,1024,3.5,Successful,
TXN001920,2024-02-03,CUST00130,Sydney,Postpaid,Recharge,Recharge $20,Mobile App,,-20,Reversed,
TXN002383,2024-02-03,CUST00240,Hobart,Prepaid,Data Bundle,Data 6GB Monthly,USSD,6144,25,Successful,
TXN002512,2024-02-03,CUST00208,Sydney,Prepaid,Recharge,Recharge $5,USSD,,-5,Reversed,
TXN002567,2024-02-03,CUST00103,Melbourne,Prepaid,Data Bundle,Data 1GB Daily,USSD,1024,3.5,Successful,
TXN002832,2024-02-03,CUST00151,Hobart,Prepaid,Data Bundle,Data 2GB Weekly,Web,2048,8,Successful,
TXN003225,2024-02-03,CUST00333,Adelaide,Prepaid,Recharge,Recharge $10,Mobile App,,10,Successful,
TXN003641,2024-02-03,CUST00239,Brisbane,Prepaid,Recharge,Recharge $2,Web,,2,Successful,
TXN900015,2024-02-03,CUST00494,Canberra,Prepaid,Data Bundle,Data 6GB Monthly,Mobile App,6144,25,Successful,
TXN000254,2024-02-04,CUST00290,Melbourne,Prepaid,Data Bundle,Data 1GB Daily,Mobile App,1024,3.5,Successful,imputed
TXN001036,2024-02-04,CUST00277,Sydney,Prepaid,Recharge,Recharge $10,USSD,,-10,Reversed,
TXN001606,2024-02-04,CUST00366,Melbourne,Prepaid,Recharge,Recharge $20,Mobile App,,20,Successful,
TXN002861,2024-02-04,CUST00659,Sydney,Postpaid,Recharge,Recharge $2,Agent,,2,Successful,
TXN003564,2024-02-04,CUST00021,Perth,Prepaid,Data Bundle,Data 1GB Daily,Web,1024,3.5,Successful,
TXN004067,2024-02-04,CUST00601,Hobart,Prepaid,Recharge,Recharge $1,Web,,1,Successful,imputed
TXN000360,2024-02-05,CUST00824,Sydney,Postpaid,Data Bundle,Data 6GB Monthly,Agent,6144,0,Failed,imputed
TXN000543,2024-02-05,CUST00776,Adelaide,Prepaid,Recharge,Recharge $5,Web,,5,Successful,
TXN000894,2024-02-05,CUST00122,Brisbane,Postpaid,Voice Bundle,Voice 300min,Agent,,11,Successful,
TXN000952,2024-02-05,CUST00635,Sydney,Prepaid,Recharge,Recharge $5,Mobile App,,0,Failed,
TXN002176,2024-02-05,CUST00496,Melbourne,Prepaid,Recharge,Recharge $5,Web,,5,Successful,
TXN002483,2024-02-05,CUST00241,Melbourne,Prepaid,Data Bundle,Data 6GB Monthly,Mobile App,6144,25,Successful,imputed
TXN002965,2024-02-05,CUST00503,Unknown,Prepaid,Recharge,Recharge $5,Mobile App,,5,Successful,
TXN003091,2024-02-05,CUST00668,Perth,Prepaid,Recharge,Recharge $2,Agent,,2,Successful,
TXN003308,2024-02-05,CUST00235,Perth,Prepaid,Data Bundle,Data 1GB Daily,Agent,1024,3.5,Successful,
TXN004132,2024-02-05,CUST00573,Melbourne,Prepaid,Data Bundle,Data 2GB Weekly,Agent,2048,8,Successful,imputed
TXN000388,2024-02-06,CUST00408,Brisbane,Prepaid,Data Bundle,Data 10GB Monthly,USSD,10240,35,Successful,
TXN001763,2024-02-06,CUST00156,Hobart,Prepaid,Recharge,Recharge $1,Agent,,1,Successful,
TXN001905,2024-02-06,CUST00307,Brisbane,Prepaid,SMS Bundle,SMS 200,Agent,,2.5,Successful,
TXN002014,2024-02-06,CUST00563,Perth,Prepaid,Recharge,Recharge $20,Mobile App,,20,Successful,
TXN002683,2024-02-06,CUST00536,Brisbane,Prepaid,Data Bundle,Data 2GB Weekly,Agent,2048,8,Successful,
TXN003128,2024-02-06,CUST00361,Sydney,Postpaid,Data Bundle,Data 1GB Daily,USSD,1024,0,Failed,
TXN003865,2024-02-06,CUST00022,Sydney,Prepaid,Data Bundle,Data 2GB Weekly,Web,2048,0,Failed,imputed
TXN000135,2024-02-07,CUST00318,Sydney,Prepaid,Recharge,Recharge $5,USSD,,5,Successful,
TXN002201,2024-02-07,CUST00750,Melbourne,Postpaid,Voice Bundle,Voice 300min,Web,,11,Successful,
TXN002230,2024-02-07,CUST00180,Sydney,Prepaid,Data Bundle,Data 1GB Daily,Agent,1024,0,Failed,
TXN002705,2024-02-07,CUST00002,Sydney,Prepaid,Recharge,Recharge $2,Web,,2,Successful,
TXN002734,2024-02-07,CUST00165,Adelaide,Postpaid,Data Bundle,Data 1GB Daily,Web,1024,0,Failed,
TXN003669,2024-02-07,CUST00848,Brisbane,Prepaid,Recharge,Recharge $2,Mobile App,,2,Successful,
TXN000061,2024-02-08,CUST00055,Melbourne,Postpaid,Data Bundle,Data 6GB Monthly,Web,6144,25,Successful,
TXN000518,2024-02-08,CUST00424,Melbourne,Prepaid,Data Bundle,Data 10GB Monthly,Agent,10240,35,Successful,
TXN001087,2024-02-08,CUST00566,Unknown,Prepaid,Recharge,Recharge $2,Mobile App,,0,Failed,imputed
TXN001211,2024-02-08,CUST00633,Melbourne,Prepaid,Recharge,Recharge $1,Agent,,-1,Reversed,
TXN001907,2024-02-08,CUST00380,Sydney,Prepaid,SMS Bundle,SMS 200,Web,,2.5,Successful,
TXN002006,2024-02-08,CUST00426,Hobart,Prepaid,Recharge,Recharge $2,Agent,,2,Successful,
TXN002785,2024-02-08,CUST00637,Sydney,Prepaid,Recharge,Recharge $20,Mobile App,,20,Successful,imputed
TXN004058,2024-02-08,CUST00463,Perth,Prepaid,Recharge,Recharge $2,Mobile App,,2,Successful,
TXN000385,2024-02-09,CUST00834,Perth,Prepaid,Recharge,Recharge $10,Mobile App,,10,Successful,
TXN000676,2024-02-09,CUST00481,Perth,Prepaid,Recharge,Recharge $5,USSD,,0,Failed,imputed
TXN001644,2024-02-09,CUST00512,Hobart,Prepaid,Recharge,Recharge $2,USSD,,2,Successful,
TXN001753,2024-02-09,CUST00576,Sydney,Prepaid,SMS Bundle,SMS 200,Mobile App,,2.5,Successful,
TXN001960,2024-02-09,CUST00372,Sydney,Prepaid,Voice Bundle,Voice 100min,Mobile App,,0,Failed,imputed
TXN002682,2024-02-09,CUST00831,Canberra,Prepaid,Recharge,Recharge $20,Web,,20,Successful,
TXN002718,2024-02-09,CUST00406,Melbourne,Prepaid,Voice Bundle,Voice 300min,Mobile App,,0,Failed,imputed
TXN003077,2024-02-09,CUST00383,Brisbane,Postpaid,Data Bundle,Data 10GB Monthly,Agent,10240,35,Successful,
TXN003437,2024-02-09,CUST00584,Melbourne,Prepaid,SMS Bundle,SMS 200,Web,,2.5,Successful,
TXN000012,2024-02-10,CUST00707,Melbourne,Prepaid,Recharge,Recharge $2,Web,,2,Successful,
TXN000181,2024-02-10,CUST00601,Hobart,Prepaid,SMS Bundle,SMS 200,Web,,2.5,Successful,imputed
TXN000443,2024-02-10,CUST00531,Hobart,Prepaid,SMS Bundle,SMS 200,Agent,,2.5,Successful,
TXN001005,2024-02-10,CUST00324,Hobart,Prepaid,Data Bundle,Data 2GB Weekly,Agent,2048,8,Successful,imputed
TXN001349,2024-02-10,CUST00792,Sydney,Prepaid,Recharge,Recharge $1,Web,,1,Successful,
TXN001541,2024-02-10,CUST00895,Melbourne,Prepaid,Data Bundle,Data 1GB Daily,Agent,1024,3.5,Successful,
TXN001942,2024-02-10,CUST00371,Perth,Postpaid,Voice Bundle,Voice 300min,USSD,,11,Successful,
TXN002166,2024-02-10,CUST00699,Perth,Prepaid,Recharge,Recharge $20,Web,,20,Successful,
TXN002544,2024-02-10,CUST00672,Adelaide,Prepaid,Recharge,Recharge $10,Web,,10,Successful,
TXN002558,2024-02-10,CUST00048,Sydney,Prepaid,SMS Bundle,SMS 200,USSD,,2.5,Successful,
TXN002926,2024-02-10,CUST00892,Canberra,Postpaid,Data Bundle,Data 2GB Weekly,USSD,2048,8,Successful,
TXN003751,2024-02-10,CUST00307,Brisbane,Prepaid,Recharge,Recharge $2,USSD,,2,Successful,
TXN004011,2024-02-10,CUST00016,Adelaide,Prepaid,Data Bundle,Data 2GB Weekly,USSD,2048,8,Successful,
TXN001001,2024-02-11,CUST00090,Melbourne,Prepaid,SMS Bundle,SMS 200,USSD,,2.5,Successful,
TXN001532,2024-02-11,CUST00380,Sydney,Prepaid,Data Bundle,Data 10GB Monthly,Agent,10240,-35,Reversed,
TXN001764,2024-02-11,CUST00347,Perth,Postpaid,Data Bundle,Data 1GB Daily,Web,1024,0,Failed,imputed
TXN002204,2024-02-11,CUST00458,Brisbane,Prepaid,Voice Bundle,Voice 300min,Mobile App,,11,Successful,
TXN002432,2024-02-11,CUST00516,Sydney,Prepaid,Recharge,Recharge $2,USSD,,0,Failed,imputed
TXN002460,2024-02-11,CUST00521,Adelaide,Prepaid,Recharge,Recharge $10,Agent,,10,Successful,
TXN003049,2024-02-11,CUST00388,Brisbane,Prepaid,Data Bundle,Data 1GB Daily,Agent,1024,3.5,Successful,
TXN003850,2024-02-11,CUST00671,Brisbane,Prepaid,Voice Bundle,Voice 100min,Mobile App,,4.5,Successful,
TXN004089,2024-02-11,CUST00478,Melbourne,Prepaid,SMS Bundle,SMS 200,Mobile App,,2.5,Successful,
TXN000093,2024-02-12,CUST00602,Brisbane,Prepaid,Recharge,Recharge $2,Agent,,2,Successful,
TXN000158,2024-02-12,CUST00417,Brisbane,Prepaid,Recharge,Recharge $5,USSD,,5,Successful,
TXN000628,2024-02-12,CUST00053,Sydney,Prepaid,Recharge,Recharge $1,USSD,,-1,Reversed,
TXN000744,2024-02-12,CUST00153,Sydney,Prepaid,Recharge,Recharge $1,Web,,1,Successful,
TXN001118,2024-02-12,CUST00720,Brisbane,Postpaid,SMS Bundle,SMS 200,Web,,0,Failed,
TXN003405,2024-02-12,CUST00447,Sydney,Postpaid,Data Bundle,Data 40GB Monthly,Web,40960,110,Successful,
TXN003771,2024-02-12,CUST00298,Unknown,Postpaid,Data Bundle,Data 6GB Monthly,Mobile App,6144,25,Successful,
TXN000032,2024-02-13,CUST00419,Perth,Prepaid,Data Bundle,Data 1GB Daily,Mobile App,1024,3.5,Successful,
TXN000529,2024-02-13,CUST00056,Hobart,Prepaid,Data Bundle,Data 1GB Daily,Web,1024,3.5,Successful,
TXN000688,2024-02-13,CUST00123,Sydney,Prepaid,SMS Bundle,SMS 200,Mobile App,,2.5,Successful,
TXN001070,2024-02-13,CUST00235,Perth,Prepaid,SMS Bundle,SMS 200,Web,,2.5,Successful,
TXN001623,2024-02-13,CUST00407,Sydney,Prepaid,SMS Bundle,SMS 200,Agent,,2.5,Successful,
TXN001739,2024-02-13,CUST00223,Hobart,Prepaid,Recharge,Recharge $2,Web,,2,Successful,
TXN002026,2024-02-13,CUST00543,Melbourne,Prepaid,Recharge,Recharge $2,Agent,,2,Successful,
TXN002041,2024-02-13,CUST00685,Melbourne,Postpaid,Data Bundle,Data 40GB Monthly,USSD,40960,110,Successful,
TXN002108,2024-02-13,CUST00049,Canberra,Prepaid,Recharge,Recharge $1,Web,,1,Successful,
TXN002203,2024-02-13,CUST00119,Hobart,Prepaid,Voice Bundle,Voice 300min,USSD,,-11,Reversed,
TXN002919,2024-02-13,CUST00041,Brisbane,Prepaid,Voice Bundle,Voice 300min,USSD,,11,Successful,
TXN003271,2024-02-13,CUST00034,Sydney,Prepaid,Recharge,Recharge $5,USSD,,5,Successful,
TXN000084,2024-02-14,CUST00495,Adelaide,Prepaid,Data Bundle,Data 10GB Monthly,Agent,10240,35,Successful,
TXN000775,2024-02-14,CUST00526,Adelaide,Postpaid,Data Bundle,Data 2GB Weekly,Agent,2048,8,Successful,imputed
TXN001080,2024-02-14,CUST00045,Sydney,Prepaid,Recharge,Recharge $2,Agent,,2,Successful,
TXN001098,2024-02-14,CUST00072,Sydney,Postpaid,Voice Bundle,Voice 300min,USSD,,11,Successful,
TXN001850,2024-02-14,CUST00610,Sydney,Prepaid,Recharge,Recharge $1,Agent,,0,Failed,imputed
TXN002058,2024-02-14,CUST00601,Hobart,Prepaid,Data Bundle,Data 10GB Monthly,Mobile App,10240,35,Successful,
TXN002079,2024-02-14,CUST00800,Brisbane,Prepaid,Data Bundle,Data 1GB Daily,Web,1024,3.5,Successful,
TXN003346,2024-02-14,CUST00190,Sydney,Postpaid,Data Bundle,Data 6GB Monthly,Mobile App,6144,0,Failed,
TXN003379,2024-02-14,CUST00590,Perth,Prepaid,Voice Bundle,Voice 100min,Mobile App,,4.5,Successful,
TXN003525,2024-02-14,CUST00522,Adelaide,Prepaid,Data Bundle,Data 1GB Daily,Web,1024,3.5,Successful,
TXN003548,2024-02-14,CUST00769,Hobart,Prepaid,Recharge,Recharge $5,Web,,5,Successful,
TXN004119,2024-02-14,CUST00053,Sydney,Prepaid,Recharge,Recharge $5,Web,,0,Failed,imputed
TXN000409,2024-02-15,CUST00297,Sydney,Prepaid,Recharge,Recharge $2,Mobile App,,2,Successful,
TXN000486,2024-02-15,CUST00534,Perth,Prepaid,SMS Bundle,SMS 200,Web,,2.5,Successful,
TXN000645,2024-02-15,CUST00787,Melbourne,Prepaid,Recharge,Recharge $1,Agent,,1,Successful,
TXN001256,2024-02-15,CUST00099,Brisbane,Prepaid,Recharge,Recharge $20,Agent,,20,Successful,
TXN001559,2024-02-15,CUST00028,Perth,Prepaid,SMS Bundle,SMS 200,Mobile App,,0,Failed,
TXN001718,2024-02-15,CUST00274,Canberra,Prepaid,Data Bundle,Data 10GB Monthly,USSD,10240,35,Successful,
TXN001898,2024-02-15,CUST00117,Brisbane,Prepaid,Data Bundle,Data 6GB Monthly,Web,6144,25,Successful,
TXN002212,2024-02-15,CUST00795,Melbourne,Postpaid,Recharge,Recharge $10,Agent,,10,Successful,imputed
TXN002236,2024-02-15,CUST00815,Sydney,Prepaid,Data Bundle,Data 2GB Weekly,Agent,2048,0,Failed,
TXN002387,2024-02-15,CUST00683,Adelaide,Prepaid,Data Bundle,Data 6GB Monthly,USSD,6144,25,Successful,
TXN002686,2024-02-15,CUST00854,Perth,Prepaid,Recharge,Recharge $5,Web,,5,Successful,
TXN002815,2024-02-15,CUST00483,Sydney,Prepaid,Recharge,Recharge $1,USSD,,0,Failed,imputed
TXN003342,2024-02-15,CUST00310,Perth,Prepaid,Data Bundle,Data 6GB Monthly,Agent,6144,25,Successful,imputed
TXN004002,2024-02-15,CUST00242,Melbourne,Prepaid,Voice Bundle,Voice 100min,Mobile App,,4.5,Successful,
TXN000352,2024-02-16,CUST00436,Brisbane,Prepaid,Data Bundle,Data 40GB Monthly,Web,40960,110,Successful,
TXN001016,2024-02-16,CUST00058,Hobart,Postpaid,Data Bundle,Data 10GB Monthly,Agent,10240,35,Successful,imputed
TXN001058,2024-02-16,CUST00421,Sydney,Prepaid,Data Bundle,Data 6GB Monthly,Web,6144,-25,Reversed,
TXN001462,2024-02-16,CUST00041,Brisbane,Prepaid,Recharge,Recharge $1,Agent,,1,Successful,
TXN002148,2024-02-16,CUST00853,Sydney,Postpaid,Recharge,Recharge $5,Agent,,0,Failed,imputed
TXN002189,2024-02-16,CUST00737,Melbourne,Postpaid,Voice Bundle,Voice 100min,Mobile App,,4.5,Successful,imputed
TXN002284,2024-02-16,CUST00360,Sydney,Prepaid,Data Bundle,Data 2GB Weekly,Web,2048,0,Failed,imputed
TXN002353,2024-02-16,CUST00167,Adelaide,Prepaid,Data Bundle,Data 1GB Daily,Agent,1024,3.5,Successful,
TXN002488,2024-02-16,CUST00040,Sydney,Prepaid,Recharge,Recharge $10,Mobile App,,-10,Reversed,
TXN002642,2024-02-16,CUST00670,Unknown,Prepaid,Voice Bundle,Voice 100min,USSD,,4.5,Successful,
TXN002950,2024-02-16,CUST00062,Adelaide,Prepaid,Data Bundle,Data 1GB Daily,Agent,1024,3.5,Successful,
TXN003058,2024-02-16,CUST00017,Brisbane,Postpaid,Data Bundle,Data 40GB Monthly,Web,40960,0,Failed,imputed
TXN003249,2024-02-16,CUST00308,Brisbane,Prepaid,Recharge,Recharge $2,Agent,,2,Successful,
TXN004050,2024-02-16,CUST00819,Melbourne,Prepaid,Recharge,Recharge $20,Mobile App,,20,Successful,
TXN000180,2024-02-17,CUST00793,Sydney,Prepaid,Recharge,Recharge $5,Web,,5,Successful,
TXN000879,2024-02-17,CUST00587,Sydney,Prepaid,Recharge,Recharge $10,Web,,10,Successful,
TXN000897,2024-02-17,CUST00894,Unknown,Prepaid,Recharge,Recharge $20,Web,,20,Successful,
TXN001505,2024-02-17,CUST00780,Melbourne,Postpaid,Recharge,Recharge $10,Agent,,10,Successful,
TXN002051,2024-02-17,CUST00399,Melbourne,Postpaid,Data Bundle,Data 6GB Monthly,USSD,6144,25,Successful,
TXN002287,2024-02-17,CUST00827,Adelaide,Prepaid,Recharge,Recharge $2,Web,,2,Successful,
TXN002564,2024-02-17,CUST00645,Sydney,Prepaid,Recharge,Recharge $2,Agent,,2,Successful,
TXN002680,2024-02-17,CUST00840,Brisbane,Prepaid,Data Bundle,Data 2GB Weekly,Web,2048,8,Successful,
TXN002700,2024-02-17,CUST00676,Melbourne,Prepaid,Recharge,Recharge $20,Mobile App,,20,Successful,
TXN003528,2024-02-17,CUST00368,Brisbane,Prepaid,Recharge,Recharge $20,Agent,,20,Successful,
TXN003619,2024-02-17,CUST00281,Melbourne,Prepaid,SMS Bundle,SMS 200,Web,,2.5,Successful,
TXN003673,2024-02-17,CUST00009,Unknown,Prepaid,Recharge,Recharge $2,Web,,2,Successful,
TXN000045,2024-02-18,CUST00174,Canberra,Prepaid,Voice Bundle,Voice 300min,USSD,,11,Successful,
TXN000998,2024-02-18,CUST00682,Hobart,Prepaid,Recharge,Recharge $20,Agent,,20,Successful,
TXN001337,2024-02-18,CUST00371,Perth,Postpaid,Data Bundle,Data 40GB Monthly,Mobile App,40960,110,Successful,
TXN001714,2024-02-18,CUST00676,Unknown,Prepaid,Voice Bundle,Voice 100min,USSD,,4.5,Successful,
TXN002498,2024-02-18,CUST00791,Melbourne,Postpaid,Recharge,Recharge $1,Mobile App,,1,Successful,imputed
TXN002830,2024-02-18,CUST00592,Sydney,Postpaid,Recharge,Recharge $2,Agent,,0,Failed,imputed
TXN003218,2024-02-18,CUST00493,Perth,Prepaid,Data Bundle,Data 1GB Daily,Mobile App,1024,3.5,Successful,imputed
TXN003689,2024-02-18,CUST00311,Sydney,Prepaid,Data Bundle,Data 1GB Daily,Web,1024,0,Failed,
TXN000002,2024-02-19,CUST00788,Melbourne,Postpaid,Data Bundle,Data 40GB Monthly,USSD,40960,110,Successful,
TXN000345,2024-02-19,CUST00616,Brisbane,Prepaid,Data Bundle,Data 2GB Weekly,Agent,2048,8,Successful,
TXN000827,2024-02-19,CUST00113,Sydney,Prepaid,Data Bundle,Data 1GB Daily,Agent,1024,0,Failed,imputed
TXN001180,2024-02-19,CUST00517,Perth,Prepaid,Data Bundle,Data 6GB Monthly,Mobile App,6144,25,Successful,
TXN001255,2024-02-19,CUST00313,Brisbane,Prepaid,Data Bundle,Data 1GB Daily,Web,1024,3.5,Successful,
TXN001970,2024-02-19,CUST00353,Sydney,Prepaid,Data Bundle,Data 1GB Daily,USSD,1024,-3.5,Reversed,
TXN002923,2024-02-19,CUST00096,Melbourne,Prepaid,Data Bundle,Data 40GB Monthly,Web,40960,110,Successful,
TXN003267,2024-02-19,CUST00472,Adelaide,Prepaid,Voice Bundle,Voice 100min,Web,,0,Failed,
TXN003406,2024-02-19,CUST00116,Sydney,Prepaid,Data Bundle,Data 10GB Monthly,Mobile App,10240,35,Successful,
TXN003837,2024-02-19,CUST00473,Sydney,Prepaid,Recharge,Recharge $2,Mobile App,,2,Successful,
TXN003973,2024-02-19,CUST00851,Brisbane,Prepaid,Data Bundle,Data 6GB Monthly,Web,6144,25,Successful,imputed
TXN000677,2024-02-20,CUST00802,Perth,Prepaid,Voice Bundle,Voice 100min,Agent,,4.5,Successful,
TXN001032,2024-02-20,CUST00285,Perth,Postpaid,Data Bundle,Data 6GB Monthly,Mobile App,6144,25,Successful,
TXN001300,2024-02-20,CUST00449,Melbourne,Prepaid,Recharge,Recharge $2,USSD,,2,Successful,
TXN001853,2024-02-20,CUST00011,Adelaide,Prepaid,Recharge,Recharge $5,Mobile App,,5,Successful,
TXN002047,2024-02-20,CUST00093,Melbourne,Prepaid,Recharge,Recharge $10,USSD,,10,Successful,
TXN002127,2024-02-20,CUST00664,Melbourne,Prepaid,Data Bundle,Data 6GB Monthly,USSD,6144,25,Successful,
TXN002215,2024-02-20,CUST00433,Sydney,Prepaid,Recharge,Recharge $2,USSD,,2,Successful,
TXN003010,2024-02-20,CUST00409,Adelaide,Prepaid,SMS Bundle,SMS 200,Agent,,2.5,Successful,
TXN003681,2024-02-20,CUST00266,Sydney,Prepaid,Voice Bundle,Voice 300min,Agent,,0,Failed,
TXN003808,2024-02-20,CUST00306,Perth,Prepaid,Recharge,Recharge $1,Mobile App,,1,Successful,imputed
TXN003876,2024-02-20,CUST00686,Sydney,Prepaid,Recharge,Recharge $1,USSD,,0,Failed,
TXN003958,2024-02-20,CUST00368,Brisbane,Prepaid,Recharge,Recharge $2,Agent,,2,Successful,
TXN004109,2024-02-20,CUST00829,Sydney,Prepaid,Recharge,Recharge $2,Mobile App,,2,Successful,
TXN000438,2024-02-21,CUST00765,Melbourne,Postpaid,Data Bundle,Data 10GB Monthly,Web,10240,35,Successful,
TXN001089,2024-02-21,CUST00548,Sydney,Prepaid,Data Bundle,Data 1GB Daily,USSD,1024,-3.5,Reversed,
TXN001101,2024-02-21,CUST00275,Perth,Prepaid,Data Bundle,Data 6GB Monthly,USSD,6144,0,Failed,
TXN001539,2024-02-21,CUST00061,Adelaide,Prepaid,Data Bundle,Data 1GB Daily,Agent,1024,3.5,Successful,
TXN001599,2024-02-21,CUST00537,Brisbane,Prepaid,Recharge,Recharge $2,USSD,,2,Successful,
TXN001694,2024-02-21,CUST00482,Adelaide,Postpaid,Voice Bundle,Voice 300min,Web,,11,Successful,
TXN002049,2024-02-21,CUST00222,Brisbane,Postpaid,Recharge,Recharge $1,USSD,,1,Successful,
TXN002067,2024-02-21,CUST00586,Sydney,Prepaid,Data Bundle,Data 6GB Monthly,Mobile App,6144,25,Successful,
TXN003196,2024-02-21,CUST00666,Adelaide,Prepaid,Data Bundle,Data 6GB Monthly,USSD,6144,25,Successful,
TXN003339,2024-02-21,CUST00869,Canberra,Prepaid,Data Bundle,Data 10GB Monthly,Mobile App,10240,35,Successful,
TXN000238,2024-02-22,CUST00513,Sydney,Postpaid,Recharge,Recharge $20,Mobile App,,0,Failed,imputed
TXN000319,2024-02-22,CUST00199,Melbourne,Prepaid,Recharge,Recharge $1,Web,,1,Successful,
TXN000373,2024-02-22,CUST00295,Melbourne,Prepaid,Recharge,Recharge $5,Mobile App,,5,Successful,
TXN001486,2024-02-22,CUST00646,Sydney,Prepaid,Data Bundle,Data 1GB Daily,Web,1024,3.5,Successful,
TXN001929,2024-02-22,CUST00217,Unknown,Postpaid,Voice Bundle,Voice 300min,Agent,,11,Successful,
TXN002466,2024-02-22,CUST00232,Sydney,Prepaid,Data Bundle,Data 1GB Daily,USSD,1024,3.5,Successful,
TXN002925,2024-02-22,CUST00410,Adelaide,Prepaid,Data Bundle,Data 10GB Monthly,Web,10240,0,Failed,imputed
TXN003514,2024-02-22,CUST00841,Brisbane,Prepaid,Recharge,Recharge $10,USSD,,10,Successful,
TXN003727,2024-02-22,CUST00284,Sydney,Postpaid,Data Bundle,Data 6GB Monthly,Web,6144,25,Successful,
TXN004104,2024-02-22,CUST00398,Sydney,Prepaid,Recharge,Recharge $2,USSD,,2,Successful,
TXN004115,2024-02-22,CUST00651,Adelaide,Prepaid,Data Bundle,Data 6GB Monthly,Agent,6144,25,Successful,imputed
TXN004167,2024-02-22,CUST00547,Adelaide,Prepaid,Voice Bundle,Voice 300min,Agent,,11,Successful,
TXN000527,2024-02-23,CUST00278,Hobart,Prepaid,Recharge,Recharge $2,Agent,,2,Successful,
TXN000754,2024-02-23,CUST00136,Adelaide,Prepaid,Recharge,Recharge $2,USSD,,2,Successful,
TXN000851,2024-02-23,CUST00308,Brisbane,Prepaid,Recharge,Recharge $2,Agent,,2,Successful,
TXN001344,2024-02-23,CUST00363,Canberra,Postpaid,Data Bundle,Data 10GB Monthly,Agent,10240,35,Successful,
TXN002352,2024-02-23,CUST00288,Sydney,Postpaid,SMS Bundle,SMS 200,Mobile App,,2.5,Successful,
TXN002667,2024-02-23,CUST00186,Brisbane,Prepaid,Recharge,Recharge $5,Agent,,5,Successful,imputed
TXN002695,2024-02-23,CUST00451,Canberra,Prepaid,Data Bundle,Data 2GB Weekly,Mobile App,2048,8,Successful,
TXN003314,2024-02-23,CUST00297,Sydney,Prepaid,SMS Bundle,SMS 200,USSD,,2.5,Successful,
TXN003357,2024-02-23,CUST00568,Hobart,Prepaid,Recharge,Recharge $10,USSD,,-10,Reversed,
TXN000263,2024-02-24,CUST00116,Sydney,Prepaid,Recharge,Recharge $2,Web,,2,Successful,
TXN000724,2024-02-24,CUST00242,Melbourne,Prepaid,Recharge,Recharge $1,Agent,,1,Successful,
TXN000937,2024-02-24,CUST00302,Melbourne,Prepaid,Recharge,Recharge $1,Agent,,1,Successful,
TXN000976,2024-02-24,CUST00834,Perth,Prepaid,Data Bundle,Data 6GB Monthly,USSD,6144,25,Successful,
TXN001151,2024-02-24,CUST00112,Brisbane,Prepaid,SMS Bundle,SMS 200,Web,,2.5,Successful,
TXN001603,2024-02-24,CUST00536,Brisbane,Prepaid,Voice Bundle,Voice 100min,Web,,4.5,Successful,
TXN002226,2024-02-24,CUST00530,Perth,Prepaid,Recharge,Recharge $10,USSD,,10,Successful,
TXN002324,2024-02-24,CUST00830,Canberra,Prepaid,Data Bundle,Data 6GB Monthly,Agent,6144,25,Successful,imputed
TXN002502,2024-02-24,CUST00378,Canberra,Prepaid,Recharge,Recharge $1,Agent,,1,Successful,
TXN002780,2024-02-24,CUST00031,Canberra,Prepaid,SMS Bundle,SMS 200,Web,,2.5,Successful,
TXN003147,2024-02-24,CUST00233,Brisbane,Prepaid,Recharge,Recharge $10,Web,,10,Successful,imputed
TXN003158,2024-02-24,CUST00242,Melbourne,Prepaid,Data Bundle,Data 2GB Weekly,USSD,2048,-8,Reversed,
TXN003257,2024-02-24,CUST00804,Brisbane,Postpaid,Recharge,Recharge $20,Mobile App,,20,Successful,
TXN003421,2024-02-24,CUST00327,Canberra,Prepaid,Recharge,Recharge $20,USSD,,20,Successful,
TXN001012,2024-02-25,CUST00100,Canberra,Postpaid,Voice Bundle,Voice 100min,Agent,,4.5,Successful,
TXN001609,2024-02-25,CUST00590,Perth,Prepaid,Data Bundle,Data 1GB Daily,Web,1024,3.5,Successful,
TXN001727,2024-02-25,CUST00717,Perth,Prepaid,Recharge,Recharge $2,Mobile App,,2,Successful,
TXN002252,2024-02-25,CUST00548,Sydney,Prepaid,SMS Bundle,SMS 200,Mobile App,,2.5,Successful,
TXN002993,2024-02-25,CUST00001,Perth,Prepaid,Recharge,Recharge $5,Agent,,-5,Reversed,
TXN003623,2024-02-25,CUST00085,Sydney,Prepaid,Data Bundle,Data 1GB Daily,Web,1024,3.5,Successful,
TXN003829,2024-02-25,CUST00863,Adelaide,Prepaid,Recharge,Recharge $2,Mobile App,,2,Successful,
TXN004125,2024-02-25,CUST00411,Adelaide,Prepaid,Recharge,Recharge $10,Web,,10,Successful,imputed
TXN000434,2024-02-26,CUST00853,Sydney,Postpaid,Data Bundle,Data 1GB Daily,Web,1024,3.5,Successful,
TXN000517,2024-02-26,CUST00610,Sydney,Prepaid,Data Bundle,Data 40GB Monthly,Agent,40960,110,Successful,
TXN000519,2024-02-26,CUST00180,Sydney,Prepaid,Recharge,Recharge $2,USSD,,0,Failed,
TXN000593,2024-02-26,CUST00416,Hobart,Prepaid,Data Bundle,Data 1GB Daily,Mobile App,1024,3.5,Successful,
TXN000874,2024-02-26,CUST00802,Perth,Prepaid,Recharge,Recharge $5,USSD,,5,Successful,
TXN001358,2024-02-26,CUST00823,Melbourne,Prepaid,Recharge,Recharge $1,Agent,,1,Successful,
TXN001406,2024-02-26,CUST00222,Brisbane,Postpaid,Recharge,Recharge $5,USSD,,5,Successful,
TXN001946,2024-02-26,CUST00805,Sydney,Prepaid,Recharge,Recharge $2,Agent,,2,Successful,
TXN002190,2024-02-26,CUST00134,Brisbane,Postpaid,SMS Bundle,SMS 200,Agent,,2.5,Successful,
TXN002562,2024-02-26,CUST00424,Melbourne,Prepaid,Data Bundle,Data 40GB Monthly,USSD,40960,110,Successful,
TXN003079,2024-02-26,CUST00219,Unknown,Postpaid,SMS Bundle,SMS 200,USSD,,2.5,Successful,
TXN003155,2024-02-26,CUST00381,Adelaide,Prepaid,Voice Bundle,Voice 100min,Web,,4.5,Successful,
TXN003226,2024-02-26,CUST00647,Canberra,Prepaid,Data Bundle,Data 10GB Monthly,Web,10240,-35,Reversed,
TXN003524,2024-02-26,CUST00620,Sydney,Prepaid,Recharge,Recharge $1,Mobile App,,1,Successful,
TXN000857,2024-02-27,CUST00689,Sydney,Postpaid,Data Bundle,Data 6GB Monthly,USSD,6144,25,Successful,
TXN001760,2024-02-27,CUST00378,Canberra,Prepaid,Data Bundle,Data 1GB Daily,Agent,1024,3.5,Successful,
TXN002139,2024-02-27,CUST00201,Melbourne,Prepaid,Recharge,Recharge $2,Mobile App,,2,Successful,
TXN002171,2024-02-27,CUST00755,Melbourne,Prepaid,Recharge,Recharge $2,USSD,,2,Successful,
TXN002426,2024-02-27,CUST00550,Brisbane,Prepaid,Data Bundle,Data 2GB Weekly,Agent,2048,8,Successful,
TXN002445,2024-02-27,CUST00395,Brisbane,Prepaid,Recharge,Recharge $5,Mobile App,,5,Successful,
TXN003349,2024-02-27,CUST00386,Brisbane,Prepaid,Data Bundle,Data 2GB Weekly,Web,2048,8,Successful,
TXN003508,2024-02-27,CUST00395,Brisbane,Prepaid,Recharge,Recharge $1,Web,,1,Successful,
TXN000091,2024-02-28,CUST00592,Sydney,Postpaid,Data Bundle,Data 1GB Daily,USSD,1024,0,Failed,imputed
TXN000117,2024-02-28,CUST00017,Brisbane,Postpaid,Data Bundle,Data 40GB Monthly,Web,40960,0,Failed,
TXN000616,2024-02-28,CUST00288,Sydney,Postpaid,Data Bundle,Data 1GB Daily,Mobile App,1024,3.5,Successful,
TXN000678,2024-02-28,CUST00030,Sydney,Prepaid,SMS Bundle,SMS 200,Mobile App,,-2.5,Reversed,
TXN000913,2024-02-28,CUST00811,Melbourne,Postpaid,Data Bundle,Data 40GB Monthly,Mobile App,40960,110,Successful,
TXN001031,2024-02-28,CUST00193,Melbourne,Prepaid,Data Bundle,Data 1GB Daily,Agent,1024,3.5,Successful,
TXN001766,2024-02-28,CUST00163,Sydney,Prepaid,Recharge,Recharge $2,USSD,,2,Successful,
TXN002162,2024-02-28,CUST00027,Sydney,Postpaid,Recharge,Recharge $1,Agent,,0,Failed,
TXN002292,2024-02-28,CUST00436,Brisbane,Prepaid,Data Bundle,Data 10GB Monthly,Mobile App,10240,35,Successful,
TXN003281,2024-02-28,CUST00148,Adelaide,Prepaid,Recharge,Recharge $20,Agent,,20,Successful,
TXN003814,2024-02-28,CUST00747,Canberra,Prepaid,Recharge,Recharge $10,Mobile App,,0,Failed,imputed
TXN003976,2024-02-28,CUST00529,Melbourne,Prepaid,Recharge,Recharge $1,Agent,,0,Failed,imputed
TXN000428,2024-03-01,CUST00752,Sydney,Prepaid,Recharge,Recharge $5,Agent,,5,Successful,imputed
TXN000886,2024-03-01,CUST00508,Adelaide,Prepaid,Data Bundle,Data 2GB Weekly,Mobile App,2048,8,Successful,
TXN001191,2024-03-01,CUST00125,Perth,Prepaid,Recharge,Recharge $20,Mobile App,,20,Successful,
TXN001386,2024-03-01,CUST00464,Melbourne,Prepaid,Recharge,Recharge $2,USSD,,2,Successful,
TXN001726,2024-03-01,CUST00454,Perth,Prepaid,SMS Bundle,SMS 200,Mobile App,,2.5,Successful,
TXN001805,2024-03-01,CUST00835,Brisbane,Postpaid,Recharge,Recharge $5,USSD,,5,Successful,
TXN001882,2024-03-01,CUST00499,Melbourne,Prepaid,Data Bundle,Data 6GB Monthly,Web,6144,25,Successful,
TXN002091,2024-03-01,CUST00771,Hobart,Prepaid,Recharge,Recharge $20,Web,,20,Successful,
TXN002329,2024-03-01,CUST00190,Sydney,Postpaid,Data Bundle,Data 10GB Monthly,Web,10240,35,Successful,
TXN002598,2024-03-01,CUST00077,Melbourne,Prepaid,Recharge,Recharge $1,Agent,,1,Successful,
TXN002894,2024-03-01,CUST00285,Perth,Postpaid,Data Bundle,Data 6GB Monthly,USSD,6144,25,Successful,
TXN002906,2024-03-01,CUST00605,Sydney,Prepaid,Data Bundle,Data 1GB Daily,Web,1024,3.5,Successful,
TXN003980,2024-03-01,CUST00540,Perth,Prepaid,Recharge,Recharge $2,Web,,2,Successful,
TXN000133,2024-03-02,CUST00269,Sydney,Prepaid,Recharge,Recharge $5,Web,,5,Successful,
TXN000200,2024-03-02,CUST00379,Brisbane,Prepaid,Recharge,Recharge $10,Agent,,10,Successful,imputed
TXN000499,2024-03-02,CUST00051,Unknown,Prepaid,Recharge,Recharge $1,Agent,,1,Successful,
TXN000758,2024-03-02,CUST00056,Hobart,Prepaid,Recharge,Recharge $2,USSD,,2,Successful,
TXN000934,2024-03-02,CUST00877,Brisbane,Prepaid,Recharge,Recharge $1,Agent,,1,Successful,
TXN001770,2024-03-02,CUST00042,Brisbane,Postpaid,Data Bundle,Data 6GB Monthly,USSD,6144,0,Failed,
TXN002395,2024-03-02,CUST00900,Unknown,Prepaid,Data Bundle,Data 2GB Weekly,USSD,2048,8,Successful,
TXN002792,2024-03-02,CUST00679,Sydney,Prepaid,Recharge,Recharge $5,USSD,,0,Failed,
TXN003206,2024-03-02,CUST00285,Perth,Postpaid,Voice Bundle,Voice 100min,Mobile App,,-4.5,Reversed,
TXN003345,2024-03-02,CUST00601,Hobart,Prepaid,Data Bundle,Data 6GB Monthly,USSD,6144,25,Successful,imputed
TXN003477,2024-03-02,CUST00394,Canberra,Prepaid,SMS Bundle,SMS 200,USSD,,2.5,Successful,
TXN003536,2024-03-02,CUST00458,Unknown,Prepaid,Recharge,Recharge $2,USSD,,2,Successful,
TXN003685,2024-03-02,CUST00372,Sydney,Prepaid,Recharge,Recharge $2,Agent,,0,Failed,imputed
TXN004124,2024-03-02,CUST00703,Melbourne,Prepaid,Recharge,Recharge $5,USSD,,5,Successful,
TXN000019,2024-03-03,CUST00764,Sydney,Prepaid,Recharge,Recharge $5,USSD,,0,Failed,
TXN000121,2024-03-03,CUST00002,Sydney,Prepaid,Recharge,Recharge $2,USSD,,2,Successful,
TXN000421,2024-03-03,CUST00255,Sydney,Prepaid,Recharge,Recharge $5,USSD,,5,Successful,
TXN001181,2024-03-03,CUST00331,Brisbane,Prepaid,Recharge,Recharge $1,Mobile App,,1,Successful,
TXN001243,2024-03-03,CUST00369,Melbourne,Prepaid,SMS Bundle,SMS 200,Agent,,2.5,Successful,
TXN001870,2024-03-03,CUST00320,Brisbane,Prepaid,Recharge,Recharge $1,Mobile App,,-1,Reversed,
TXN001919,2024-03-03,CUST00721,Unknown,Prepaid,Voice Bundle,Voice 100min,Web,,0,Failed,imputed
TXN002241,2024-03-03,CUST00655,Melbourne,Prepaid,Data Bundle,Data 1GB Daily,Web,1024,3.5,Successful,
TXN002308,2024-03-03,CUST00891,Canberra,Postpaid,SMS Bundle,SMS 200,Web,,2.5,Successful,imputed
TXN003025,2024-03-03,CUST00064,Sydney,Postpaid,Data Bundle,Data 10GB Monthly,Mobile App,10240,35,Successful,
TXN003048,2024-03-03,CUST00887,Sydney,Prepaid,Data Bundle,Data 40GB Monthly,Web,40960,0,Failed,
TXN003145,2024-03-03,CUST00821,Sydney,Prepaid,Data Bundle,Data 1GB Daily,Mobile App,1024,3.5,Successful,
TXN003650,2024-03-03,CUST00360,Sydney,Prepaid,Data Bundle,Data 6GB Monthly,Mobile App,6144,25,Successful,
TXN000006,2024-03-04,CUST00280,Adelaide,Prepaid,Data Bundle,Data 6GB Monthly,Mobile App,6144,25,Successful,
TXN000397,2024-03-04,CUST00216,Sydney,Prepaid,SMS Bundle,SMS 200,USSD,,2.5,Successful,
TXN000635,2024-03-04,CUST00112,Brisbane,Prepaid,Recharge,Recharge $20,USSD,,20,Successful,
TXN000878,2024-03-04,CUST00602,Brisbane,Prepaid,Data Bundle,Data 2GB Weekly,Mobile App,2048,8,Successful,
TXN000979,2024-03-04,CUST00499,Melbourne,Prepaid,Data Bundle,Data 10GB Monthly,USSD,10240,35,Successful,imputed
TXN001053,2024-03-04,CUST00389,Canberra,Postpaid,Data Bundle,Data 10GB Monthly,USSD,10240,35,Successful,
TXN001107,2024-03-04,CUST00504,Unknown,Prepaid,SMS Bundle,SMS 200,USSD,,-2.5,Reversed,
TXN001484,2024-03-04,CUST00406,Melbourne,Prepaid,Recharge,Recharge $2,Web,,2,Successful,
TXN001785,2024-03-04,CUST00488,Sydney,Prepaid,Recharge,Recharge $2,Agent,,2,Successful,
TXN001859,2024-03-04,CUST00457,Sydney,Prepaid,Data Bundle,Data 2GB Weekly,Web,2048,8,Successful,
TXN002042,2024-03-04,CUST00791,Melbourne,Postpaid,Data Bundle,Data 6GB Monthly,Mobile App,6144,25,Successful,
TXN002463,2024-03-04,CUST00273,Sydney,Prepaid,SMS Bundle,SMS 200,Mobile App,,2.5,Successful,
TXN002599,2024-03-04,CUST00545,Melbourne,Prepaid,Recharge,Recharge $20,USSD,,20,Successful,
TXN002795,2024-03-04,CUST00561,Hobart,Postpaid,Recharge,Recharge $20,Agent,,20,Successful,
TXN003195,2024-03-04,CUST00399,Melbourne,Postpaid,Data Bundle,Data 6GB Monthly,Agent,6144,25,Successful,
TXN003505,2024-03-04,CUST00599,Brisbane,Postpaid,Data Bundle,Data 10GB Monthly,Agent,10240,35,Successful,imputed
TXN003550,2024-03-04,CUST00507,Brisbane,Prepaid,Data Bundle,Data 40GB Monthly,Agent,40960,110,Successful,
TXN000549,2024-03-05,CUST00679,Sydney,Prepaid,Recharge,Recharge $5,Web,,5,Successful,
TXN000674,2024-03-05,CUST00705,Sydney,Prepaid,SMS Bundle,SMS 200,USSD,,2.5,Successful,
TXN001156,2024-03-05,CUST00651,Adelaide,Prepaid,Recharge,Recharge $10,Web,,10,Successful,
TXN001263,2024-03-05,CUST00719,Sydney,Prepaid,SMS Bundle,SMS 200,Mobile App,,0,Failed,
TXN002410,2024-03-05,CUST00455,Sydney,Prepaid,Recharge,Recharge $1,Agent,,1,Successful,
TXN002572,2024-03-05,CUST00105,Melbourne,Postpaid,Data Bundle,Data 40GB Monthly,Web,40960,110,Successful,
TXN003344,2024-03-05,CUST00406,Melbourne,Prepaid,Recharge,Recharge $1,Mobile App,,1,Successful,
TXN003841,2024-03-05,CUST00070,Adelaide,Prepaid,Data Bundle,Data 1GB Daily,Web,1024,0,Failed,
TXN003967,2024-03-05,CUST00311,Sydney,Prepaid,SMS Bundle,SMS 200,Mobile App,,2.5,Successful,
TXN000088,2024-03-06,CUST00529,Melbourne,Prepaid,Recharge,Recharge $10,Web,,10,Successful,
TXN000439,2024-03-06,CUST00107,Melbourne,Prepaid,Recharge,Recharge $20,Web,,20,Successful,imputed
TXN000890,2024-03-06,CUST00204,Sydney,Prepaid,Recharge,Recharge $2,Mobile App,,0,Failed,
TXN000891,2024-03-06,CUST00183,Melbourne,Prepaid,Recharge,Recharge $1,Mobile App,,1,Successful,
TXN001578,2024-03-06,CUST00256,Sydney,Prepaid,Recharge,Recharge $5,Web,,5,Successful,
TXN003231,2024-03-06,CUST00190,Sydney,Postpaid,Voice Bundle,Voice 300min,Agent,,11,Successful,
TXN003239,2024-03-06,CUST00198,Sydney,Prepaid,Recharge,Recharge $20,USSD,,20,Successful,imputed
TXN003337,2024-03-06,CUST00016,Unknown,Prepaid,Recharge,Recharge $1,Mobile App,,1,Successful,
TXN003493,2024-03-06,CUST00469,Brisbane,Postpaid,Recharge,Recharge $5,Web,,0,Failed,
TXN003607,2024-03-06,CUST00615,Melbourne,Postpaid,Recharge,Recharge $10,USSD,,10,Successful,
TXN003768,2024-03-06,CUST00796,Unknown,Postpaid,Data Bundle,Data 40GB Monthly,Agent,40960,110,Successful,
TXN003800,2024-03-06,CUST00114,Brisbane,Postpaid,Voice Bundle,Voice 300min,USSD,,0,Failed,
TXN004175,2024-03-06,CUST00611,Brisbane,Prepaid,Recharge,Recharge $5,USSD,,5,Successful,
TXN000025,2024-03-07,CUST00355,Sydney,Prepaid,Recharge,Recharge $1,Web,,1,Successful,
TXN000302,2024-03-07,CUST00358,Melbourne,Prepaid,Recharge,Recharge $5,Web,,5,Successful,
TXN000680,2024-03-07,CUST00542,Sydney,Prepaid,Voice Bundle,Voice 100min,USSD,,4.5,Successful,
TXN001062,2024-03-07,CUST00033,Hobart,Prepaid,SMS Bundle,SMS 200,Web,,2.5,Successful,
TXN001155,2024-03-07,CUST00485,Brisbane,Postpaid,Voice Bundle,Voice 300min,Agent,,11,Successful,
TXN001512,2024-03-07,CUST00351,Perth,Postpaid,Recharge,Recharge $10,USSD,,10,Successful,
TXN001692,2024-03-07,CUST00730,Adelaide,Prepaid,Data Bundle,Data 6GB Monthly,Web,6144,25,Successful,
TXN002045,2024-03-07,CUST00245,Brisbane,Prepaid,Data Bundle,Data 10GB Monthly,Agent,10240,35,Successful,
TXN002311,2024-03-07,CUST00502,Brisbane,Postpaid,Data Bundle,Data 1GB Daily,USSD,1024,3.5,Successful,
TXN002520,2024-03-07,CUST00716,Adelaide,Prepaid,Data Bundle,Data 6GB Monthly,Web,6144,25,Successful,
TXN002817,2024-03-07,CUST00855,Sydney,Postpaid,Voice Bundle,Voice 300min,Web,,11,Successful,
TXN003251,2024-03-07,CUST00683,Adelaide,Prepaid,Data Bundle,Data 2GB Weekly,Web,2048,8,Successful,
TXN003908,2024-03-07,CUST00585,Sydney,Prepaid,Data Bundle,Data 2GB Weekly,USSD,2048,8,Successful,
TXN003929,2024-03-07,CUST00314,Sydney,Prepaid,Recharge,Recharge $1,USSD,,1,Successful,
TXN003938,2024-03-07,CUST00459,Perth,Prepaid,Recharge,Recharge $5,Web,,5,Successful,
TXN000905,2024-03-08,CUST00026,Melbourne,Prepaid,Recharge,Recharge $1,Agent,,1,Successful,
TXN000960,2024-03-08,CUST00435,Sydney,Prepaid,Data Bundle,Data 1GB Daily,Mobile App,1024,3.5,Successful,
TXN003182,2024-03-08,CUST00771,Hobart,Prepaid,Recharge,Recharge $5,Web,,-5,Reversed,
TXN003240,2024-03-08,CUST00816,Sydney,Prepaid,Recharge,Recharge $2,Web,,2,Successful,
TXN003498,2024-03-08,CUST00320,Unknown,Prepaid,Voice Bundle,Voice 100min,Mobile App,,4.5,Successful,
TXN003912,2024-03-08,CUST00052,Perth,Prepaid,Recharge,Recharge $1,Agent,,1,Successful,
TXN003999,2024-03-08,CUST00839,Brisbane,Prepaid,Voice Bundle,Voice 100min,USSD,,4.5,Successful,
TXN000736,2024-03-09,CUST00845,Adelaide,Prepaid,Recharge,Recharge $5,Agent,,5,Successful,
TXN001597,2024-03-09,CUST00073,Melbourne,Prepaid,Recharge,Recharge $10,Mobile App,,10,Successful,
TXN001773,2024-03-09,CUST00343,Sydney,Prepaid,Data Bundle,Data 2GB Weekly,Web,2048,8,Successful,imputed
TXN002303,2024-03-09,CUST00055,Melbourne,Postpaid,Data Bundle,Data 40GB Monthly,Mobile App,40960,110,Successful,
TXN002767,2024-03-09,CUST00019,Adelaide,Prepaid,Recharge,Recharge $1,Mobile App,,1,Successful,
TXN002987,2024-03-09,CUST00432,Perth,Postpaid,Recharge,Recharge $10,Web,,10,Successful,
TXN003131,2024-03-09,CUST00158,Adelaide,Postpaid,Recharge,Recharge $2,Web,,2,Successful,
TXN003394,2024-03-09,CUST00888,Canberra,Prepaid,Data Bundle,Data 6GB Monthly,Mobile App,6144,-25,Reversed,
TXN003492,2024-03-09,CUST00611,Brisbane,Prepaid,Recharge,Recharge $2,USSD,,2,Successful,
TXN004192,2024-03-09,CUST00130,Sydney,Postpaid,Recharge,Recharge $20,Agent,,20,Successful,outlier_corrected
TXN000097,2024-03-10,CUST00569,Melbourne,Prepaid,Recharge,Recharge $5,USSD,,5,Successful,
TXN000214,2024-03-10,CUST00890,Perth,Prepaid,Data Bundle,Data 6GB Monthly,Web,6144,25,Successful,
TXN000226,2024-03-10,CUST00259,Sydney,Prepaid,Data Bundle,Data 10GB Monthly,USSD,10240,35,Successful,
TXN000258,2024-03-10,CUST00660,Sydney,Prepaid,Recharge,Recharge $1,USSD,,1,Successful,imputed
TXN000473,2024-03-10,CUST00587,Sydney,Prepaid,Recharge,Recharge $10,Mobile App,,0,Failed,
TXN000921,2024-03-10,CUST00291,Sydney,Postpaid,Recharge,Recharge $2,USSD,,0,Failed,
TXN001289,2024-03-10,CUST00024,Sydney,Prepaid,Data Bundle,Data 2GB Weekly,Mobile App,2048,0,Failed,imputed
TXN002243,2024-03-10,CUST00153,Sydney,Prepaid,Recharge,Recharge $20,Mobile App,,-20,Reversed,
TXN002524,2024-03-10,CUST00691,Canberra,Postpaid,Voice Bundle,Voice 100min,Agent,,4.5,Successful,
TXN003485,2024-03-10,CUST00519,Sydney,Prepaid,Data Bundle,Data 40GB Monthly,Agent,40960,110,Successful,
TXN000544,2024-03-11,CUST00201,Melbourne,Prepaid,Data Bundle,Data 6GB Monthly,Web,6144,25,Successful,
TXN001103,2024-03-11,CUST00836,Melbourne,Postpaid,Recharge,Recharge $10,Agent,,10,Successful,
TXN001368,2024-03-11,CUST00119,Hobart,Prepaid,Recharge,Recharge $5,Mobile App,,5,Successful,
TXN001695,2024-03-11,CUST00053,Unknown,Prepaid,Recharge,Recharge $2,Web,,2,Successful,
TXN001778,2024-03-11,CUST00850,Melbourne,Prepaid,SMS Bundle,SMS 200,Agent,,2.5,Successful,
TXN002027,2024-03-11,CUST00524,Sydney,Prepaid,Recharge,Recharge $1,Mobile App,,-1,Reversed,
TXN002188,2024-03-11,CUST00072,Sydney,Postpaid,Voice Bundle,Voice 300min,Web,,11,Successful,
TXN002244,2024-03-11,CUST00851,Brisbane,Prepaid,Recharge,Recharge $2,Agent,,2,Successful,
TXN002901,2024-03-11,CUST00708,Sydney,Prepaid,Recharge,Recharge $5,Mobile App,,-5,Reversed,
TXN003813,2024-03-11,CUST00284,Sydney,Postpaid,Data Bundle,Data 6GB Monthly,Web,6144,25,Successful,
TXN004008,2024-03-11,CUST00894,Perth,Prepaid,Recharge,Recharge $1,USSD,,1,Successful,imputed
TXN004029,2024-03-11,CUST00675,Melbourne,Prepaid,Voice Bundle,Voice 100min,Web,,4.5,Successful,
TXN000339,2024-03-12,CUST00154,Unknown,Postpaid,Data Bundle,Data 10GB Monthly,Web,10240,35,Successful,
TXN001057,2024-03-12,CUST00740,Brisbane,Postpaid,Data Bundle,Data 1GB Daily,Mobile App,1024,3.5,Successful,
TXN002265,2024-03-12,CUST00146,Sydney,Prepaid,Recharge,Recharge $2,Agent,,2,Successful,
TXN002573,2024-03-12,CUST00187,Adelaide,Prepaid,Recharge,Recharge $2,Web,,2,Successful,
TXN002699,2024-03-12,CUST00582,Perth,Prepaid,Recharge,Recharge $5,USSD,,5,Successful,
TXN002725,2024-03-12,CUST00210,Hobart,Prepaid,Data Bundle,Data 40GB Monthly,Mobile App,40960,110,Successful,
TXN002774,2024-03-12,CUST00479,Sydney,Prepaid,Recharge,Recharge $10,Mobile App,,0,Failed,
TXN002990,2024-03-12,CUST00306,Perth,Prepaid,Data Bundle,Data 1GB Daily,Mobile App,1024,3.5,Successful,
TXN003854,2024-03-12,CUST00263,Unknown,Prepaid,Recharge,Recharge $2,Agent,,2,Successful,imputed
TXN004172,2024-03-12,CUST00215,Adelaide,Prepaid,Recharge,Recharge $2,USSD,,2,Successful,
TXN000163,2024-03-13,CUST00134,Brisbane,Postpaid,Data Bundle,Data 6GB Monthly,Agent,6144,25,Successful,
TXN000192,2024-03-13,CUST00351,Perth,Postpaid,Recharge,Recharge $2,USSD,,2,Successful,
TXN000211,2024-03-13,CUST00039,Hobart,Prepaid,Data Bundle,Data 1GB Daily,USSD,1024,3.5,Successful,imputed
TXN000568,2024-03-13,CUST00054,Sydney,Prepaid,Recharge,Recharge $10,Mobile App,,10,Successful,
TXN000586,2024-03-13,CUST00554,Perth,Postpaid,Data Bundle,Data 40GB Monthly,Agent,40960,-110,Reversed,
TXN000750,2024-03-13,CUST00704,Hobart,Prepaid,Data Bundle,Data 6GB Monthly,USSD,6144,25,Successful,imputed
TXN000777,2024-03-13,CUST00806,Perth,Prepaid,Recharge,Recharge $10,Agent,,10,Successful,
TXN000918,2024-03-13,CUST00391,Adelaide,Prepaid,Recharge,Recharge $10,Agent,,10,Successful,
TXN000945,2024-03-13,CUST00332,Canberra,Prepaid,Recharge,Recharge $1,Mobile App,,1,Successful,
TXN001312,2024-03-13,CUST00046,Sydney,Prepaid,Recharge,Recharge $10,Agent,,0,Failed,
TXN002185,2024-03-13,CUST00225,Adelaide,Prepaid,SMS Bundle,SMS 200,Agent,,2.5,Successful,
TXN003040,2024-03-13,CUST00698,Adelaide,Prepaid,Recharge,Recharge $2,USSD,,2,Successful,
TXN003233,2024-03-13,CUST00808,Melbourne,Prepaid,Recharge,Recharge $1,Agent,,1,Successful,
TXN004085,2024-03-13,CUST00796,Hobart,Postpaid,Data Bundle,Data 6GB Monthly,USSD,6144,25,Successful,
TXN000103,2024-03-14,CUST00560,Brisbane,Postpaid,Voice Bundle,Voice 100min,Agent,,4.5,Successful,
TXN000718,2024-03-14,CUST00650,Melbourne,Prepaid,Recharge,Recharge $5,Mobile App,,5,Successful,
TXN000943,2024-03-14,CUST00742,Sydney,Prepaid,Data Bundle,Data 10GB Monthly,Mobile App,10240,-35,Reversed,
TXN001364,2024-03-14,CUST00728,Brisbane,Postpaid,Data Bundle,Data 6GB Monthly,Mobile App,6144,25,Successful,
TXN001908,2024-03-14,CUST00603,Melbourne,Prepaid,Recharge,Recharge $2,Agent,,2,Successful,
TXN002029,2024-03-14,CUST00417,Brisbane,Prepaid,Data Bundle,Data 1GB Daily,Agent,1024,3.5,Successful,imputed
TXN002105,2024-03-14,CUST00116,Sydney,Prepaid,Recharge,Recharge $20,Mobile App,,20,Successful,
TXN002388,2024-03-14,CUST00011,Adelaide,Prepaid,Recharge,Recharge $1,Agent,,1,Successful,
TXN002553,2024-03-14,CUST00225,Adelaide,Prepaid,Recharge,Recharge $1,Web,,1,Successful,
TXN002602,2024-03-14,CUST00059,Sydney,Prepaid,Recharge,Recharge $1,Mobile App,,1,Successful,
TXN002855,2024-03-14,CUST00486,Sydney,Prepaid,SMS Bundle,SMS 200,Web,,-2.5,Reversed,
TXN002916,2024-03-14,CUST00458,Brisbane,Prepaid,Data Bundle,Data 6GB Monthly,USSD,6144,25,Successful,
TXN003407,2024-03-14,CUST00680,Hobart,Prepaid,Voice Bundle,Voice 100min,USSD,,4.5,Successful,
TXN000275,2024-03-15,CUST00837,Perth,Prepaid,Data Bundle,Data 6GB Monthly,Agent,6144,25,Successful,
TXN000483,2024-03-15,CUST00068,Sydney,Prepaid,Data Bundle,Data 2GB Weekly,Mobile App,2048,8,Successful,imputed
TXN000513,2024-03-15,CUST00494,Canberra,Prepaid,Recharge,Recharge $5,Web,,5,Successful,
TXN000657,2024-03-15,CUST00425,Perth,Prepaid,Data Bundle,Data 6GB Monthly,Mobile App,6144,-25,Reversed,
TXN001637,2024-03-15,CUST00406,Melbourne,Prepaid,Data Bundle,Data 2GB Weekly,Mobile App,2048,8,Successful,
TXN002364,2024-03-15,CUST00626,Brisbane,Prepaid,Data Bundle,Data 2GB Weekly,Web,2048,8,Successful,
TXN002477,2024-03-15,CUST00317,Sydney,Prepaid,SMS Bundle,SMS 200,USSD,,0,Failed,
TXN002521,2024-03-15,CUST00632,Unknown,Postpaid,Recharge,Recharge $2,Agent,,2,Successful,
TXN002813,2024-03-15,CUST00079,Sydney,Prepaid,Recharge,Recharge $5,USSD,,0,Failed,
TXN002845,2024-03-15,CUST00795,Melbourne,Postpaid,Recharge,Recharge $2,Agent,,2,Successful,
TXN002895,2024-03-15,CUST00580,Adelaide,Prepaid,SMS Bundle,SMS 200,Mobile App,,-2.5,Reversed,
TXN003544,2024-03-15,CUST00107,Melbourne,Prepaid,Recharge,Recharge $5,USSD,,5,Successful,
TXN003715,2024-03-15,CUST00371,Perth,Postpaid,Data Bundle,Data 10GB Monthly,USSD,10240,35,Successful,
TXN003795,2024-03-15,CUST00088,Adelaide,Prepaid,SMS Bundle,SMS 200,Mobile App,,2.5,Successful,
TXN004042,2024-03-15,CUST00789,Adelaide,Prepaid,Data Bundle,Data 1GB Daily,Web,1024,3.5,Successful,
TXN004086,2024-03-15,CUST00527,Brisbane,Prepaid,Data Bundle,Data 6GB Monthly,Mobile App,6144,25,Successful,
TXN900020,2024-03-15,CUST00789,Adelaide,Prepaid,Data Bundle,Data 1GB Daily,Web,1024,3.5,Successful,
TXN000602,2024-03-16,CUST00797,Sydney,Prepaid,Recharge,Recharge $1,Agent,,1,Successful,
TXN001075,2024-03-16,CUST00442,Sydney,Postpaid,Recharge,Recharge $20,USSD,,0,Failed,imputed
TXN001513,2024-03-16,CUST00666,Adelaide,Prepaid,Voice Bundle,Voice 300min,Mobile App,,11,Successful,
TXN001743,2024-03-16,CUST00823,Melbourne,Prepaid,Data Bundle,Data 1GB Daily,Agent,1024,3.5,Successful,
TXN001922,2024-03-16,CUST00727,Sydney,Postpaid,Data Bundle,Data 1GB Daily,Agent,1024,3.5,Successful,
TXN003341,2024-03-16,CUST00454,Perth,Prepaid,Data Bundle,Data 1GB Daily,USSD,1024,3.5,Successful,
TXN003499,2024-03-16,CUST00845,Adelaide,Prepaid,Data Bundle,Data 10GB Monthly,USSD,10240,35,Successful,
TXN003725,2024-03-16,CUST00652,Adelaide,Prepaid,Recharge,Recharge $5,Agent,,5,Successful,
TXN004153,2024-03-16,CUST00376,Sydney,Postpaid,Recharge,Recharge $2,Web,,2,Successful,
TXN000553,2024-03-17,CUST00639,Sydney,Prepaid,Data Bundle,Data 10GB Monthly,Mobile App,10240,35,Successful,
TXN001065,2024-03-17,CUST00130,Sydney,Postpaid,Data Bundle,Data 10GB Monthly,Agent,10240,0,Failed,imputed
TXN001238,2024-03-17,CUST00856,Brisbane,Prepaid,Recharge,Recharge $2,Agent,,2,Successful,
TXN001511,2024-03-17,CUST00664,Melbourne,Prepaid,Recharge,Recharge $20,USSD,,20,Successful,
TXN001569,2024-03-17,CUST00430,Sydney,Prepaid,Data Bundle,Data 10GB Monthly,Agent,10240,35,Successful,
TXN001628,2024-03-17,CUST00423,Hobart,Postpaid,Data Bundle,Data 6GB Monthly,Web,6144,25,Successful,
TXN002068,2024-03-17,CUST00637,Sydney,Prepaid,Data Bundle,Data 6GB Monthly,Mobile App,6144,0,Failed,
TXN002088,2024-03-17,CUST00785,Adelaide,Prepaid,Recharge,Recharge $5,USSD,,5,Successful,imputed
TXN002551,2024-03-17,CUST00204,Sydney,Prepaid,Data Bundle,Data 6GB Monthly,USSD,6144,0,Failed,
TXN002663,2024-03-17,CUST00228,Sydney,Prepaid,Recharge,Recharge $1,Mobile App,,1,Successful,
TXN002709,2024-03-17,CUST00584,Melbourne,Prepaid,Data Bundle,Data 40GB Monthly,Web,40960,110,Successful,
TXN002754,2024-03-17,CUST00121,Melbourne,Prepaid,Recharge,Recharge $5,USSD,,5,Successful,
TXN003259,2024-03-17,CUST00882,Brisbane,Prepaid,Recharge,Recharge $10,Mobile App,,10,Successful,
TXN003555,2024-03-17,CUST00384,Melbourne,Prepaid,Data Bundle,Data 1GB Daily,Web,1024,3.5,Successful,
TXN003670,2024-03-17,CUST00740,Brisbane,Postpaid,Recharge,Recharge $10,USSD,,10,Successful,
TXN900032,2024-03-17,CUST00856,Brisbane,Prepaid,Recharge,Recharge $2,Agent,,2,Successful,
TXN000356,2024-03-18,CUST00774,Hobart,Prepaid,Recharge,Recharge $2,Web,,2,Successful,
TXN000798,2024-03-18,CUST00633,Melbourne,Prepaid,Recharge,Recharge $2,Agent,,2,Successful,
TXN000812,2024-03-18,CUST00660,Sydney,Prepaid,Data Bundle,Data 1GB Daily,Agent,1024,3.5,Successful,
TXN000826,2024-03-18,CUST00765,Melbourne,Postpaid,SMS Bundle,SMS 200,Web,,2.5,Successful,
TXN000944,2024-03-18,CUST00640,Adelaide,Prepaid,Recharge,Recharge $1,Agent,,1,Successful,
TXN001438,2024-03-18,CUST00314,Sydney,Prepaid,Recharge,Recharge $1,Web,,1,Successful,
TXN001681,2024-03-18,CUST00571,Adelaide,Prepaid,Recharge,Recharge $1,USSD,,0,Failed,
TXN001873,2024-03-18,CUST00741,Brisbane,Prepaid,Data Bundle,Data 6GB Monthly,Mobile App,6144,25,Successful,
TXN002087,2024-03-18,CUST00850,Melbourne,Prepaid,Recharge,Recharge $10,Mobile App,,10,Successful,
TXN002450,2024-03-18,CUST00270,Adelaide,Prepaid,Recharge,Recharge $2,Agent,,2,Successful,
TXN002850,2024-03-18,CUST00347,Perth,Postpaid,Data Bundle,Data 1GB Daily,Mobile App,1024,-3.5,Reversed,
TXN003088,2024-03-18,CUST00041,Brisbane,Prepaid,Recharge,Recharge $2,Web,,2,Successful,
TXN003679,2024-03-18,CUST00602,Brisbane,Prepaid,Data Bundle,Data 1GB Daily,USSD,1024,3.5,Successful,
TXN004134,2024-03-18,CUST00809,Melbourne,Prepaid,Recharge,Recharge $10,USSD,,10,Successful,imputed
TXN000222,2024-03-19,CUST00051,Sydney,Prepaid,Recharge,Recharge $2,Mobile App,,0,Failed,
TXN000912,2024-03-19,CUST00486,Sydney,Prepaid,Recharge,Recharge $10,Agent,,10,Successful,
TXN000999,2024-03-19,CUST00893,Sydney,Prepaid,Data Bundle,Data 2GB Weekly,Web,2048,8,Successful,
TXN001177,2024-03-19,CUST00344,Brisbane,Prepaid,Data Bundle,Data 1GB Daily,Web,1024,3.5,Successful,
TXN001301,2024-03-19,CUST00244,Melbourne,Prepaid,Recharge,Recharge $10,USSD,,10,Successful,
TXN001355,2024-03-19,CUST00379,Brisbane,Prepaid,Recharge,Recharge $10,Web,,10,Successful,
TXN001421,2024-03-19,CUST00727,Sydney,Postpaid,Data Bundle,Data 2GB Weekly,Web,2048,8,Successful,
TXN001952,2024-03-19,CUST00464,Melbourne,Prepaid,SMS Bundle,SMS 200,Agent,,2.5,Successful,
TXN002143,2024-03-19,CUST00399,Melbourne,Postpaid,SMS Bundle,SMS 200,Mobile App,,2.5,Successful,
TXN002514,2024-03-19,CUST00047,Adelaide,Prepaid,Data Bundle,Data 40GB Monthly,Web,40960,110,Successful,
TXN002530,2024-03-19,CUST00150,Sydney,Postpaid,Data Bundle,Data 1GB Daily,Web,1024,3.5,Successful,
TXN003213,2024-03-19,CUST00389,Canberra,Postpaid,Data Bundle,Data 40GB Monthly,Web,40960,110,Successful,
TXN003511,2024-03-19,CUST00402,Brisbane,Postpaid,Recharge,Recharge $2,USSD,,2,Successful,
TXN000344,2024-03-20,CUST00088,Adelaide,Prepaid,Recharge,Recharge $20,Web,,20,Successful,
TXN000854,2024-03-20,CUST00350,Melbourne,Prepaid,Voice Bundle,Voice 300min,USSD,,11,Successful,
TXN001709,2024-03-20,CUST00071,Melbourne,Prepaid,Recharge,Recharge $10,Mobile App,,10,Successful,
TXN001761,2024-03-20,CUST00406,Melbourne,Prepaid,Recharge,Recharge $5,USSD,,5,Successful,
TXN002007,2024-03-20,CUST00464,Melbourne,Prepaid,Data Bundle,Data 1GB Daily,Web,1024,3.5,Successful,
TXN002151,2024-03-20,CUST00747,Unknown,Prepaid,Recharge,Recharge $10,USSD,,10,Successful,
TXN002435,2024-03-20,CUST00668,Perth,Prepaid,Data Bundle,Data 2GB Weekly,USSD,2048,8,Successful,
TXN002480,2024-03-20,CUST00125,Perth,Prepaid,Data Bundle,Data 2GB Weekly,Web,2048,8,Successful,
TXN002597,2024-03-20,CUST00675,Melbourne,Prepaid,Voice Bundle,Voice 300min,Mobile App,,11,Successful,
TXN002971,2024-03-20,CUST00614,Adelaide,Prepaid,Data Bundle,Data 1GB Daily,Agent,1024,3.5,Successful,
TXN004161,2024-03-20,CUST00656,Sydney,Prepaid,Data Bundle,Data 1GB Daily,Web,1024,3.5,Successful,
TXN000089,2024-03-21,CUST00645,Unknown,Prepaid,Recharge,Recharge $10,Mobile App,,10,Successful,
TXN000096,2024-03-21,CUST00434,Sydney,Prepaid,Voice Bundle,Voice 300min,Mobile App,,11,Successful,
TXN000295,2024-03-21,CUST00850,Melbourne,Prepaid,Data Bundle,Data 2GB Weekly,Mobile App,2048,8,Successful,imputed
TXN001626,2024-03-21,CUST00897,Brisbane,Postpaid,Recharge,Recharge $1,USSD,,1,Successful,
TXN001641,2024-03-21,CUST00856,Brisbane,Prepaid,Recharge,Recharge $1,Web,,1,Successful,
TXN001831,2024-03-21,CUST00580,Adelaide,Prepaid,Data Bundle,Data 1GB Daily,Agent,1024,3.5,Successful,
TXN002135,2024-03-21,CUST00659,Sydney,Postpaid,Recharge,Recharge $2,USSD,,-2,Reversed,
TXN002878,2024-03-21,CUST00884,Sydney,Postpaid,SMS Bundle,SMS 200,Agent,,2.5,Successful,
TXN002983,2024-03-21,CUST00579,Melbourne,Prepaid,Recharge,Recharge $5,USSD,,0,Failed,
TXN003117,2024-03-21,CUST00308,Brisbane,Prepaid,Recharge,Recharge $10,Web,,10,Successful,
TXN003313,2024-03-21,CUST00150,Sydney,Postpaid,Recharge,Recharge $5,Web,,5,Successful,imputed
TXN003985,2024-03-21,CUST00092,Canberra,Prepaid,Recharge,Recharge $1,USSD,,1,Successful,imputed
TXN000159,2024-03-22,CUST00093,Melbourne,Prepaid,Data Bundle,Data 2GB Weekly,Mobile App,2048,8,Successful,
TXN000333,2024-03-22,CUST00379,Brisbane,Prepaid,Voice Bundle,Voice 100min,Web,,4.5,Successful,
TXN000437,2024-03-22,CUST00195,Canberra,Prepaid,Data Bundle,Data 1GB Daily,Web,1024,3.5,Successful,
TXN000792,2024-03-22,CUST00520,Unknown,Prepaid,Data Bundle,Data 1GB Daily,Web,1024,3.5,Successful,
TXN001028,2024-03-22,CUST00558,Sydney,Postpaid,Recharge,Recharge $20,Agent,,20,Successful,
TXN001514,2024-03-22,CUST00760,Melbourne,Prepaid,Data Bundle,Data 1GB Daily,USSD,1024,3.5,Successful,
TXN001591,2024-03-22,CUST00384,Melbourne,Prepaid,Data Bundle,Data 1GB Daily,Mobile App,1024,3.5,Successful,
TXN001825,2024-03-22,CUST00681,Sydney,Postpaid,Data Bundle,Data 6GB Monthly,Mobile App,6144,25,Successful,
TXN002232,2024-03-22,CUST00342,Sydney,Prepaid,Recharge,Recharge $10,Web,,10,Successful,
TXN002257,2024-03-22,CUST00811,Melbourne,Postpaid,Voice Bundle,Voice 300min,Web,,11,Successful,
TXN003709,2024-03-22,CUST00076,Canberra,Prepaid,Data Bundle,Data 2GB Weekly,Mobile App,2048,8,Successful,
TXN003764,2024-03-22,CUST00479,Sydney,Prepaid,Recharge,Recharge $2,Agent,,0,Failed,
TXN003847,2024-03-22,CUST00168,Hobart,Postpaid,Data Bundle,Data 40GB Monthly,Mobile App,40960,110,Successful,imputed
TXN003997,2024-03-22,CUST00233,Brisbane,Prepaid,Recharge,Recharge $5,Web,,5,Successful,
TXN000286,2024-03-23,CUST00206,Adelaide,Prepaid,Recharge,Recharge $5,Mobile App,,5,Successful,
TXN000353,2024-03-23,CUST00264,Canberra,Prepaid,Recharge,Recharge $1,USSD,,1,Successful,
TXN000560,2024-03-23,CUST00297,Sydney,Prepaid,Recharge,Recharge $5,Agent,,5,Successful,
TXN000869,2024-03-23,CUST00756,Brisbane,Prepaid,Voice Bundle,Voice 300min,Agent,,11,Successful,
TXN001233,2024-03-23,CUST00097,Sydney,Postpaid,Voice Bundle,Voice 300min,Mobile App,,-11,Reversed,
TXN001800,2024-03-23,CUST00758,Melbourne,Prepaid,Recharge,Recharge $1,Agent,,1,Successful,
TXN001967,2024-03-23,CUST00482,Adelaide,Postpaid,Data Bundle,Data 40GB Monthly,Mobile App,40960,110,Successful,
TXN002416,2024-03-23,CUST00863,Adelaide,Prepaid,Recharge,Recharge $2,Mobile App,,2,Successful,
TXN003253,2024-03-23,CUST00297,Sydney,Prepaid,Voice Bundle,Voice 300min,USSD,,0,Failed,imputed
TXN003576,2024-03-23,CUST00399,Melbourne,Postpaid,Voice Bundle,Voice 300min,Mobile App,,11,Successful,
TXN003742,2024-03-23,CUST00768,Hobart,Prepaid,Data Bundle,Data 1GB Daily,Mobile App,1024,3.5,Successful,
TXN000399,2024-03-24,CUST00317,Sydney,Prepaid,Data Bundle,Data 1GB Daily,Mobile App,1024,0,Failed,imputed
TXN000591,2024-03-24,CUST00037,Hobart,Prepaid,Recharge,Recharge $20,Agent,,20,Successful,
TXN000779,2024-03-24,CUST00217,Sydney,Postpaid,Voice Bundle,Voice 300min,USSD,,0,Failed,imputed
TXN001014,2024-03-24,CUST00215,Adelaide,Prepaid,Data Bundle,Data 2GB Weekly,USSD,2048,8,Successful,
TXN001403,2024-03-24,CUST00607,Hobart,Prepaid,Recharge,Recharge $2,Mobile App,,2,Successful,imputed
TXN001470,2024-03-24,CUST00023,Sydney,Prepaid,Data Bundle,Data 2GB Weekly,Web,2048,8,Successful,
TXN002412,2024-03-24,CUST00090,Melbourne,Prepaid,Recharge,Recharge $10,USSD,,10,Successful,
TXN002588,2024-03-24,CUST00100,Canberra,Postpaid,Data Bundle,Data 10GB Monthly,USSD,10240,35,Successful,
TXN003235,2024-03-24,CUST00256,Sydney,Prepaid,Recharge,Recharge $1,Agent,,1,Successful,
TXN003333,2024-03-24,CUST00692,Perth,Prepaid,Recharge,Recharge $2,USSD,,2,Successful,imputed
TXN003494,2024-03-24,CUST00458,Brisbane,Prepaid,Recharge,Recharge $2,Agent,,2,Successful,
TXN003518,2024-03-24,CUST00567,Sydney,Prepaid,Recharge,Recharge $2,Agent,,0,Failed,
TXN003738,2024-03-24,CUST00892,Canberra,Postpaid,Data Bundle,Data 40GB Monthly,Web,40960,110,Successful,imputed
TXN003939,2024-03-24,CUST00529,Melbourne,Prepaid,Recharge,Recharge $1,USSD,,1,Successful,
TXN000379,2024-03-25,CUST00503,Melbourne,Prepaid,Recharge,Recharge $10,Mobile App,,10,Successful,
TXN000949,2024-03-25,CUST00341,Perth,Prepaid,SMS Bundle,SMS 200,USSD,,2.5,Successful,
TXN000980,2024-03-25,CUST00768,Hobart,Prepaid,SMS Bundle,SMS 200,Web,,2.5,Successful,
TXN001323,2024-03-25,CUST00452,Canberra,Prepaid,Voice Bundle,Voice 100min,Mobile App,,4.5,Successful,
TXN002957,2024-03-25,CUST00337,Canberra,Prepaid,Data Bundle,Data 1GB Daily,Web,1024,3.5,Successful,
TXN003199,2024-03-25,CUST00102,Hobart,Prepaid,Recharge,Recharge $5,USSD,,5,Successful,
TXN003475,2024-03-25,CUST00282,Brisbane,Prepaid,Data Bundle,Data 2GB Weekly,Mobile App,2048,8,Successful,
TXN003986,2024-03-25,CUST00230,Unknown,Prepaid,Recharge,Recharge $2,USSD,,-2,Reversed,
TXN900034,2024-03-25,CUST00282,Brisbane,Prepaid,Data Bundle,Data 2GB Weekly,Mobile App,2048,8,Successful,
TXN000358,2024-03-26,CUST00766,Sydney,Postpaid,Recharge,Recharge $2,Agent,,2,Successful,
TXN000712,2024-03-26,CUST00438,Hobart,Prepaid,Data Bundle,Data 10GB Monthly,Agent,10240,35,Successful,
TXN000806,2024-03-26,CUST00807,Perth,Prepaid,Voice Bundle,Voice 300min,Agent,,11,Successful,
TXN001903,2024-03-26,CUST00569,Melbourne,Prepaid,SMS Bundle,SMS 200,Mobile App,,2.5,Successful,imputed
TXN002224,2024-03-26,CUST00040,Sydney,Prepaid,Recharge,Recharge $10,Web,,0,Failed,imputed
TXN002302,2024-03-26,CUST00874,Perth,Prepaid,Recharge,Recharge $2,Mobile App,,-2,Reversed,
TXN002668,2024-03-26,CUST00747,Canberra,Prepaid,Recharge,Recharge $1,USSD,,1,Successful,
TXN003074,2024-03-26,CUST00135,Perth,Prepaid,Recharge,Recharge $20,Agent,,0,Failed,
TXN003177,2024-03-26,CUST00785,Adelaide,Prepaid,Voice Bundle,Voice 100min,Agent,,4.5,Successful,
TXN003585,2024-03-26,CUST00724,Sydney,Prepaid,Data Bundle,Data 2GB Weekly,Agent,2048,8,Successful,
TXN000414,2024-03-27,CUST00186,Brisbane,Prepaid,Recharge,Recharge $5,Mobile App,,0,Failed,imputed
TXN000747,2024-03-27,CUST00615,Melbourne,Postpaid,Data Bundle,Data 10GB Monthly,Web,10240,35,Successful,
TXN000861,2024-03-27,CUST00008,Perth,Prepaid,Recharge,Recharge $1,Web,,1,Successful,
TXN000902,2024-03-27,CUST00586,Sydney,Prepaid,Data Bundle,Data 1GB Daily,USSD,1024,0,Failed,imputed
TXN001293,2024-03-27,CUST00143,Melbourne,Postpaid,Voice Bundle,Voice 300min,USSD,,11,Successful,
TXN001740,2024-03-27,CUST00402,Brisbane,Postpaid,Recharge,Recharge $10,Web,,10,Successful,
TXN002671,2024-03-27,CUST00318,Sydney,Prepaid,Data Bundle,Data 1GB Daily,Web,1024,3.5,Successful,
TXN002717,2024-03-27,CUST00358,Melbourne,Prepaid,Recharge,Recharge $10,Mobile App,,0,Failed,
TXN003106,2024-03-27,CUST00851,Brisbane,Prepaid,Data Bundle,Data 2GB Weekly,Agent,2048,8,Successful,
TXN003428,2024-03-27,CUST00156,Unknown,Prepaid,SMS Bundle,SMS 200,Agent,,2.5,Successful,
TXN003796,2024-03-27,CUST00060,Brisbane,Prepaid,Data Bundle,Data 1GB Daily,Mobile App,1024,3.5,Successful,
TXN000028,2024-03-28,CUST00553,Adelaide,Postpaid,Data Bundle,Data 2GB Weekly,Agent,2048,8,Successful,
TXN001096,2024-03-28,CUST00471,Adelaide,Prepaid,Data Bundle,Data 1GB Daily,Mobile App,1024,3.5,Successful,
TXN001393,2024-03-28,CUST00171,Adelaide,Prepaid,Voice Bundle,Voice 100min,Web,,4.5,Successful,
TXN001510,2024-03-28,CUST00660,Sydney,Prepaid,Data Bundle,Data 1GB Daily,Web,1024,3.5,Successful,
TXN002533,2024-03-28,CUST00708,Sydney,Prepaid,Recharge,Recharge $1,Agent,,-1,Reversed,
TXN003361,2024-03-28,CUST00600,Hobart,Prepaid,Data Bundle,Data 10GB Monthly,Agent,10240,35,Successful,
TXN003476,2024-03-28,CUST00186,Brisbane,Prepaid,Data Bundle,Data 1GB Daily,USSD,1024,3.5,Successful,
TXN000171,2024-04-01,CUST00398,Sydney,Prepaid,Recharge,Recharge $2,Agent,,2,Successful,imputed
TXN000256,2024-04-01,CUST00339,Adelaide,Postpaid,Voice Bundle,Voice 300min,Web,,11,Successful,
TXN000364,2024-04-01,CUST00369,Melbourne,Prepaid,SMS Bundle,SMS 200,Agent,,2.5,Successful,
TXN001474,2024-04-01,CUST00695,Sydney,Prepaid,Recharge,Recharge $1,Mobile App,,1,Successful,
TXN002036,2024-04-01,CUST00418,Perth,Prepaid,Recharge,Recharge $10,Agent,,10,Successful,imputed
TXN002147,2024-04-01,CUST00845,Adelaide,Prepaid,Data Bundle,Data 1GB Daily,USSD,1024,3.5,Successful,
TXN002275,2024-04-01,CUST00714,Perth,Postpaid,Data Bundle,Data 1GB Daily,Web,1024,0,Failed,imputed
TXN002409,2024-04-01,CUST00523,Adelaide,Prepaid,Voice Bundle,Voice 100min,Web,,-4.5,Reversed,
TXN002577,2024-04-01,CUST00013,Canberra,Prepaid,Data Bundle,Data 40GB Monthly,Web,40960,110,Successful,
TXN002820,2024-04-01,CUST00818,Canberra,Prepaid,Data Bundle,Data 2GB Weekly,Agent,2048,8,Successful,
TXN003012,2024-04-01,CUST00223,Unknown,Prepaid,Data Bundle,Data 10GB Monthly,Mobile App,10240,35,Successful,
TXN003045,2024-04-01,CUST00308,Brisbane,Prepaid,Recharge,Recharge $20,Web,,-20,Reversed,
TXN003140,2024-04-01,CUST00625,Hobart,Prepaid,Voice Bundle,Voice 300min,Agent,,11,Successful,
TXN003210,2024-04-01,CUST00124,Sydney,Prepaid,Recharge,Recharge $2,Agent,,2,Successful,
TXN003363,2024-04-01,CUST00621,Sydney,Prepaid,SMS Bundle,SMS 200,Agent,,0,Failed,imputed
TXN003848,2024-04-01,CUST00259,Sydney,Prepaid,Data Bundle,Data 2GB Weekly,Web,2048,0,Failed,
TXN000030,2024-04-02,CUST00424,Melbourne,Prepaid,Voice Bundle,Voice 100min,Web,,4.5,Successful,
TXN000470,2024-04-02,CUST00514,Sydney,Postpaid,Voice Bundle,Voice 300min,USSD,,11,Successful,
TXN000642,2024-04-02,CUST00166,Adelaide,Prepaid,Recharge,Recharge $1,Mobile App,,1,Successful,
TXN001153,2024-04-02,CUST00118,Sydney,Prepaid,SMS Bundle,SMS 200,Mobile App,,0,Failed,
TXN001296,2024-04-02,CUST00133,Adelaide,Prepaid,Recharge,Recharge $20,Agent,,20,Successful,
TXN001601,2024-04-02,CUST00897,Brisbane,Postpaid,Voice Bundle,Voice 300min,Web,,11,Successful,
TXN002109,2024-04-02,CUST00283,Hobart,Postpaid,Data Bundle,Data 10GB Monthly,USSD,10240,35,Successful,
TXN002262,2024-04-02,CUST00187,Adelaide,Prepaid,Recharge,Recharge $10,Web,,10,Successful,
TXN002373,2024-04-02,CUST00037,Hobart,Prepaid,Data Bundle,Data 6GB Monthly,Web,6144,25,Successful,
TXN002646,2024-04-02,CUST00169,Sydney,Postpaid,Data Bundle,Data 40GB Monthly,Agent,40960,0,Failed,imputed
TXN002693,2024-04-02,CUST00044,Canberra,Prepaid,Recharge,Recharge $2,Web,,2,Successful,imputed
TXN002883,2024-04-02,CUST00834,Perth,Prepaid,Data Bundle,Data 1GB Daily,Mobile App,1024,3.5,Successful,
TXN003978,2024-04-02,CUST00318,Sydney,Prepaid,Recharge,Recharge $10,Agent,,10,Successful,
TXN000064,2024-04-03,CUST00818,Canberra,Prepaid,Recharge,Recharge $2,Mobile App,,2,Successful,
TXN000198,2024-04-03,CUST00654,Perth,Prepaid,Recharge,Recharge $1,Web,,1,Successful,
TXN000741,2024-04-03,CUST00819,Melbourne,Prepaid,Recharge,Recharge $2,Mobile App,,2,Successful,
TXN000776,2024-04-03,CUST00364,Perth,Prepaid,Recharge,Recharge $1,Mobile App,,1,Successful,
TXN000834,2024-04-03,CUST00754,Sydney,Prepaid,Recharge,Recharge $1,Agent,,1,Successful,
TXN001384,2024-04-03,CUST00386,Brisbane,Prepaid,Data Bundle,Data 1GB Daily,Mobile App,1024,3.5,Successful,
TXN001453,2024-04-03,CUST00217,Sydney,Postpaid,Voice Bundle,Voice 300min,Mobile App,,0,Failed,imputed
TXN001811,2024-04-03,CUST00487,Adelaide,Postpaid,Data Bundle,Data 10GB Monthly,USSD,10240,35,Successful,
TXN001847,2024-04-03,CUST00150,Sydney,Postpaid,SMS Bundle,SMS 200,Web,,2.5,Successful,
TXN002172,2024-04-03,CUST00642,Perth,Prepaid,Data Bundle,Data 6GB Monthly,Mobile App,6144,25,Successful,
TXN002225,2024-04-03,CUST00409,Adelaide,Prepaid,Recharge,Recharge $10,USSD,,0,Failed,
TXN002264,2024-04-03,CUST00524,Sydney,Prepaid,Recharge,Recharge $2,Web,,-2,Reversed,
TXN002333,2024-04-03,CUST00666,Adelaide,Prepaid,Data Bundle,Data 6GB Monthly,Agent,6144,25,Successful,
TXN002339,2024-04-03,CUST00380,Sydney,Prepaid,Data Bundle,Data 2GB Weekly,Mobile App,2048,8,Successful,imputed
TXN002536,2024-04-03,CUST00869,Canberra,Prepaid,Data Bundle,Data 1GB Daily,USSD,1024,3.5,Successful,imputed
TXN002740,2024-04-03,CUST00602,Brisbane,Prepaid,Voice Bundle,Voice 300min,USSD,,11,Successful,
TXN002834,2024-04-03,CUST00239,Brisbane,Prepaid,Recharge,Recharge $5,Agent,,5,Successful,
TXN003398,2024-04-03,CUST00293,Hobart,Prepaid,Recharge,Recharge $1,Agent,,1,Successful,
TXN003504,2024-04-03,CUST00357,Canberra,Prepaid,Data Bundle,Data 6GB Monthly,USSD,6144,25,Successful,
TXN003991,2024-04-03,CUST00521,Adelaide,Prepaid,Voice Bundle,Voice 100min,USSD,,4.5,Successful,imputed
TXN000871,2024-04-04,CUST00861,Perth,Prepaid,SMS Bundle,SMS 200,Agent,,2.5,Successful,imputed
TXN001040,2024-04-04,CUST00565,Sydney,Prepaid,Recharge,Recharge $5,Mobile App,,5,Successful,
TXN001131,2024-04-04,CUST00200,Perth,Prepaid,Data Bundle,Data 1GB Daily,USSD,1024,3.5,Successful,
TXN001237,2024-04-04,CUST00895,Melbourne,Prepaid,Recharge,Recharge $1,Agent,,1,Successful,
TXN001556,2024-04-04,CUST00212,Sydney,Prepaid,Data Bundle,Data 1GB Daily,Mobile App,1024,3.5,Successful,
TXN001806,2024-04-04,CUST00069,Sydney,Prepaid,Data Bundle,Data 2GB Weekly,Agent,2048,0,Failed,imputed
TXN002532,2024-04-04,CUST00103,Melbourne,Prepaid,Data Bundle,Data 6GB Monthly,USSD,6144,25,Successful,
TXN002758,2024-04-04,CUST00465,Perth,Prepaid,Recharge,Recharge $1,USSD,,1,Successful,
TXN003618,2024-04-04,CUST00046,Sydney,Prepaid,Recharge,Recharge $2,Agent,,0,Failed,
TXN000066,2024-04-05,CUST00780,Melbourne,Postpaid,Data Bundle,Data 1GB Daily,Web,1024,3.5,Successful,
TXN000639,2024-04-05,CUST00469,Brisbane,Postpaid,Data Bundle,Data 40GB Monthly,Agent,40960,110,Successful,
TXN000719,2024-04-05,CUST00416,Hobart,Prepaid,Recharge,Recharge $2,Web,,2,Successful,imputed
TXN000782,2024-04-05,CUST00824,Sydney,Postpaid,Recharge,Recharge $5,Mobile App,,5,Successful,
TXN001387,2024-04-05,CUST00659,Sydney,Postpaid,Recharge,Recharge $2,Web,,0,Failed,imputed
TXN001388,2024-04-05,CUST00608,Perth,Postpaid,Voice Bundle,Voice 100min,Mobile App,,4.5,Successful,imputed
TXN001756,2024-04-05,CUST00306,Perth,Prepaid,Recharge,Recharge $1,Web,,1,Successful,
TXN001895,2024-04-05,CUST00046,Sydney,Prepaid,Data Bundle,Data 1GB Daily,Mobile App,1024,3.5,Successful,
TXN001972,2024-04-05,CUST00765,Melbourne,Postpaid,Voice Bundle,Voice 100min,Mobile App,,4.5,Successful,
TXN002209,2024-04-05,CUST00611,Brisbane,Prepaid,Data Bundle,Data 10GB Monthly,Agent,10240,35,Successful,
TXN002234,2024-04-05,CUST00538,Perth,Postpaid,Data Bundle,Data 2GB Weekly,Agent,2048,0,Failed,imputed
TXN002482,2024-04-05,CUST00803,Brisbane,Postpaid,SMS Bundle,SMS 200,Mobile App,,2.5,Successful,
TXN002491,2024-04-05,CUST00772,Melbourne,Prepaid,SMS Bundle,SMS 200,Mobile App,,2.5,Successful,
TXN002623,2024-04-05,CUST00756,Brisbane,Prepaid,Data Bundle,Data 1GB Daily,Web,1024,3.5,Successful,imputed
TXN003093,2024-04-05,CUST00529,Melbourne,Prepaid,Recharge,Recharge $20,Mobile App,,0,Failed,imputed
TXN003241,2024-04-05,CUST00696,Melbourne,Prepaid,Recharge,Recharge $2,Agent,,2,Successful,
TXN003265,2024-04-05,CUST00658,Sydney,Prepaid,SMS Bundle,SMS 200,Web,,2.5,Successful,
TXN003292,2024-04-05,CUST00174,Canberra,Prepaid,Recharge,Recharge $5,Mobile App,,0,Failed,
TXN003824,2024-04-05,CUST00587,Sydney,Prepaid,SMS Bundle,SMS 200,Agent,,2.5,Successful,
TXN003851,2024-04-05,CUST00614,Adelaide,Prepaid,Recharge,Recharge $2,USSD,,2,Successful,
TXN003915,2024-04-05,CUST00129,Sydney,Prepaid,Data Bundle,Data 10GB Monthly,USSD,10240,35,Successful,
TXN001423,2024-04-06,CUST00747,Unknown,Prepaid,Recharge,Recharge $5,Web,,5,Successful,
TXN001876,2024-04-06,CUST00474,Unknown,Prepaid,Data Bundle,Data 2GB Weekly,USSD,2048,8,Successful,
TXN002173,2024-04-06,CUST00426,Hobart,Prepaid,Data Bundle,Data 1GB Daily,Mobile App,1024,3.5,Successful,
TXN002891,2024-04-06,CUST00771,Hobart,Prepaid,Recharge,Recharge $10,Web,,10,Successful,imputed
TXN003343,2024-04-06,CUST00701,Sydney,Prepaid,Data Bundle,Data 1GB Daily,USSD,1024,3.5,Successful,
TXN003881,2024-04-06,CUST00086,Canberra,Prepaid,Data Bundle,Data 6GB Monthly,Web,6144,25,Successful,imputed
TXN000278,2024-04-07,CUST00110,Sydney,Prepaid,Voice Bundle,Voice 300min,Web,,11,Successful,
TXN000436,2024-04-07,CUST00855,Sydney,Postpaid,Recharge,Recharge $2,Web,,0,Failed,
TXN000796,2024-04-07,CUST00506,Perth,Prepaid,SMS Bundle,SMS 200,Agent,,2.5,Successful,
TXN000837,2024-04-07,CUST00020,Hobart,Prepaid,Data Bundle,Data 2GB Weekly,Web,2048,8,Successful,
TXN001193,2024-04-07,CUST00275,Perth,Prepaid,Data Bundle,Data 2GB Weekly,Web,2048,8,Successful,imputed
TXN001399,2024-04-07,CUST00006,Sydney,Prepaid,Recharge,Recharge $1,USSD,,1,Successful,
TXN002325,2024-04-07,CUST00180,Sydney,Prepaid,Recharge,Recharge $2,Mobile App,,2,Successful,
TXN002452,2024-04-07,CUST00252,Unknown,Prepaid,Data Bundle,Data 2GB Weekly,Agent,2048,0,Failed,imputed
TXN002507,2024-04-07,CUST00154,Sydney,Postpaid,Voice Bundle,Voice 300min,Web,,11,Successful,
TXN002913,2024-04-07,CUST00372,Sydney,Prepaid,Recharge,Recharge $5,Web,,5,Successful,
TXN002930,2024-04-07,CUST00446,Perth,Prepaid,Recharge,Recharge $10,Agent,,10,Successful,
TXN003672,2024-04-07,CUST00491,Sydney,Postpaid,Voice Bundle,Voice 300min,Mobile App,,0,Failed,
TXN003721,2024-04-07,CUST00158,Adelaide,Postpaid,Voice Bundle,Voice 300min,Web,,11,Successful,
TXN003886,2024-04-07,CUST00770,Sydney,Prepaid,Recharge,Recharge $2,Agent,,2,Successful,
TXN000173,2024-04-08,CUST00103,Melbourne,Prepaid,Data Bundle,Data 10GB Monthly,USSD,10240,35,Successful,
TXN000427,2024-04-09,CUST00461,Perth,Postpaid,Data Bundle,Data 2GB Weekly,Web,2048,8,Successful,
TXN001866,2024-04-09,CUST00235,Perth,Prepaid,Recharge,Recharge $2,Mobile App,,2,Successful,
TXN003653,2024-04-09,CUST00763,Melbourne,Prepaid,Data Bundle,Data 1GB Daily,Agent,1024,3.5,Successful,
TXN003866,2024-04-09,CUST00370,Melbourne,Prepaid,Recharge,Recharge $5,Mobile App,,5,Successful,
TXN000446,2024-04-10,CUST00239,Brisbane,Prepaid,Recharge,Recharge $10,USSD,,10,Successful,imputed
TXN001054,2024-04-10,CUST00298,Melbourne,Postpaid,Recharge,Recharge $1,Web,,1,Successful,
TXN001097,2024-04-10,CUST00664,Melbourne,Prepaid,Recharge,Recharge $2,Mobile App,,2,Successful,
TXN001914,2024-04-10,CUST00111,Canberra,Prepaid,Data Bundle,Data 1GB Daily,Agent,1024,3.5,Successful,
TXN002442,2024-04-10,CUST00062,Adelaide,Prepaid,Data Bundle,Data 2GB Weekly,Web,2048,8,Successful,
TXN002526,2024-04-10,CUST00772,Melbourne,Prepaid,Recharge,Recharge $5,USSD,,5,Successful,
TXN002593,2024-04-10,CUST00399,Melbourne,Postpaid,Voice Bundle,Voice 100min,Web,,0,Failed,imputed
TXN003022,2024-04-10,CUST00318,Sydney,Prepaid,Recharge,Recharge $1,Mobile App,,0,Failed,imputed
TXN003646,2024-04-10,CUST00666,Adelaide,Prepaid,Recharge,Recharge $5,Mobile App,,5,Successful,
TXN003667,2024-04-10,CUST00034,Sydney,Prepaid,Recharge,Recharge $2,USSD,,2,Successful,
TXN003890,2024-04-10,CUST00657,Canberra,Prepaid,Voice Bundle,Voice 100min,USSD,,4.5,Successful,
TXN004154,2024-04-10,CUST00847,Sydney,Prepaid,Recharge,Recharge $10,Agent,,10,Successful,
TXN000175,2024-04-11,CUST00181,Perth,Prepaid,Recharge,Recharge $5,Agent,,5,Successful,
TXN000370,2024-04-11,CUST00789,Adelaide,Prepaid,Recharge,Recharge $10,USSD,,10,Successful,
TXN000391,2024-04-11,CUST00800,Brisbane,Prepaid,Recharge,Recharge $20,USSD,,20,Successful,
TXN000705,2024-04-11,CUST00890,Perth,Prepaid,Data Bundle,Data 1GB Daily,Web,1024,0,Failed,
TXN000885,2024-04-11,CUST00631,Sydney,Prepaid,Recharge,Recharge $10,USSD,,10,Successful,
TXN001303,2024-04-11,CUST00185,Sydney,Postpaid,Data Bundle,Data 10GB Monthly,Agent,10240,0,Failed,imputed
TXN001817,2024-04-11,CUST00041,Brisbane,Prepaid,Data Bundle,Data 2GB Weekly,USSD,2048,8,Successful,
TXN002645,2024-04-11,CUST00496,Melbourne,Prepaid,Voice Bundle,Voice 100min,Agent,,4.5,Successful,
TXN002710,2024-04-11,CUST00784,Brisbane,Prepaid,Data Bundle,Data 40GB Monthly,Agent,40960,110,Successful,
TXN003095,2024-04-11,CUST00863,Adelaide,Prepaid,Recharge,Recharge $10,Web,,10,Successful,
TXN003530,2024-04-11,CUST00058,Hobart,Postpaid,Data Bundle,Data 10GB Monthly,Web,10240,0,Failed,imputed
TXN003724,2024-04-11,CUST00752,Sydney,Prepaid,Recharge,Recharge $5,Agent,,0,Failed,
TXN000418,2024-04-12,CUST00654,Perth,Prepaid,Data Bundle,Data 2GB Weekly,Mobile App,2048,8,Successful,
TXN000458,2024-04-12,CUST00789,Adelaide,Prepaid,SMS Bundle,SMS 200,Mobile App,,2.5,Successful,
TXN000672,2024-04-12,CUST00357,Canberra,Prepaid,Recharge,Recharge $10,Agent,,10,Successful,
TXN003347,2024-04-12,CUST00659,Sydney,Postpaid,Data Bundle,Data 2GB Weekly,USSD,2048,8,Successful,
TXN003543,2024-04-12,CUST00248,Sydney,Prepaid,Data Bundle,Data 2GB Weekly,Agent,2048,8,Successful,
TXN003666,2024-04-12,CUST00069,Sydney,Prepaid,Voice Bundle,Voice 100min,Web,,4.5,Successful,
TXN003845,2024-04-12,CUST00778,Sydney,Prepaid,Data Bundle,Data 1GB Daily,Mobile App,1024,3.5,Successful,
TXN004076,2024-04-12,CUST00021,Perth,Prepaid,Data Bundle,Data 10GB Monthly,Web,10240,0,Failed,
TXN000068,2024-04-13,CUST00013,Canberra,Prepaid,Voice Bundle,Voice 100min,Mobile App,,4.5,Successful,imputed
TXN000072,2024-04-13,CUST00139,Sydney,Prepaid,Data Bundle,Data 1GB Daily,Agent,1024,3.5,Successful,
TXN000900,2024-04-13,CUST00486,Sydney,Prepaid,Data Bundle,Data 6GB Monthly,Mobile App,6144,25,Successful,
TXN003113,2024-04-13,CUST00605,Sydney,Prepaid,Recharge,Recharge $1,USSD,,1,Successful,
TXN003826,2024-04-13,CUST00214,Perth,Prepaid,Recharge,Recharge $1,Web,,1,Successful,
TXN000403,2024-04-14,CUST00453,Sydney,Prepaid,Recharge,Recharge $5,Mobile App,,0,Failed,
TXN000430,2024-04-14,CUST00628,Hobart,Prepaid,Recharge,Recharge $1,USSD,,1,Successful,
TXN000774,2024-04-14,CUST00862,Unknown,Postpaid,Recharge,Recharge $2,USSD,,0,Failed,
TXN000841,2024-04-14,CUST00158,Adelaide,Postpaid,Recharge,Recharge $2,Mobile App,,2,Successful,
TXN000978,2024-04-14,CUST00671,Brisbane,Prepaid,Recharge,Recharge $5,Mobile App,,5,Successful,
TXN001045,2024-04-14,CUST00515,Sydney,Prepaid,Voice Bundle,Voice 100min,Agent,,4.5,Successful,
TXN001172,2024-04-14,CUST00684,Hobart,Prepaid,Data Bundle,Data 6GB Monthly,USSD,6144,25,Successful,
TXN001523,2024-04-14,CUST00001,Perth,Prepaid,Recharge,Recharge $20,Web,,20,Successful,
TXN001558,2024-04-14,CUST00207,Perth,Prepaid,SMS Bundle,SMS 200,Agent,,2.5,Successful,
TXN001842,2024-04-14,CUST00286,Perth,Prepaid,Recharge,Recharge $2,Mobile App,,2,Successful,
TXN001999,2024-04-14,CUST00590,Perth,Prepaid,SMS Bundle,SMS 200,Mobile App,,2.5,Successful,
TXN002953,2024-04-14,CUST00455,Sydney,Prepaid,Recharge,Recharge $2,Web,,0,Failed,
TXN003373,2024-04-14,CUST00524,Sydney,Prepaid,Recharge,Recharge $5,Agent,,5,Successful,
TXN003521,2024-04-14,CUST00663,Adelaide,Prepaid,Recharge,Recharge $2,USSD,,2,Successful,
TXN003572,2024-04-14,CUST00612,Perth,Prepaid,Voice Bundle,Voice 300min,USSD,,11,Successful,
TXN003883,2024-04-14,CUST00847,Sydney,Prepaid,Recharge,Recharge $1,Mobile App,,1,Successful,
TXN003944,2024-04-14,CUST00436,Brisbane,Prepaid,Data Bundle,Data 2GB Weekly,Web,2048,8,Successful,
TXN004022,2024-04-14,CUST00644,Hobart,Postpaid,Data Bundle,Data 10GB Monthly,Mobile App,10240,35,Successful,
TXN000167,2024-04-15,CUST00192,Sydney,Prepaid,Data Bundle,Data 1GB Daily,Agent,1024,3.5,Successful,
TXN000653,2024-04-15,CUST00360,Sydney,Prepaid,Recharge,Recharge $2,Web,,2,Successful,
TXN000784,2024-04-15,CUST00089,Sydney,Prepaid,Recharge,Recharge $10,Mobile App,,0,Failed,
TXN001210,2024-04-15,CUST00403,Melbourne,Prepaid,Data Bundle,Data 2GB Weekly,Agent,2048,8,Successful,
TXN001352,2024-04-15,CUST00295,Melbourne,Prepaid,Recharge,Recharge $2,Agent,,2,Successful,
TXN002278,2024-04-15,CUST00100,Canberra,Postpaid,Data Bundle,Data 2GB Weekly,Mobile App,2048,8,Successful,imputed
TXN002323,2024-04-15,CUST00108,Canberra,Postpaid,Data Bundle,Data 40GB Monthly,USSD,40960,110,Successful,
TXN003250,2024-04-15,CUST00164,Sydney,Postpaid,Data Bundle,Data 40GB Monthly,Agent,40960,110,Successful,
TXN003384,2024-04-15,CUST00793,Sydney,Prepaid,Voice Bundle,Voice 100min,Agent,,4.5,Successful,
TXN003760,2024-04-15,CUST00659,Sydney,Postpaid,Recharge,Recharge $10,Mobile App,,10,Successful,
TXN000177,2024-04-16,CUST00556,Brisbane,Prepaid,Recharge,Recharge $1,USSD,,1,Successful,
TXN000823,2024-04-16,CUST00893,Sydney,Prepaid,SMS Bundle,SMS 200,Web,,2.5,Successful,imputed
TXN000828,2024-04-16,CUST00384,Melbourne,Prepaid,Recharge,Recharge $2,Web,,2,Successful,
TXN000970,2024-04-16,CUST00754,Sydney,Prepaid,Data Bundle,Data 10GB Monthly,USSD,10240,35,Successful,
TXN001734,2024-04-16,CUST00512,Hobart,Prepaid,SMS Bundle,SMS 200,Mobile App,,2.5,Successful,imputed
TXN001846,2024-04-16,CUST00384,Melbourne,Prepaid,SMS Bundle,SMS 200,Agent,,2.5,Successful,
TXN002427,2024-04-16,CUST00091,Perth,Prepaid,Recharge,Recharge $2,USSD,,-2,Reversed,
TXN003053,2024-04-16,CUST00729,Brisbane,Prepaid,SMS Bundle,SMS 200,Mobile App,,-2.5,Reversed,
TXN003318,2024-04-16,CUST00672,Adelaide,Prepaid,Data Bundle,Data 10GB Monthly,Mobile App,10240,35,Successful,
TXN003612,2024-04-16,CUST00244,Melbourne,Prepaid,SMS Bundle,SMS 200,Web,,2.5,Successful,
TXN003616,2024-04-16,CUST00624,Sydney,Postpaid,Recharge,Recharge $1,Web,,1,Successful,
TXN003911,2024-04-16,CUST00227,Melbourne,Prepaid,Recharge,Recharge $5,Mobile App,,5,Successful,
TXN001241,2024-04-17,CUST00116,Sydney,Prepaid,Recharge,Recharge $1,Mobile App,,1,Successful,
TXN001935,2024-04-17,CUST00405,Brisbane,Prepaid,Recharge,Recharge $2,Mobile App,,2,Successful,
TXN002605,2024-04-17,CUST00277,Sydney,Prepaid,Data Bundle,Data 2GB Weekly,Mobile App,2048,8,Successful,
TXN002627,2024-04-17,CUST00416,Hobart,Prepaid,Data Bundle,Data 1GB Daily,Agent,1024,3.5,Successful,
TXN002676,2024-04-17,CUST00400,Brisbane,Postpaid,Data Bundle,Data 6GB Monthly,Web,6144,25,Successful,imputed
TXN002766,2024-04-17,CUST00711,Brisbane,Prepaid,Data Bundle,Data 1GB Daily,Mobile App,1024,3.5,Successful,
TXN003579,2024-04-17,CUST00768,Hobart,Prepaid,Recharge,Recharge $2,Mobile App,,2,Successful,
TXN000107,2024-04-18,CUST00546,Canberra,Prepaid,SMS Bundle,SMS 200,Agent,,2.5,Successful,imputed
TXN000404,2024-04-18,CUST00353,Sydney,Prepaid,Voice Bundle,Voice 300min,Web,,11,Successful,
TXN001132,2024-04-18,CUST00246,Sydney,Prepaid,Recharge,Recharge $2,Agent,,0,Failed,
TXN001488,2024-04-18,CUST00410,Adelaide,Prepaid,Recharge,Recharge $10,USSD,,10,Successful,
TXN002182,2024-04-18,CUST00656,Sydney,Prepaid,Recharge,Recharge $2,Agent,,0,Failed,
TXN002194,2024-04-18,CUST00190,Sydney,Postpaid,Recharge,Recharge $2,USSD,,2,Successful,
TXN002589,2024-04-18,CUST00045,Sydney,Prepaid,Data Bundle,Data 40GB Monthly,USSD,40960,0,Failed,
TXN002640,2024-04-18,CUST00397,Hobart,Postpaid,Data Bundle,Data 6GB Monthly,Agent,6144,25,Successful,imputed
TXN002722,2024-04-18,CUST00800,Unknown,Prepaid,Recharge,Recharge $1,Agent,,1,Successful,
TXN003466,2024-04-18,CUST00390,Melbourne,Prepaid,Data Bundle,Data 1GB Daily,USSD,1024,3.5,Successful,
TXN004053,2024-04-18,CUST00564,Canberra,Postpaid,Voice Bundle,Voice 100min,Mobile App,,0,Failed,imputed
TXN000059,2024-04-19,CUST00079,Sydney,Prepaid,Data Bundle,Data 10GB Monthly,Agent,10240,35,Successful,
TXN000701,2024-04-19,CUST00401,Sydney,Prepaid,Data Bundle,Data 2GB Weekly,Agent,2048,8,Successful,
TXN000710,2024-04-19,CUST00049,Canberra,Prepaid,Recharge,Recharge $2,USSD,,2,Successful,
TXN001094,2024-04-19,CUST00333,Adelaide,Prepaid,Data Bundle,Data 40GB Monthly,Web,40960,110,Successful,
TXN002073,2024-04-19,CUST00823,Melbourne,Prepaid,Recharge,Recharge $1,Agent,,1,Successful,
TXN002478,2024-04-19,CUST00619,Sydney,Prepaid,Recharge,Recharge $1,Web,,1,Successful,
TXN003037,2024-04-19,CUST00052,Perth,Prepaid,Data Bundle,Data 10GB Monthly,Agent,10240,0,Failed,imputed
TXN003336,2024-04-19,CUST00470,Adelaide,Prepaid,Recharge,Recharge $2,Web,,2,Successful,
TXN003464,2024-04-19,CUST00475,Canberra,Postpaid,Recharge,Recharge $20,Mobile App,,20,Successful,
TXN004182,2024-04-19,CUST00006,Sydney,Prepaid,Recharge,Recharge $10,Agent,,0,Failed,
TXN000376,2024-04-20,CUST00855,Sydney,Postpaid,Data Bundle,Data 40GB Monthly,USSD,40960,0,Failed,
TXN000383,2024-04-20,CUST00243,Hobart,Postpaid,Recharge,Recharge $5,Web,,5,Successful,
TXN000752,2024-04-20,CUST00006,Sydney,Prepaid,SMS Bundle,SMS 200,Mobile App,,2.5,Successful,
TXN000947,2024-04-20,CUST00421,Sydney,Prepaid,Data Bundle,Data 2GB Weekly,Mobile App,2048,8,Successful,
TXN001311,2024-04-20,CUST00062,Adelaide,Prepaid,Recharge,Recharge $1,Web,,1,Successful,
TXN001475,2024-04-20,CUST00282,Brisbane,Prepaid,Recharge,Recharge $1,Agent,,1,Successful,imputed
TXN001553,2024-04-20,CUST00589,Sydney,Prepaid,Recharge,Recharge $1,Mobile App,,-1,Reversed,
TXN001881,2024-04-20,CUST00863,Adelaide,Prepaid,Recharge,Recharge $5,Agent,,5,Successful,
TXN002633,2024-04-20,CUST00410,Adelaide,Prepaid,Data Bundle,Data 10GB Monthly,Agent,10240,35,Successful,
TXN002933,2024-04-20,CUST00619,Sydney,Prepaid,Recharge,Recharge $5,USSD,,5,Successful,
TXN003317,2024-04-20,CUST00249,Melbourne,Prepaid,Data Bundle,Data 6GB Monthly,USSD,6144,25,Successful,
TXN003430,2024-04-20,CUST00779,Sydney,Prepaid,Recharge,Recharge $10,Agent,,-10,Reversed,
TXN003901,2024-04-20,CUST00362,Adelaide,Prepaid,Recharge,Recharge $2,Mobile App,,2,Successful,
TXN004035,2024-04-20,CUST00437,Sydney,Prepaid,Recharge,Recharge $1,Web,,1,Successful,
TXN000005,2024-04-21,CUST00344,Brisbane,Prepaid,Recharge,Recharge $20,Web,,20,Successful,
TXN000466,2024-04-21,CUST00020,Hobart,Prepaid,SMS Bundle,SMS 200,USSD,,2.5,Successful,
TXN001093,2024-04-21,CUST00670,Adelaide,Prepaid,Data Bundle,Data 1GB Daily,Mobile App,1024,3.5,Successful,
TXN001272,2024-04-21,CUST00595,Brisbane,Prepaid,Data Bundle,Data 2GB Weekly,Agent,2048,8,Successful,
TXN001458,2024-04-21,CUST00436,Brisbane,Prepaid,Data Bundle,Data 10GB Monthly,Agent,10240,35,Successful,
TXN001524,2024-04-21,CUST00527,Brisbane,Prepaid,Voice Bundle,Voice 100min,Agent,,4.5,Successful,
TXN001783,2024-04-21,CUST00078,Sydney,Prepaid,Data Bundle,Data 6GB Monthly,Agent,6144,25,Successful,
TXN001934,2024-04-21,CUST00461,Perth,Postpaid,Recharge,Recharge $10,Agent,,10,Successful,
TXN002307,2024-04-21,CUST00440,Sydney,Prepaid,Data Bundle,Data 2GB Weekly,Mobile App,2048,-8,Reversed,
TXN002698,2024-04-21,CUST00682,Hobart,Prepaid,Recharge,Recharge $5,Web,,5,Successful,
TXN002843,2024-04-21,CUST00825,Sydney,Prepaid,SMS Bundle,SMS 200,Web,,2.5,Successful,
TXN003545,2024-04-21,CUST00638,Sydney,Prepaid,Recharge,Recharge $2,Web,,-2,Reversed,
TXN003983,2024-04-21,CUST00272,Sydney,Prepaid,Voice Bundle,Voice 300min,USSD,,11,Successful,
TXN004049,2024-04-21,CUST00644,Hobart,Postpaid,Data Bundle,Data 2GB Weekly,Mobile App,2048,8,Successful,
TXN000819,2024-04-22,CUST00359,Sydney,Prepaid,Data Bundle,Data 2GB Weekly,Mobile App,2048,8,Successful,
TXN001320,2024-04-22,CUST00128,Canberra,Postpaid,Recharge,Recharge $10,Web,,10,Successful,
TXN001396,2024-04-22,CUST00145,Melbourne,Prepaid,Data Bundle,Data 1GB Daily,Agent,1024,3.5,Successful,
TXN001454,2024-04-22,CUST00292,Adelaide,Prepaid,Recharge,Recharge $2,Mobile App,,2,Successful,
TXN001986,2024-04-22,CUST00830,Canberra,Prepaid,Data Bundle,Data 1GB Daily,Mobile App,1024,3.5,Successful,imputed
TXN002470,2024-04-22,CUST00266,Sydney,Prepaid,Data Bundle,Data 2GB Weekly,Web,2048,0,Failed,imputed
TXN003149,2024-04-22,CUST00756,Brisbane,Prepaid,Recharge,Recharge $2,Mobile App,,0,Failed,
TXN003948,2024-04-22,CUST00814,Melbourne,Prepaid,Recharge,Recharge $5,Web,,5,Successful,imputed
TXN004174,2024-04-22,CUST00548,Sydney,Prepaid,Recharge,Recharge $20,Agent,,20,Successful,
TXN900003,2024-04-22,CUST00548,Sydney,Prepaid,Recharge,Recharge $20,Agent,,20,Successful,
TXN000425,2024-04-23,CUST00573,Melbourne,Prepaid,Data Bundle,Data 1GB Daily,Agent,1024,3.5,Successful,
TXN001068,2024-04-23,CUST00885,Unknown,Prepaid,Data Bundle,Data 10GB Monthly,USSD,10240,0,Failed,imputed
TXN001506,2024-04-23,CUST00731,Melbourne,Prepaid,Data Bundle,Data 1GB Daily,Web,1024,3.5,Successful,
TXN002239,2024-04-23,CUST00323,Hobart,Prepaid,Data Bundle,Data 6GB Monthly,USSD,6144,-25,Reversed,
TXN002579,2024-04-23,CUST00509,Sydney,Prepaid,Recharge,Recharge $10,Mobile App,,10,Successful,
TXN002833,2024-04-23,CUST00716,Adelaide,Prepaid,Data Bundle,Data 2GB Weekly,Agent,2048,8,Successful,imputed
TXN003173,2024-04-23,CUST00230,Brisbane,Prepaid,Voice Bundle,Voice 300min,Agent,,11,Successful,
TXN900012,2024-04-23,CUST00716,Adelaide,Prepaid,Data Bundle,Data 2GB Weekly,Agent,2048,8,Successful,imputed
TXN000010,2024-04-24,CUST00338,Brisbane,Prepaid,Recharge,Recharge $2,Mobile App,,2,Successful,
TXN000495,2024-04-24,CUST00430,Sydney,Prepaid,Data Bundle,Data 1GB Daily,Mobile App,1024,0,Failed,imputed
TXN000684,2024-04-24,CUST00722,Melbourne,Prepaid,Recharge,Recharge $5,Agent,,-5,Reversed,
TXN000818,2024-04-24,CUST00460,Perth,Prepaid,Recharge,Recharge $5,Mobile App,,5,Successful,imputed
TXN001507,2024-04-24,CUST00690,Unknown,Prepaid,Recharge,Recharge $2,Web,,2,Successful,
TXN001636,2024-04-24,CUST00584,Melbourne,Prepaid,Data Bundle,Data 1GB Daily,Mobile App,1024,3.5,Successful,
TXN002596,2024-04-24,CUST00767,Melbourne,Prepaid,Recharge,Recharge $10,Agent,,10,Successful,
TXN002652,2024-04-24,CUST00141,Perth,Prepaid,Recharge,Recharge $1,USSD,,1,Successful,
TXN002741,2024-04-24,CUST00598,Sydney,Postpaid,Data Bundle,Data 40GB Monthly,Web,40960,110,Successful,
TXN003044,2024-04-24,CUST00740,Brisbane,Postpaid,Recharge,Recharge $10,Web,,10,Successful,
TXN003243,2024-04-24,CUST00198,Unknown,Prepaid,Data Bundle,Data 10GB Monthly,Mobile App,10240,35,Successful,
TXN003490,2024-04-24,CUST00308,Brisbane,Prepaid,Data Bundle,Data 2GB Weekly,USSD,2048,8,Successful,
TXN003605,2024-04-24,CUST00632,Sydney,Postpaid,SMS Bundle,SMS 200,Mobile App,,0,Failed,
TXN003634,2024-04-24,CUST00587,Sydney,Prepaid,Data Bundle,Data 1GB Daily,Web,1024,0,Failed,
TXN003902,2024-04-24,CUST00760,Unknown,Prepaid,Recharge,Recharge $5,Mobile App,,0,Failed,
TXN004169,2024-04-24,CUST00534,Perth,Prepaid,Recharge,Recharge $20,USSD,,20,Successful,
TXN000014,2024-04-25,CUST00781,Brisbane,Prepaid,Data Bundle,Data 6GB Monthly,Agent,6144,25,Successful,
TXN000600,2024-04-25,CUST00124,Sydney,Prepaid,Data Bundle,Data 2GB Weekly,Web,2048,8,Successful,
TXN000853,2024-04-25,CUST00651,Adelaide,Prepaid,Recharge,Recharge $5,Agent,,5,Successful,
TXN001408,2024-04-25,CUST00335,Brisbane,Prepaid,Data Bundle,Data 1GB Daily,Web,1024,3.5,Successful,
TXN002375,2024-04-25,CUST00449,Melbourne,Prepaid,Voice Bundle,Voice 100min,USSD,,4.5,Successful,
TXN002841,2024-04-25,CUST00791,Melbourne,Postpaid,Recharge,Recharge $5,Web,,5,Successful,
TXN002970,2024-04-25,CUST00116,Sydney,Prepaid,SMS Bundle,SMS 200,Web,,2.5,Successful,
TXN003657,2024-04-25,CUST00835,Brisbane,Postpaid,Voice Bundle,Voice 100min,Web,,4.5,Successful,
TXN000259,2024-04-26,CUST00873,Canberra,Postpaid,Data Bundle,Data 1GB Daily,USSD,1024,3.5,Successful,
TXN000510,2024-04-26,CUST00707,Melbourne,Prepaid,Recharge,Recharge $5,USSD,,5,Successful,
TXN000572,2024-04-26,CUST00344,Brisbane,Prepaid,Data Bundle,Data 2GB Weekly,Mobile App,2048,8,Successful,
TXN000880,2024-04-26,CUST00191,Perth,Prepaid,Recharge,Recharge $1,Agent,,1,Successful,
TXN001629,2024-04-26,CUST00765,Melbourne,Postpaid,Voice Bundle,Voice 100min,Agent,,4.5,Successful,
TXN001703,2024-04-26,CUST00297,Sydney,Prepaid,Voice Bundle,Voice 100min,Web,,0,Failed,
TXN001784,2024-04-26,CUST00146,Sydney,Prepaid,Voice Bundle,Voice 300min,USSD,,11,Successful,
TXN002149,2024-04-26,CUST00596,Perth,Prepaid,Data Bundle,Data 10GB Monthly,Agent,10240,35,Successful,
TXN002186,2024-04-26,CUST00887,Sydney,Prepaid,Data Bundle,Data 2GB Weekly,Web,2048,0,Failed,
TXN003704,2024-04-26,CUST00489,Sydney,Postpaid,SMS Bundle,SMS 200,USSD,,2.5,Successful,imputed
TXN003972,2024-04-26,CUST00026,Melbourne,Prepaid,Recharge,Recharge $20,USSD,,20,Successful,
TXN003996,2024-04-26,CUST00294,Melbourne,Prepaid,Data Bundle,Data 40GB Monthly,Agent,40960,110,Successful,
TXN004164,2024-04-26,CUST00452,Canberra,Prepaid,Recharge,Recharge $5,Mobile App,,5,Successful,
TXN900030,2024-04-26,CUST00026,Melbourne,Prepaid,Recharge,Recharge $20,USSD,,20,Successful,
TXN000110,2024-04-27,CUST00849,Sydney,Prepaid,Recharge,Recharge $20,Agent,,20,Successful,imputed
TXN000161,2024-04-27,CUST00694,Adelaide,Prepaid,SMS Bundle,SMS 200,Mobile App,,2.5,Successful,
TXN000366,2024-04-27,CUST00563,Perth,Prepaid,Data Bundle,Data 1GB Daily,Agent,1024,3.5,Successful,imputed
TXN000908,2024-04-27,CUST00257,Adelaide,Prepaid,Recharge,Recharge $5,Mobile App,,5,Successful,
TXN001207,2024-04-27,CUST00473,Sydney,Prepaid,Voice Bundle,Voice 100min,USSD,,4.5,Successful,imputed
TXN001335,2024-04-27,CUST00325,Melbourne,Prepaid,Voice Bundle,Voice 300min,Agent,,11,Successful,
TXN001633,2024-04-27,CUST00477,Canberra,Postpaid,Data Bundle,Data 6GB Monthly,Web,6144,25,Successful,imputed
TXN001733,2024-04-27,CUST00583,Perth,Prepaid,Recharge,Recharge $5,Agent,,5,Successful,
TXN001874,2024-04-27,CUST00785,Adelaide,Prepaid,Recharge,Recharge $20,Mobile App,,0,Failed,imputed
TXN002576,2024-04-27,CUST00302,Melbourne,Prepaid,Recharge,Recharge $20,Agent,,20,Successful,
TXN003340,2024-04-27,CUST00048,Sydney,Prepaid,Recharge,Recharge $10,USSD,,0,Failed,
TXN003586,2024-04-27,CUST00367,Hobart,Prepaid,Data Bundle,Data 6GB Monthly,Mobile App,6144,25,Successful,
TXN003608,2024-04-27,CUST00583,Perth,Prepaid,Data Bundle,Data 10GB Monthly,Mobile App,10240,35,Successful,
TXN004162,2024-04-27,CUST00767,Melbourne,Prepaid,Recharge,Recharge $2,Agent,,2,Successful,
TXN000550,2024-04-28,CUST00158,Adelaide,Postpaid,Recharge,Recharge $5,USSD,,-5,Reversed,
TXN000563,2024-04-28,CUST00631,Sydney,Prepaid,Data Bundle,Data 6GB Monthly,Mobile App,6144,25,Successful,
TXN000743,2024-04-28,CUST00204,Sydney,Prepaid,Recharge,Recharge $10,Agent,,10,Successful,
TXN001357,2024-04-28,CUST00506,Perth,Prepaid,Data Bundle,Data 6GB Monthly,Agent,6144,-25,Reversed,
TXN001527,2024-04-28,CUST00690,Melbourne,Prepaid,Data Bundle,Data 2GB Weekly,Mobile App,2048,8,Successful,
TXN002436,2024-04-28,CUST00481,Perth,Prepaid,Data Bundle,Data 40GB Monthly,Mobile App,40960,110,Successful,
TXN002662,2024-04-28,CUST00205,Perth,Prepaid,Recharge,Recharge $1,USSD,,1,Successful,imputed
TXN002690,2024-04-28,CUST00011,Adelaide,Prepaid,Data Bundle,Data 40GB Monthly,Agent,40960,110,Successful,
TXN002786,2024-04-28,CUST00750,Melbourne,Postpaid,Recharge,Recharge $10,Web,,10,Successful,
TXN002945,2024-04-28,CUST00052,Perth,Prepaid,Recharge,Recharge $10,Mobile App,,-10,Reversed,
TXN003335,2024-04-28,CUST00351,Perth,Postpaid,Recharge,Recharge $2,Agent,,2,Successful,
TXN003643,2024-04-28,CUST00458,Brisbane,Prepaid,Recharge,Recharge $10,Web,,10,Successful,
TXN004063,2024-04-28,CUST00010,Adelaide,Prepaid,Recharge,Recharge $5,USSD,,5,Successful,
TXN000098,2024-05-01,CUST00887,Sydney,Prepaid,Recharge,Recharge $2,Web,,2,Successful,
TXN000330,2024-05-01,CUST00407,Sydney,Prepaid,Data Bundle,Data 40GB Monthly,Mobile App,40960,110,Successful,
TXN000687,2024-05-01,CUST00696,Melbourne,Prepaid,Data Bundle,Data 2GB Weekly,USSD,2048,8,Successful,
TXN000780,2024-05-01,CUST00006,Sydney,Prepaid,Recharge,Recharge $10,Web,,10,Successful,
TXN001201,2024-05-01,CUST00799,Sydney,Prepaid,Recharge,Recharge $1,Web,,-1,Reversed,
TXN001240,2024-05-01,CUST00260,Sydney,Prepaid,Data Bundle,Data 2GB Weekly,Web,2048,8,Successful,
TXN001464,2024-05-01,CUST00301,Sydney,Prepaid,Recharge,Recharge $5,USSD,,0,Failed,imputed
TXN001582,2024-05-01,CUST00166,Adelaide,Prepaid,Recharge,Recharge $20,Web,,20,Successful,imputed
TXN002312,2024-05-01,CUST00487,Adelaide,Postpaid,Recharge,Recharge $2,Web,,2,Successful,
TXN002331,2024-05-01,CUST00733,Sydney,Prepaid,Data Bundle,Data 10GB Monthly,Web,10240,0,Failed,imputed
TXN002367,2024-05-01,CUST00608,Perth,Postpaid,Recharge,Recharge $10,USSD,,10,Successful,
TXN003057,2024-05-01,CUST00003,Unknown,Prepaid,Recharge,Recharge $5,Agent,,5,Successful,
TXN003063,2024-05-01,CUST00147,Perth,Prepaid,Recharge,Recharge $5,Web,,5,Successful,
TXN003765,2024-05-01,CUST00382,Adelaide,Prepaid,Data Bundle,Data 1GB Daily,Agent,1024,3.5,Successful,
TXN001227,2024-05-02,CUST00280,Adelaide,Prepaid,Data Bundle,Data 6GB Monthly,Agent,6144,25,Successful,
TXN001262,2024-05-02,CUST00708,Sydney,Prepaid,Data Bundle,Data 1GB Daily,USSD,1024,3.5,Successful,
TXN002017,2024-05-02,CUST00868,Perth,Prepaid,Recharge,Recharge $1,USSD,,1,Successful,
TXN002024,2024-05-02,CUST00322,Perth,Prepaid,Recharge,Recharge $10,USSD,,0,Failed,
TXN002486,2024-05-02,CUST00481,Perth,Prepaid,Recharge,Recharge $1,Web,,1,Successful,
TXN002495,2024-05-02,CUST00217,Sydney,Postpaid,Voice Bundle,Voice 300min,Web,,11,Successful,
TXN002556,2024-05-02,CUST00658,Sydney,Prepaid,Recharge,Recharge $2,Agent,,0,Failed,
TXN002783,2024-05-02,CUST00320,Brisbane,Prepaid,Recharge,Recharge $2,Web,,2,Successful,
TXN002876,2024-05-02,CUST00228,Sydney,Prepaid,Data Bundle,Data 1GB Daily,Mobile App,1024,3.5,Successful,
TXN002885,2024-05-02,CUST00251,Brisbane,Prepaid,Recharge,Recharge $5,Agent,,5,Successful,
TXN003120,2024-05-02,CUST00070,Adelaide,Prepaid,Recharge,Recharge $1,Agent,,1,Successful,
TXN003401,2024-05-02,CUST00328,Adelaide,Prepaid,Data Bundle,Data 1GB Daily,Web,1024,0,Failed,
TXN003629,2024-05-02,CUST00497,Melbourne,Prepaid,Data Bundle,Data 2GB Weekly,Mobile App,2048,8,Successful,
TXN004184,2024-05-02,CUST00512,Hobart,Prepaid,Data Bundle,Data 10GB Monthly,Mobile App,10240,35,Successful,
TXN900028,2024-05-02,CUST00280,Adelaide,Prepaid,Data Bundle,Data 6GB Monthly,Agent,6144,25,Successful,
TXN000186,2024-05-03,CUST00145,Melbourne,Prepaid,SMS Bundle,SMS 200,USSD,,2.5,Successful,
TXN000856,2024-05-03,CUST00781,Brisbane,Prepaid,Recharge,Recharge $1,Web,,0,Failed,
TXN001340,2024-05-03,CUST00350,Melbourne,Prepaid,Recharge,Recharge $20,Web,,20,Successful,
TXN001450,2024-05-03,CUST00612,Perth,Prepaid,Data Bundle,Data 2GB Weekly,USSD,2048,8,Successful,
TXN001557,2024-05-03,CUST00554,Perth,Postpaid,Recharge,Recharge $20,Mobile App,,20,Successful,
TXN002131,2024-05-03,CUST00282,Brisbane,Prepaid,Data Bundle,Data 2GB Weekly,Web,2048,8,Successful,
TXN002658,2024-05-03,CUST00501,Sydney,Prepaid,Recharge,Recharge $1,USSD,,1,Successful,
TXN002739,2024-05-03,CUST00189,Perth,Prepaid,Recharge,Recharge $1,Mobile App,,1,Successful,
TXN002896,2024-05-03,CUST00186,Brisbane,Prepaid,Recharge,Recharge $1,Web,,1,Successful,
TXN003552,2024-05-03,CUST00684,Hobart,Prepaid,Data Bundle,Data 6GB Monthly,Mobile App,6144,25,Successful,
TXN003658,2024-05-03,CUST00854,Perth,Prepaid,Recharge,Recharge $1,Mobile App,,1,Successful,
TXN003918,2024-05-03,CUST00350,Melbourne,Prepaid,Data Bundle,Data 1GB Daily,Agent,1024,3.5,Successful,
TXN000087,2024-05-04,CUST00870,Sydney,Prepaid,Recharge,Recharge $2,Mobile App,,2,Successful,imputed
TXN000340,2024-05-04,CUST00831,Canberra,Prepaid,Recharge,Recharge $20,Mobile App,,20,Successful,
TXN000987,2024-05-04,CUST00895,Melbourne,Prepaid,Voice Bundle,Voice 100min,Mobile App,,4.5,Successful,
TXN001197,2024-05-04,CUST00836,Melbourne,Postpaid,Data Bundle,Data 1GB Daily,Agent,1024,3.5,Successful,
TXN001620,2024-05-04,CUST00173,Sydney,Postpaid,Recharge,Recharge $20,Agent,,20,Successful,
TXN001643,2024-05-04,CUST00868,Perth,Prepaid,Recharge,Recharge $2,Agent,,2,Successful,imputed
TXN002077,2024-05-04,CUST00151,Hobart,Prepaid,Data Bundle,Data 6GB Monthly,Mobile App,6144,25,Successful,
TXN002610,2024-05-04,CUST00182,Brisbane,Prepaid,Data Bundle,Data 1GB Daily,USSD,1024,3.5,Successful,
TXN003374,2024-05-04,CUST00726,Sydney,Prepaid,Recharge,Recharge $10,USSD,,0,Failed,imputed
TXN003791,2024-05-04,CUST00825,Sydney,Prepaid,Data Bundle,Data 6GB Monthly,Mobile App,6144,25,Successful,
TXN000023,2024-05-05,CUST00551,Sydney,Prepaid,Data Bundle,Data 10GB Monthly,Agent,10240,35,Successful,
TXN000422,2024-05-05,CUST00062,Adelaide,Prepaid,Data Bundle,Data 6GB Monthly,Mobile App,6144,25,Successful,
TXN001128,2024-05-05,CUST00535,Sydney,Postpaid,Data Bundle,Data 1GB Daily,Web,1024,0,Failed,
TXN001468,2024-05-05,CUST00335,Brisbane,Prepaid,Data Bundle,Data 2GB Weekly,Web,2048,8,Successful,
TXN001580,2024-05-05,CUST00433,Sydney,Prepaid,SMS Bundle,SMS 200,Web,,0,Failed,
TXN001957,2024-05-05,CUST00836,Melbourne,Postpaid,Voice Bundle,Voice 100min,Agent,,4.5,Successful,
TXN002268,2024-05-05,CUST00265,Sydney,Prepaid,Data Bundle,Data 1GB Daily,USSD,1024,0,Failed,
TXN002405,2024-05-05,CUST00389,Canberra,Postpaid,Recharge,Recharge $10,Agent,,10,Successful,
TXN002441,2024-05-05,CUST00718,Adelaide,Prepaid,Recharge,Recharge $20,Agent,,20,Successful,
TXN002485,2024-05-05,CUST00801,Canberra,Prepaid,Recharge,Recharge $10,USSD,,10,Successful,
TXN002591,2024-05-05,CUST00729,Brisbane,Prepaid,Recharge,Recharge $10,Web,,10,Successful,
TXN002781,2024-05-05,CUST00071,Melbourne,Prepaid,Voice Bundle,Voice 100min,Agent,,4.5,Successful,imputed
TXN002898,2024-05-05,CUST00258,Adelaide,Postpaid,Voice Bundle,Voice 300min,Web,,11,Successful,
TXN003237,2024-05-05,CUST00049,Canberra,Prepaid,Recharge,Recharge $1,USSD,,1,Successful,
TXN003309,2024-05-05,CUST00483,Sydney,Prepaid,Recharge,Recharge $5,Agent,,5,Successful,
TXN003360,2024-05-05,CUST00210,Hobart,Prepaid,Data Bundle,Data 2GB Weekly,Agent,2048,8,Successful,imputed
TXN004158,2024-05-05,CUST00013,Canberra,Prepaid,Recharge,Recharge $5,Mobile App,,5,Successful,
TXN000669,2024-05-06,CUST00422,Unknown,Postpaid,Data Bundle,Data 10GB Monthly,Mobile App,10240,35,Successful,
TXN000771,2024-05-06,CUST00831,Canberra,Prepaid,Recharge,Recharge $10,Agent,,0,Failed,imputed
TXN000893,2024-05-06,CUST00829,Sydney,Prepaid,SMS Bundle,SMS 200,USSD,,2.5,Successful,
TXN001109,2024-05-06,CUST00544,Melbourne,Prepaid,Recharge,Recharge $2,Agent,,2,Successful,
TXN001530,2024-05-06,CUST00785,Adelaide,Prepaid,Data Bundle,Data 2GB Weekly,Web,2048,8,Successful,
TXN001646,2024-05-06,CUST00700,Sydney,Prepaid,Recharge,Recharge $1,Agent,,-1,Reversed,
TXN001649,2024-05-06,CUST00615,Melbourne,Postpaid,Voice Bundle,Voice 100min,Mobile App,,4.5,Successful,
TXN002279,2024-05-06,CUST00860,Adelaide,Prepaid,Recharge,Recharge $5,Web,,5,Successful,
TXN002550,2024-05-06,CUST00433,Unknown,Prepaid,Recharge,Recharge $5,Mobile App,,5,Successful,
TXN002581,2024-05-06,CUST00486,Sydney,Prepaid,Recharge,Recharge $5,Web,,0,Failed,
TXN002677,2024-05-06,CUST00597,Sydney,Prepaid,Voice Bundle,Voice 100min,Web,,4.5,Successful,imputed
TXN003560,2024-05-06,CUST00784,Brisbane,Prepaid,Data Bundle,Data 6GB Monthly,USSD,6144,25,Successful,
TXN003879,2024-05-06,CUST00600,Hobart,Prepaid,Recharge,Recharge $1,Agent,,1,Successful,imputed
TXN000374,2024-05-07,CUST00488,Sydney,Prepaid,Recharge,Recharge $2,Mobile App,,2,Successful,
TXN000609,2024-05-07,CUST00661,Adelaide,Postpaid,Recharge,Recharge $20,Web,,20,Successful,
TXN000689,2024-05-07,CUST00067,Hobart,Postpaid,Data Bundle,Data 6GB Monthly,USSD,6144,25,Successful,
TXN000883,2024-05-07,CUST00433,Sydney,Prepaid,Recharge,Recharge $2,Mobile App,,0,Failed,imputed
TXN001192,2024-05-07,CUST00888,Unknown,Prepaid,Recharge,Recharge $2,Mobile App,,-2,Reversed,
TXN001807,2024-05-07,CUST00352,Adelaide,Prepaid,Data Bundle,Data 1GB Daily,USSD,1024,3.5,Successful,
TXN001888,2024-05-07,CUST00070,Adelaide,Prepaid,Recharge,Recharge $20,USSD,,0,Failed,
TXN002130,2024-05-07,CUST00459,Perth,Prepaid,SMS Bundle,SMS 200,Web,,2.5,Successful,
TXN002660,2024-05-07,CUST00784,Brisbane,Prepaid,Recharge,Recharge $2,Agent,,2,Successful,
TXN002920,2024-05-07,CUST00595,Brisbane,Prepaid,Recharge,Recharge $10,USSD,,10,Successful,
TXN002922,2024-05-07,CUST00252,Melbourne,Prepaid,Recharge,Recharge $2,Web,,2,Successful,
TXN003527,2024-05-07,CUST00806,Perth,Prepaid,Recharge,Recharge $10,USSD,,10,Successful,
TXN003587,2024-05-07,CUST00097,Sydney,Postpaid,Data Bundle,Data 10GB Monthly,Web,10240,0,Failed,
TXN003909,2024-05-07,CUST00284,Sydney,Postpaid,Data Bundle,Data 10GB Monthly,Agent,10240,35,Successful,
TXN004139,2024-05-07,CUST00182,Brisbane,Prepaid,Recharge,Recharge $10,Web,,10,Successful,
TXN000009,2024-05-08,CUST00489,Sydney,Postpaid,Data Bundle,Data 1GB Daily,Agent,1024,3.5,Successful,
TXN000623,2024-05-08,CUST00136,Unknown,Prepaid,Recharge,Recharge $1,Mobile App,,1,Successful,
TXN000941,2024-05-08,CUST00256,Sydney,Prepaid,Recharge,Recharge $1,USSD,,0,Failed,
TXN001038,2024-05-08,CUST00101,Canberra,Postpaid,Data Bundle,Data 40GB Monthly,Agent,40960,110,Successful,
TXN001231,2024-05-08,CUST00402,Brisbane,Postpaid,Voice Bundle,Voice 300min,Mobile App,,11,Successful,
TXN001940,2024-05-08,CUST00082,Sydney,Postpaid,Recharge,Recharge $2,Agent,,2,Successful,
TXN002994,2024-05-08,CUST00044,Canberra,Prepaid,Recharge,Recharge $10,USSD,,10,Successful,
TXN003016,2024-05-08,CUST00240,Hobart,Prepaid,SMS Bundle,SMS 200,Web,,2.5,Successful,
TXN003818,2024-05-08,CUST00419,Perth,Prepaid,Recharge,Recharge $1,Agent,,1,Successful,imputed
TXN004191,2024-05-08,CUST00217,Sydney,Postpaid,Recharge,Recharge $20,Agent,,20,Successful,outlier_corrected
TXN900000,2024-05-08,CUST00217,Sydney,Postpaid,Recharge,Recharge $20,Agent,,20,Successful,outlier_corrected
TXN000407,2024-05-09,CUST00849,Sydney,Prepaid,Data Bundle,Data 1GB Daily,Agent,1024,3.5,Successful,
TXN000465,2024-05-09,CUST00069,Sydney,Prepaid,Voice Bundle,Voice 300min,USSD,,-11,Reversed,
TXN000615,2024-05-09,CUST00648,Melbourne,Prepaid,Recharge,Recharge $1,USSD,,1,Successful,
TXN001678,2024-05-09,CUST00157,Sydney,Prepaid,Recharge,Recharge $10,USSD,,10,Successful,
TXN001758,2024-05-09,CUST00777,Unknown,Prepaid,Recharge,Recharge $2,Agent,,2,Successful,
TXN002138,2024-05-09,CUST00873,Canberra,Postpaid,Data Bundle,Data 2GB Weekly,Web,2048,8,Successful,
TXN002386,2024-05-09,CUST00240,Hobart,Prepaid,Data Bundle,Data 2GB Weekly,USSD,2048,8,Successful,imputed
TXN002794,2024-05-09,CUST00241,Unknown,Prepaid,Recharge,Recharge $1,Web,,1,Successful,
TXN002858,2024-05-09,CUST00728,Brisbane,Postpaid,Voice Bundle,Voice 100min,USSD,,4.5,Successful,
TXN003033,2024-05-09,CUST00361,Sydney,Postpaid,Voice Bundle,Voice 100min,Agent,,4.5,Successful,
TXN003942,2024-05-09,CUST00267,Brisbane,Prepaid,SMS Bundle,SMS 200,Web,,2.5,Successful,
TXN004010,2024-05-09,CUST00898,Perth,Prepaid,Recharge,Recharge $10,Web,,10,Successful,
TXN004171,2024-05-09,CUST00691,Canberra,Postpaid,Recharge,Recharge $1,Web,,1,Successful,imputed
TXN000039,2024-05-10,CUST00566,Perth,Prepaid,Data Bundle,Data 1GB Daily,Agent,1024,3.5,Successful,
TXN000115,2024-05-10,CUST00275,Perth,Prepaid,Data Bundle,Data 1GB Daily,Web,1024,3.5,Successful,
TXN000148,2024-05-10,CUST00009,Sydney,Prepaid,Recharge,Recharge $5,Web,,5,Successful,
TXN000233,2024-05-10,CUST00688,Sydney,Prepaid,Data Bundle,Data 2GB Weekly,Agent,2048,8,Successful,
TXN000488,2024-05-10,CUST00451,Canberra,Prepaid,Recharge,Recharge $2,USSD,,2,Successful,
TXN001146,2024-05-10,CUST00041,Unknown,Prepaid,Data Bundle,Data 40GB Monthly,Mobile App,40960,110,Successful,
TXN001679,2024-05-10,CUST00401,Sydney,Prepaid,Recharge,Recharge $2,Agent,,2,Successful,
TXN001819,2024-05-10,CUST00792,Sydney,Prepaid,Recharge,Recharge $5,Web,,5,Successful,
TXN002461,2024-05-10,CUST00590,Perth,Prepaid,Recharge,Recharge $1,USSD,,1,Successful,
TXN002515,2024-05-10,CUST00827,Adelaide,Prepaid,Recharge,Recharge $10,Web,,10,Successful,
TXN002525,2024-05-10,CUST00627,Brisbane,Prepaid,Recharge,Recharge $10,Agent,,10,Successful,
TXN003353,2024-05-10,CUST00292,Adelaide,Prepaid,Recharge,Recharge $5,USSD,,5,Successful,
TXN003438,2024-05-10,CUST00649,Canberra,Prepaid,Recharge,Recharge $2,Mobile App,,2,Successful,
TXN003927,2024-05-10,CUST00075,Sydney,Prepaid,Recharge,Recharge $5,Web,,5,Successful,
TXN000512,2024-05-11,CUST00199,Melbourne,Prepaid,Voice Bundle,Voice 300min,Mobile App,,11,Successful,
TXN000530,2024-05-11,CUST00632,Sydney,Postpaid,Data Bundle,Data 40GB Monthly,USSD,40960,110,Successful,imputed
TXN001350,2024-05-11,CUST00293,Hobart,Prepaid,Recharge,Recharge $1,Mobile App,,1,Successful,
TXN001812,2024-05-11,CUST00466,Sydney,Prepaid,SMS Bundle,SMS 200,Agent,,0,Failed,imputed
TXN002159,2024-05-11,CUST00724,Sydney,Prepaid,Data Bundle,Data 2GB Weekly,Agent,2048,8,Successful,
TXN002873,2024-05-11,CUST00760,Melbourne,Prepaid,Recharge,Recharge $2,Agent,,2,Successful,
TXN002934,2024-05-11,CUST00485,Brisbane,Postpaid,Voice Bundle,Voice 300min,USSD,,11,Successful,
TXN003126,2024-05-11,CUST00331,Brisbane,Prepaid,Data Bundle,Data 2GB Weekly,Agent,2048,8,Successful,
TXN003409,2024-05-11,CUST00603,Melbourne,Prepaid,Recharge,Recharge $2,Agent,,2,Successful,
TXN003617,2024-05-11,CUST00291,Sydney,Postpaid,Voice Bundle,Voice 100min,Agent,,4.5,Successful,
TXN003754,2024-05-11,CUST00359,Sydney,Prepaid,Recharge,Recharge $1,Agent,,0,Failed,
TXN004179,2024-05-11,CUST00009,Sydney,Prepaid,Data Bundle,Data 10GB Monthly,Web,10240,35,Successful,
TXN000065,2024-05-12,CUST00758,Melbourne,Prepaid,Recharge,Recharge $1,Agent,,1,Successful,
TXN000372,2024-05-12,CUST00820,Sydney,Prepaid,Recharge,Recharge $1,Mobile App,,1,Successful,
TXN001059,2024-05-12,CUST00405,Brisbane,Prepaid,Recharge,Recharge $2,USSD,,2,Successful,
TXN001073,2024-05-12,CUST00276,Perth,Prepaid,Recharge,Recharge $2,Mobile App,,2,Successful,
TXN001108,2024-05-12,CUST00631,Sydney,Prepaid,Recharge,Recharge $1,Web,,0,Failed,
TXN001209,2024-05-12,CUST00282,Brisbane,Prepaid,Data Bundle,Data 1GB Daily,USSD,1024,3.5,Successful,
TXN001630,2024-05-12,CUST00241,Melbourne,Prepaid,Recharge,Recharge $1,Mobile App,,1,Successful,
TXN002213,2024-05-12,CUST00563,Perth,Prepaid,Data Bundle,Data 6GB Monthly,USSD,6144,-25,Reversed,
TXN002620,2024-05-12,CUST00719,Sydney,Prepaid,Recharge,Recharge $10,Mobile App,,10,Successful,
TXN003148,2024-05-12,CUST00472,Adelaide,Prepaid,Recharge,Recharge $5,Web,,5,Successful,
TXN003369,2024-05-12,CUST00835,Brisbane,Postpaid,Data Bundle,Data 1GB Daily,Web,1024,3.5,Successful,
TXN003635,2024-05-12,CUST00201,Melbourne,Prepaid,Data Bundle,Data 2GB Weekly,USSD,2048,-8,Reversed,
TXN000074,2024-05-13,CUST00491,Sydney,Postpaid,Data Bundle,Data 40GB Monthly,Mobile App,40960,110,Successful,
TXN000207,2024-05-13,CUST00090,Melbourne,Prepaid,Data Bundle,Data 40GB Monthly,USSD,40960,110,Successful,
TXN000910,2024-05-13,CUST00843,Perth,Prepaid,Data Bundle,Data 1GB Daily,Web,1024,3.5,Successful,
TXN001479,2024-05-13,CUST00690,Melbourne,Prepaid,Data Bundle,Data 40GB Monthly,Web,40960,110,Successful,
TXN002103,2024-05-13,CUST00208,Sydney,Prepaid,Data Bundle,Data 1GB Daily,USSD,1024,0,Failed,
TXN002499,2024-05-13,CUST00794,Sydney,Prepaid,Recharge,Recharge $20,Web,,-20,Reversed,
TXN002541,2024-05-13,CUST00713,Melbourne,Prepaid,Recharge,Recharge $1,Agent,,1,Successful,
TXN003519,2024-05-13,CUST00786,Canberra,Prepaid,Data Bundle,Data 1GB Daily,Agent,1024,0,Failed,
TXN003638,2024-05-13,CUST00471,Adelaide,Prepaid,Voice Bundle,Voice 100min,Web,,4.5,Successful,
TXN003644,2024-05-13,CUST00140,Sydney,Prepaid,Recharge,Recharge $5,Web,,0,Failed,
TXN003989,2024-05-13,CUST00232,Sydney,Prepaid,Recharge,Recharge $1,Web,,1,Successful,
TXN000041,2024-05-14,CUST00209,Sydney,Prepaid,Voice Bundle,Voice 100min,USSD,,4.5,Successful,
TXN000145,2024-05-14,CUST00230,Brisbane,Prepaid,Recharge,Recharge $2,Agent,,2,Successful,
TXN000323,2024-05-14,CUST00828,Brisbane,Prepaid,Recharge,Recharge $5,Web,,5,Successful,
TXN000477,2024-05-14,CUST00784,Brisbane,Prepaid,Recharge,Recharge $10,Agent,,10,Successful,
TXN000922,2024-05-14,CUST00176,Canberra,Prepaid,SMS Bundle,SMS 200,Web,,2.5,Successful,
TXN001126,2024-05-14,CUST00012,Melbourne,Prepaid,Recharge,Recharge $10,Agent,,10,Successful,
TXN001245,2024-05-14,CUST00340,Sydney,Prepaid,Recharge,Recharge $2,Agent,,2,Successful,
TXN001307,2024-05-14,CUST00056,Hobart,Prepaid,Recharge,Recharge $20,Mobile App,,20,Successful,
TXN001932,2024-05-14,CUST00292,Adelaide,Prepaid,SMS Bundle,SMS 200,Web,,0,Failed,
TXN001976,2024-05-14,CUST00890,Perth,Prepaid,Recharge,Recharge $20,Mobile App,,20,Successful,
TXN002789,2024-05-14,CUST00522,Adelaide,Prepaid,Recharge,Recharge $10,Web,,10,Successful,
TXN002911,2024-05-14,CUST00794,Sydney,Prepaid,Recharge,Recharge $20,Mobile App,,20,Successful,
TXN003056,2024-05-14,CUST00824,Sydney,Postpaid,Data Bundle,Data 1GB Daily,Web,1024,0,Failed,
TXN003445,2024-05-14,CUST00241,Melbourne,Prepaid,Recharge,Recharge $2,Mobile App,,2,Successful,
TXN003568,2024-05-14,CUST00810,Sydney,Postpaid,Data Bundle,Data 40GB Monthly,USSD,40960,110,Successful,
TXN003620,2024-05-14,CUST00683,Adelaide,Prepaid,Data Bundle,Data 1GB Daily,Agent,1024,3.5,Successful,
TXN003648,2024-05-14,CUST00488,Sydney,Prepaid,Recharge,Recharge $5,Mobile App,,-5,Reversed,
TXN004064,2024-05-14,CUST00020,Hobart,Prepaid,Data Bundle,Data 1GB Daily,Agent,1024,0,Failed,imputed
TXN000083,2024-05-15,CUST00457,Sydney,Prepaid,Data Bundle,Data 2GB Weekly,USSD,2048,0,Failed,
TXN000957,2024-05-15,CUST00534,Perth,Prepaid,Recharge,Recharge $1,Mobile App,,1,Successful,
TXN001257,2024-05-15,CUST00480,Melbourne,Prepaid,Recharge,Recharge $10,USSD,,10,Successful,
TXN001371,2024-05-15,CUST00422,Perth,Postpaid,Data Bundle,Data 40GB Monthly,Agent,40960,110,Successful,
TXN001448,2024-05-15,CUST00685,Unknown,Postpaid,Data Bundle,Data 40GB Monthly,Mobile App,40960,-110,Reversed,
TXN001478,2024-05-15,CUST00328,Adelaide,Prepaid,Data Bundle,Data 40GB Monthly,Mobile App,40960,110,Successful,
TXN001657,2024-05-15,CUST00290,Melbourne,Prepaid,SMS Bundle,SMS 200,Web,,2.5,Successful,
TXN002150,2024-05-15,CUST00091,Perth,Prepaid,Data Bundle,Data 10GB Monthly,Mobile App,10240,35,Successful,
TXN002154,2024-05-15,CUST00795,Melbourne,Postpaid,Data Bundle,Data 2GB Weekly,Web,2048,8,Successful,
TXN002343,2024-05-15,CUST00164,Sydney,Postpaid,Recharge,Recharge $10,USSD,,10,Successful,imputed
TXN002379,2024-05-15,CUST00339,Adelaide,Postpaid,Recharge,Recharge $10,Agent,,0,Failed,
TXN003064,2024-05-15,CUST00776,Adelaide,Prepaid,Recharge,Recharge $5,Mobile App,,5,Successful,
TXN003176,2024-05-15,CUST00347,Perth,Postpaid,Data Bundle,Data 2GB Weekly,USSD,2048,8,Successful,
TXN004141,2024-05-15,CUST00427,Sydney,Prepaid,Voice Bundle,Voice 100min,USSD,,4.5,Successful,imputed
TXN900025,2024-05-15,CUST00290,Melbourne,Prepaid,SMS Bundle,SMS 200,Web,,2.5,Successful,
TXN000447,2024-05-16,CUST00741,Brisbane,Prepaid,Data Bundle,Data 10GB Monthly,USSD,10240,35,Successful,
TXN000967,2024-05-16,CUST00761,Sydney,Prepaid,SMS Bundle,SMS 200,USSD,,0,Failed,
TXN001072,2024-05-16,CUST00228,Sydney,Prepaid,Recharge,Recharge $10,USSD,,0,Failed,
TXN001447,2024-05-16,CUST00164,Sydney,Postpaid,Data Bundle,Data 1GB Daily,Web,1024,0,Failed,
TXN001864,2024-05-16,CUST00237,Melbourne,Prepaid,SMS Bundle,SMS 200,USSD,,2.5,Successful,
TXN001988,2024-05-16,CUST00582,Perth,Prepaid,Recharge,Recharge $1,Web,,1,Successful,
TXN002165,2024-05-16,CUST00006,Sydney,Prepaid,Recharge,Recharge $2,Mobile App,,2,Successful,imputed
TXN003465,2024-05-16,CUST00332,Canberra,Prepaid,Recharge,Recharge $2,Web,,2,Successful,
TXN003468,2024-05-16,CUST00800,Brisbane,Prepaid,Recharge,Recharge $2,Mobile App,,-2,Reversed,
TXN003488,2024-05-16,CUST00485,Brisbane,Postpaid,Voice Bundle,Voice 300min,Agent,,11,Successful,
TXN003624,2024-05-16,CUST00106,Unknown,Prepaid,Recharge,Recharge $10,Agent,,-10,Reversed,
TXN004080,2024-05-16,CUST00454,Perth,Prepaid,SMS Bundle,SMS 200,Mobile App,,0,Failed,
TXN000016,2024-05-17,CUST00169,Sydney,Postpaid,Data Bundle,Data 10GB Monthly,Web,10240,35,Successful,
TXN001365,2024-05-17,CUST00654,Perth,Prepaid,Voice Bundle,Voice 100min,Agent,,4.5,Successful,
TXN001455,2024-05-17,CUST00168,Hobart,Postpaid,Voice Bundle,Voice 100min,USSD,,4.5,Successful,
TXN001593,2024-05-17,CUST00304,Melbourne,Prepaid,Recharge,Recharge $10,Agent,,10,Successful,
TXN001827,2024-05-17,CUST00012,Melbourne,Prepaid,Data Bundle,Data 1GB Daily,USSD,1024,3.5,Successful,
TXN001930,2024-05-17,CUST00544,Melbourne,Prepaid,Voice Bundle,Voice 300min,USSD,,11,Successful,
TXN002101,2024-05-17,CUST00024,Sydney,Prepaid,Recharge,Recharge $2,Mobile App,,2,Successful,imputed
TXN002910,2024-05-17,CUST00533,Sydney,Prepaid,Data Bundle,Data 1GB Daily,Mobile App,1024,0,Failed,imputed
TXN003399,2024-05-17,CUST00416,Hobart,Prepaid,Data Bundle,Data 2GB Weekly,Mobile App,2048,8,Successful,
TXN003821,2024-05-17,CUST00586,Sydney,Prepaid,Data Bundle,Data 2GB Weekly,USSD,2048,8,Successful,
TXN000035,2024-05-18,CUST00868,Perth,Prepaid,Recharge,Recharge $2,USSD,,2,Successful,
TXN000196,2024-05-18,CUST00051,Sydney,Prepaid,Recharge,Recharge $1,USSD,,0,Failed,
TXN000658,2024-05-18,CUST00853,Sydney,Postpaid,Voice Bundle,Voice 100min,Agent,,-4.5,Reversed,
TXN001167,2024-05-18,CUST00361,Sydney,Postpaid,SMS Bundle,SMS 200,Mobile App,,-2.5,Reversed,
TXN001325,2024-05-18,CUST00594,Canberra,Postpaid,Recharge,Recharge $2,Agent,,2,Successful,
TXN001483,2024-05-18,CUST00241,Melbourne,Prepaid,Data Bundle,Data 1GB Daily,USSD,1024,3.5,Successful,
TXN002206,2024-05-18,CUST00390,Melbourne,Prepaid,Recharge,Recharge $2,Agent,,2,Successful,
TXN002563,2024-05-18,CUST00396,Canberra,Prepaid,Voice Bundle,Voice 100min,Web,,4.5,Successful,
TXN002565,2024-05-18,CUST00395,Brisbane,Prepaid,Recharge,Recharge $2,Mobile App,,2,Successful,
TXN003558,2024-05-18,CUST00222,Brisbane,Postpaid,Recharge,Recharge $1,Web,,1,Successful,
TXN003812,2024-05-18,CUST00193,Melbourne,Prepaid,Recharge,Recharge $10,Web,,10,Successful,
TXN000365,2024-05-19,CUST00686,Sydney,Prepaid,Recharge,Recharge $1,USSD,,1,Successful,
TXN000820,2024-05-19,CUST00108,Canberra,Postpaid,Data Bundle,Data 40GB Monthly,Mobile App,40960,110,Successful,
TXN000926,2024-05-19,CUST00539,Perth,Prepaid,Recharge,Recharge $10,USSD,,0,Failed,
TXN000968,2024-05-19,CUST00128,Canberra,Postpaid,Data Bundle,Data 40GB Monthly,Agent,40960,110,Successful,
TXN001547,2024-05-19,CUST00525,Canberra,Prepaid,SMS Bundle,SMS 200,Agent,,2.5,Successful,
TXN001683,2024-05-19,CUST00007,Sydney,Prepaid,Recharge,Recharge $10,Mobile App,,10,Successful,imputed
TXN002304,2024-05-19,CUST00441,Sydney,Prepaid,Voice Bundle,Voice 100min,Web,,4.5,Successful,
TXN002345,2024-05-19,CUST00032,Brisbane,Prepaid,Recharge,Recharge $5,Web,,5,Successful,
TXN002411,2024-05-19,CUST00468,Brisbane,Postpaid,Voice Bundle,Voice 300min,Mobile App,,11,Successful,
TXN002552,2024-05-19,CUST00138,Sydney,Prepaid,Recharge,Recharge $2,USSD,,0,Failed,imputed
TXN003415,2024-05-19,CUST00773,Brisbane,Postpaid,Data Bundle,Data 10GB Monthly,USSD,10240,35,Successful,
TXN003806,2024-05-19,CUST00514,Sydney,Postpaid,Recharge,Recharge $10,Mobile App,,10,Successful,imputed
TXN004098,2024-05-19,CUST00851,Brisbane,Prepaid,Recharge,Recharge $10,Agent,,10,Successful,
TXN000361,2024-05-20,CUST00228,Sydney,Prepaid,Recharge,Recharge $5,Agent,,5,Successful,
TXN000433,2024-05-20,CUST00051,Sydney,Prepaid,Recharge,Recharge $1,Web,,1,Successful,
TXN001056,2024-05-20,CUST00059,Sydney,Prepaid,Recharge,Recharge $5,Agent,,0,Failed,
TXN001418,2024-05-20,CUST00040,Sydney,Prepaid,Data Bundle,Data 2GB Weekly,Mobile App,2048,0,Failed,
TXN001928,2024-05-20,CUST00729,Brisbane,Prepaid,Recharge,Recharge $1,Mobile App,,1,Successful,
TXN001990,2024-05-20,CUST00099,Brisbane,Prepaid,Recharge,Recharge $2,Agent,,0,Failed,imputed
TXN002064,2024-05-20,CUST00370,Melbourne,Prepaid,Voice Bundle,Voice 100min,Mobile App,,0,Failed,imputed
TXN002294,2024-05-20,CUST00648,Melbourne,Prepaid,Voice Bundle,Voice 300min,Web,,0,Failed,
TXN002571,2024-05-20,CUST00712,Canberra,Prepaid,Voice Bundle,Voice 100min,Web,,4.5,Successful,
TXN002622,2024-05-20,CUST00352,Adelaide,Prepaid,Recharge,Recharge $10,Web,,10,Successful,
TXN003026,2024-05-20,CUST00712,Canberra,Prepaid,Data Bundle,Data 1GB Daily,Mobile App,1024,3.5,Successful,
TXN003663,2024-05-20,CUST00414,Sydney,Prepaid,Recharge,Recharge $1,USSD,,1,Successful,
TXN003692,2024-05-20,CUST00657,Canberra,Prepaid,Recharge,Recharge $1,Mobile App,,1,Successful,
TXN003792,2024-05-20,CUST00864,Brisbane,Prepaid,SMS Bundle,SMS 200,Web,,2.5,Successful,
TXN003893,2024-05-20,CUST00129,Sydney,Prepaid,Recharge,Recharge $1,Mobile App,,1,Successful,
TXN004189,2024-05-20,CUST00681,Sydney,Postpaid,Recharge,Recharge $20,Agent,,20,Successful,outlier_corrected
TXN000062,2024-05-21,CUST00793,Sydney,Prepaid,SMS Bundle,SMS 200,Agent,,2.5,Successful,imputed
TXN000394,2024-05-21,CUST00234,Sydney,Prepaid,Recharge,Recharge $2,Agent,,2,Successful,
TXN000665,2024-05-21,CUST00280,Adelaide,Prepaid,Recharge,Recharge $5,USSD,,5,Successful,
TXN000731,2024-05-21,CUST00566,Perth,Prepaid,Voice Bundle,Voice 100min,Mobile App,,4.5,Successful,
TXN000817,2024-05-21,CUST00862,Melbourne,Postpaid,Recharge,Recharge $5,USSD,,5,Successful,
TXN002615,2024-05-21,CUST00505,Hobart,Prepaid,Data Bundle,Data 6GB Monthly,Mobile App,6144,25,Successful,
TXN002839,2024-05-21,CUST00159,Melbourne,Prepaid,Data Bundle,Data 2GB Weekly,Mobile App,2048,8,Successful,
TXN002975,2024-05-21,CUST00650,Melbourne,Prepaid,Recharge,Recharge $2,USSD,,-2,Reversed,
TXN003142,2024-05-21,CUST00587,Unknown,Prepaid,Data Bundle,Data 1GB Daily,Agent,1024,3.5,Successful,
TXN003828,2024-05-21,CUST00318,Sydney,Prepaid,Data Bundle,Data 1GB Daily,Mobile App,1024,3.5,Successful,
TXN004091,2024-05-21,CUST00526,Adelaide,Postpaid,Data Bundle,Data 6GB Monthly,USSD,6144,25,Successful,
TXN004099,2024-05-21,CUST00256,Sydney,Prepaid,Voice Bundle,Voice 300min,USSD,,11,Successful,imputed
TXN000116,2024-05-22,CUST00808,Melbourne,Prepaid,Recharge,Recharge $1,Web,,1,Successful,
TXN000268,2024-05-22,CUST00494,Canberra,Prepaid,Recharge,Recharge $2,USSD,,2,Successful,
TXN000321,2024-05-22,CUST00339,Adelaide,Postpaid,Recharge,Recharge $2,Mobile App,,2,Successful,imputed
TXN000472,2024-05-22,CUST00748,Canberra,Postpaid,Data Bundle,Data 6GB Monthly,Mobile App,6144,25,Successful,imputed
TXN000694,2024-05-22,CUST00184,Sydney,Prepaid,Recharge,Recharge $5,USSD,,5,Successful,
TXN000929,2024-05-22,CUST00469,Brisbane,Postpaid,Data Bundle,Data 6GB Monthly,USSD,6144,25,Successful,
TXN001440,2024-05-22,CUST00616,Brisbane,Prepaid,Recharge,Recharge $1,Mobile App,,1,Successful,
TXN001481,2024-05-22,CUST00769,Hobart,Prepaid,Recharge,Recharge $2,Agent,,2,Successful,
TXN001691,2024-05-22,CUST00373,Sydney,Postpaid,Data Bundle,Data 10GB Monthly,Mobile App,10240,0,Failed,
TXN002385,2024-05-22,CUST00699,Perth,Prepaid,Recharge,Recharge $2,Agent,,0,Failed,imputed
TXN002469,2024-05-22,CUST00215,Adelaide,Prepaid,Voice Bundle,Voice 100min,Web,,4.5,Successful,
TXN002493,2024-05-22,CUST00158,Adelaide,Postpaid,Recharge,Recharge $5,Mobile App,,5,Successful,
TXN002539,2024-05-22,CUST00597,Sydney,Prepaid,Data Bundle,Data 1GB Daily,USSD,1024,3.5,Successful,
TXN003411,2024-05-22,CUST00164,Sydney,Postpaid,Data Bundle,Data 2GB Weekly,Web,2048,8,Successful,
TXN003481,2024-05-22,CUST00313,Brisbane,Prepaid,Voice Bundle,Voice 100min,Web,,4.5,Successful,
TXN003749,2024-05-22,CUST00851,Brisbane,Prepaid,Data Bundle,Data 1GB Daily,USSD,1024,3.5,Successful,
TXN003776,2024-05-22,CUST00542,Sydney,Prepaid,Voice Bundle,Voice 100min,Agent,,0,Failed,
TXN003951,2024-05-22,CUST00346,Perth,Prepaid,Recharge,Recharge $5,USSD,,5,Successful,
TXN003961,2024-05-22,CUST00189,Perth,Prepaid,Data Bundle,Data 1GB Daily,Agent,1024,0,Failed,
TXN004055,2024-05-22,CUST00362,Adelaide,Prepaid,Recharge,Recharge $1,USSD,,1,Successful,
TXN900024,2024-05-22,CUST00362,Adelaide,Prepaid,Recharge,Recharge $1,USSD,,1,Successful,
TXN000435,2024-05-23,CUST00842,Sydney,Postpaid,Data Bundle,Data 6GB Monthly,USSD,6144,25,Successful,imputed
TXN000965,2024-05-23,CUST00074,Brisbane,Prepaid,Recharge,Recharge $2,USSD,,2,Successful,
TXN001710,2024-05-23,CUST00650,Melbourne,Prepaid,Data Bundle,Data 1GB Daily,USSD,1024,3.5,Successful,imputed
TXN002046,2024-05-23,CUST00602,Brisbane,Prepaid,Data Bundle,Data 6GB Monthly,USSD,6144,25,Successful,
TXN002249,2024-05-23,CUST00241,Melbourne,Prepaid,Recharge,Recharge $20,Web,,20,Successful,
TXN002887,2024-05-23,CUST00291,Sydney,Postpaid,Recharge,Recharge $1,Agent,,1,Successful,
TXN002909,2024-05-23,CUST00170,Melbourne,Prepaid,Recharge,Recharge $5,USSD,,5,Successful,imputed
TXN002997,2024-05-23,CUST00122,Brisbane,Postpaid,Data Bundle,Data 40GB Monthly,Agent,40960,110,Successful,
TXN003632,2024-05-23,CUST00552,Melbourne,Prepaid,Data Bundle,Data 6GB Monthly,Agent,6144,25,Successful,
TXN003706,2024-05-23,CUST00447,Sydney,Postpaid,Data Bundle,Data 10GB Monthly,Web,10240,0,Failed,
TXN004146,2024-05-23,CUST00343,Sydney,Prepaid,Recharge,Recharge $20,USSD,,20,Successful,
TXN000123,2024-05-24,CUST00235,Perth,Prepaid,Recharge,Recharge $5,Mobile App,,5,Successful,
TXN000139,2024-05-24,CUST00171,Adelaide,Prepaid,Voice Bundle,Voice 100min,USSD,,4.5,Successful,
TXN001610,2024-05-24,CUST00835,Brisbane,Postpaid,Data Bundle,Data 10GB Monthly,Web,10240,35,Successful,
TXN002472,2024-05-24,CUST00816,Sydney,Prepaid,Voice Bundle,Voice 100min,Mobile App,,4.5,Successful,
TXN002583,2024-05-24,CUST00670,Adelaide,Prepaid,Data Bundle,Data 1GB Daily,Agent,1024,3.5,Successful,
TXN002595,2024-05-24,CUST00534,Perth,Prepaid,Recharge,Recharge $10,Web,,10,Successful,
TXN002689,2024-05-24,CUST00690,Melbourne,Prepaid,Recharge,Recharge $1,USSD,,1,Successful,
TXN003067,2024-05-24,CUST00045,Sydney,Prepaid,Recharge,Recharge $5,Agent,,-5,Reversed,
TXN003327,2024-05-24,CUST00016,Adelaide,Prepaid,Recharge,Recharge $5,Mobile App,,5,Successful,
TXN003416,2024-05-24,CUST00654,Perth,Prepaid,Recharge,Recharge $2,Agent,,-2,Reversed,
TXN003875,2024-05-24,CUST00098,Melbourne,Postpaid,Data Bundle,Data 1GB Daily,Web,1024,3.5,Successful,
TXN003921,2024-05-24,CUST00022,Sydney,Prepaid,Data Bundle,Data 2GB Weekly,Agent,2048,8,Successful,
TXN003960,2024-05-24,CUST00040,Sydney,Prepaid,Data Bundle,Data 40GB Monthly,USSD,40960,110,Successful,
TXN000521,2024-05-25,CUST00795,Melbourne,Postpaid,SMS Bundle,SMS 200,Mobile App,,2.5,Successful,
TXN000808,2024-05-25,CUST00347,Perth,Postpaid,Recharge,Recharge $2,Mobile App,,2,Successful,
TXN001158,2024-05-25,CUST00439,Sydney,Postpaid,Recharge,Recharge $5,Web,,5,Successful,
TXN001757,2024-05-25,CUST00081,Sydney,Prepaid,Data Bundle,Data 1GB Daily,Web,1024,3.5,Successful,
TXN001925,2024-05-25,CUST00675,Melbourne,Prepaid,Data Bundle,Data 2GB Weekly,Mobile App,2048,0,Failed,
TXN002952,2024-05-25,CUST00242,Melbourne,Prepaid,Recharge,Recharge $5,Mobile App,,0,Failed,imputed
TXN003320,2024-05-25,CUST00024,Sydney,Prepaid,SMS Bundle,SMS 200,USSD,,2.5,Successful,
TXN003506,2024-05-25,CUST00849,Sydney,Prepaid,Data Bundle,Data 2GB Weekly,Web,2048,8,Successful,
TXN003822,2024-05-25,CUST00226,Hobart,Prepaid,Recharge,Recharge $1,USSD,,1,Successful,
TXN004097,2024-05-25,CUST00139,Sydney,Prepaid,Data Bundle,Data 2GB Weekly,Web,2048,-8,Reversed,
TXN000082,2024-05-26,CUST00771,Hobart,Prepaid,Recharge,Recharge $1,Mobile App,,1,Successful,
TXN000085,2024-05-26,CUST00320,Brisbane,Prepaid,Recharge,Recharge $20,Web,,20,Successful,
TXN000461,2024-05-26,CUST00015,Hobart,Prepaid,Recharge,Recharge $10,Mobile App,,0,Failed,imputed
TXN001571,2024-05-26,CUST00637,Sydney,Prepaid,Recharge,Recharge $1,Mobile App,,1,Successful,
TXN001632,2024-05-26,CUST00549,Adelaide,Prepaid,Data Bundle,Data 2GB Weekly,Mobile App,2048,8,Successful,
TXN002574,2024-05-26,CUST00696,Melbourne,Prepaid,Voice Bundle,Voice 100min,Mobile App,,4.5,Successful,imputed
TXN002696,2024-05-26,CUST00215,Adelaide,Prepaid,Data Bundle,Data 2GB Weekly,Agent,2048,8,Successful,
TXN003311,2024-05-26,CUST00234,Sydney,Prepaid,Recharge,Recharge $1,USSD,,0,Failed,imputed
TXN003947,2024-05-26,CUST00439,Sydney,Postpaid,Data Bundle,Data 40GB Monthly,Web,40960,110,Successful,
TXN000043,2024-05-27,CUST00236,Melbourne,Prepaid,Data Bundle,Data 1GB Daily,Agent,1024,3.5,Successful,
TXN000073,2024-05-27,CUST00451,Canberra,Prepaid,Recharge,Recharge $1,Mobile App,,1,Successful,
TXN000075,2024-05-27,CUST00334,Adelaide,Prepaid,Recharge,Recharge $1,Mobile App,,1,Successful,
TXN000449,2024-05-27,CUST00790,Sydney,Postpaid,Voice Bundle,Voice 300min,Mobile App,,0,Failed,
TXN000843,2024-05-27,CUST00265,Sydney,Prepaid,Recharge,Recharge $2,Mobile App,,2,Successful,
TXN002305,2024-05-27,CUST00568,Hobart,Prepaid,Recharge,Recharge $5,Mobile App,,5,Successful,
TXN003674,2024-05-27,CUST00791,Melbourne,Postpaid,Recharge,Recharge $10,Agent,,10,Successful,
TXN003786,2024-05-27,CUST00864,Brisbane,Prepaid,Data Bundle,Data 10GB Monthly,Agent,10240,35,Successful,
TXN000667,2024-05-28,CUST00894,Perth,Prepaid,Recharge,Recharge $5,Agent,,5,Successful,
TXN001002,2024-05-28,CUST00587,Sydney,Prepaid,Data Bundle,Data 1GB Daily,USSD,1024,0,Failed,imputed
TXN001147,2024-05-28,CUST00452,Canberra,Prepaid,Recharge,Recharge $5,Web,,5,Successful,
TXN001493,2024-05-28,CUST00469,Brisbane,Postpaid,Data Bundle,Data 2GB Weekly,Mobile App,2048,8,Successful,
TXN002218,2024-05-28,CUST00351,Perth,Postpaid,Voice Bundle,Voice 300min,USSD,,11,Successful,
TXN002298,2024-05-28,CUST00095,Sydney,Prepaid,SMS Bundle,SMS 200,Web,,2.5,Successful,
TXN002976,2024-05-28,CUST00106,Sydney,Prepaid,Data Bundle,Data 6GB Monthly,Mobile App,6144,25,Successful,
TXN003833,2024-05-28,CUST00353,Sydney,Prepaid,Recharge,Recharge $5,Web,,5,Successful,
TXN003839,2024-05-28,CUST00702,Melbourne,Prepaid,Recharge,Recharge $10,Web,,10,Successful,
TXN003943,2024-05-28,CUST00461,Perth,Postpaid,Data Bundle,Data 40GB Monthly,USSD,40960,110,Successful,
TXN004145,2024-05-28,CUST00002,Sydney,Prepaid,Data Bundle,Data 2GB Weekly,USSD,2048,8,Successful,
TXN000419,2024-06-01,CUST00649,Canberra,Prepaid,Recharge,Recharge $5,Mobile App,,5,Successful,
TXN000554,2024-06-01,CUST00191,Perth,Prepaid,Data Bundle,Data 40GB Monthly,Agent,40960,110,Successful,
TXN000732,2024-06-01,CUST00879,Melbourne,Prepaid,SMS Bundle,SMS 200,USSD,,2.5,Successful,
TXN000848,2024-06-01,CUST00569,Melbourne,Prepaid,Data Bundle,Data 1GB Daily,Mobile App,1024,3.5,Successful,
TXN000855,2024-06-01,CUST00624,Sydney,Postpaid,Data Bundle,Data 1GB Daily,Web,1024,3.5,Successful,
TXN000868,2024-06-01,CUST00546,Canberra,Prepaid,Recharge,Recharge $5,USSD,,5,Successful,
TXN002439,2024-06-01,CUST00122,Brisbane,Postpaid,Data Bundle,Data 40GB Monthly,Agent,40960,110,Successful,
TXN002503,2024-06-01,CUST00338,Brisbane,Prepaid,Data Bundle,Data 2GB Weekly,Web,2048,8,Successful,
TXN002768,2024-06-01,CUST00285,Perth,Postpaid,Data Bundle,Data 1GB Daily,Agent,1024,3.5,Successful,
TXN002929,2024-06-01,CUST00806,Perth,Prepaid,Data Bundle,Data 6GB Monthly,USSD,6144,25,Successful,
TXN003260,2024-06-01,CUST00712,Canberra,Prepaid,Recharge,Recharge $20,Mobile App,,20,Successful,
TXN003453,2024-06-01,CUST00788,Melbourne,Postpaid,Data Bundle,Data 10GB Monthly,USSD,10240,0,Failed,imputed
TXN003539,2024-06-01,CUST00228,Sydney,Prepaid,Data Bundle,Data 1GB Daily,USSD,1024,3.5,Successful,
TXN003878,2024-06-01,CUST00579,Melbourne,Prepaid,Data Bundle,Data 2GB Weekly,Web,2048,8,Successful,
TXN003959,2024-06-01,CUST00648,Melbourne,Prepaid,Recharge,Recharge $2,Agent,,2,Successful,
TXN000273,2024-06-02,CUST00106,Sydney,Prepaid,Recharge,Recharge $1,Agent,,0,Failed,imputed
TXN000484,2024-06-02,CUST00438,Hobart,Prepaid,Data Bundle,Data 10GB Monthly,Web,10240,35,Successful,
TXN001911,2024-06-02,CUST00003,Perth,Prepaid,SMS Bundle,SMS 200,Agent,,2.5,Successful,imputed
TXN002038,2024-06-02,CUST00085,Sydney,Prepaid,SMS Bundle,SMS 200,Mobile App,,2.5,Successful,
TXN002641,2024-06-02,CUST00443,Hobart,Prepaid,Recharge,Recharge $20,USSD,,20,Successful,
TXN003031,2024-06-02,CUST00806,Perth,Prepaid,Data Bundle,Data 40GB Monthly,USSD,40960,110,Successful,
TXN003655,2024-06-02,CUST00422,Perth,Postpaid,Voice Bundle,Voice 300min,USSD,,11,Successful,
TXN004133,2024-06-02,CUST00187,Adelaide,Prepaid,Data Bundle,Data 1GB Daily,Web,1024,3.5,Successful,
TXN004143,2024-06-02,CUST00159,Melbourne,Prepaid,Recharge,Recharge $20,Web,,20,Successful,
TXN900008,2024-06-02,CUST00443,Hobart,Prepaid,Recharge,Recharge $20,USSD,,20,Successful,
TXN900037,2024-06-02,CUST00422,Perth,Postpaid,Voice Bundle,Voice 300min,USSD,,11,Successful,
TXN000266,2024-06-03,CUST00422,Perth,Postpaid,Data Bundle,Data 40GB Monthly,Mobile App,40960,0,Failed,
TXN000454,2024-06-03,CUST00562,Adelaide,Prepaid,Recharge,Recharge $10,Mobile App,,10,Successful,
TXN000671,2024-06-03,CUST00428,Canberra,Postpaid,Data Bundle,Data 10GB Monthly,Web,10240,35,Successful,
TXN000773,2024-06-03,CUST00298,Melbourne,Postpaid,Recharge,Recharge $5,Agent,,5,Successful,
TXN001152,2024-06-03,CUST00205,Unknown,Prepaid,SMS Bundle,SMS 200,Web,,2.5,Successful,
TXN001392,2024-06-03,CUST00108,Canberra,Postpaid,Data Bundle,Data 10GB Monthly,USSD,10240,35,Successful,
TXN001588,2024-06-03,CUST00464,Melbourne,Prepaid,Recharge,Recharge $10,Mobile App,,10,Successful,
TXN001985,2024-06-03,CUST00765,Melbourne,Postpaid,Recharge,Recharge $2,Agent,,2,Successful,
TXN002102,2024-06-03,CUST00208,Sydney,Prepaid,Recharge,Recharge $5,Mobile App,,5,Successful,
TXN002587,2024-06-03,CUST00044,Canberra,Prepaid,Recharge,Recharge $2,Agent,,2,Successful,
TXN003205,2024-06-03,CUST00426,Hobart,Prepaid,SMS Bundle,SMS 200,Mobile App,,2.5,Successful,
TXN003209,2024-06-03,CUST00885,Sydney,Prepaid,Data Bundle,Data 1GB Daily,Web,1024,-3.5,Reversed,
TXN003660,2024-06-03,CUST00482,Adelaide,Postpaid,Data Bundle,Data 40GB Monthly,Web,40960,110,Successful,imputed
TXN000276,2024-06-04,CUST00734,Hobart,Prepaid,Recharge,Recharge $1,Agent,,1,Successful,
TXN001224,2024-06-04,CUST00151,Hobart,Prepaid,Recharge,Recharge $2,Mobile App,,2,Successful,imputed
TXN001645,2024-06-04,CUST00348,Adelaide,Prepaid,Recharge,Recharge $1,USSD,,1,Successful,
TXN001653,2024-06-04,CUST00803,Brisbane,Postpaid,Recharge,Recharge $2,Mobile App,,2,Successful,
TXN002110,2024-06-04,CUST00408,Brisbane,Prepaid,Recharge,Recharge $10,Mobile App,,10,Successful,
TXN002178,2024-06-04,CUST00736,Canberra,Prepaid,Recharge,Recharge $2,Mobile App,,2,Successful,
TXN002223,2024-06-04,CUST00473,Sydney,Prepaid,Recharge,Recharge $1,USSD,,0,Failed,
TXN002235,2024-06-04,CUST00413,Canberra,Prepaid,Data Bundle,Data 1GB Daily,USSD,1024,0,Failed,
TXN003190,2024-06-04,CUST00679,Sydney,Prepaid,SMS Bundle,SMS 200,Mobile App,,2.5,Successful,
TXN003759,2024-06-04,CUST00608,Perth,Postpaid,Recharge,Recharge $2,Agent,,-2,Reversed,
TXN004030,2024-06-04,CUST00825,Sydney,Prepaid,Voice Bundle,Voice 100min,Agent,,0,Failed,imputed
TXN000528,2024-06-05,CUST00554,Perth,Postpaid,Voice Bundle,Voice 300min,Web,,0,Failed,
TXN001017,2024-06-05,CUST00608,Perth,Postpaid,Data Bundle,Data 1GB Daily,Mobile App,1024,0,Failed,imputed
TXN001226,2024-06-05,CUST00363,Canberra,Postpaid,Data Bundle,Data 1GB Daily,Web,1024,3.5,Successful,
TXN002096,2024-06-05,CUST00658,Sydney,Prepaid,Recharge,Recharge $5,Agent,,5,Successful,
TXN002446,2024-06-05,CUST00805,Sydney,Prepaid,SMS Bundle,SMS 200,Agent,,2.5,Successful,
TXN002738,2024-06-05,CUST00251,Brisbane,Prepaid,Recharge,Recharge $5,Mobile App,,5,Successful,
TXN002928,2024-06-05,CUST00846,Canberra,Prepaid,Recharge,Recharge $1,Mobile App,,1,Successful,
TXN003105,2024-06-05,CUST00439,Sydney,Postpaid,Voice Bundle,Voice 300min,Web,,11,Successful,
TXN003780,2024-06-05,CUST00060,Brisbane,Prepaid,Recharge,Recharge $2,Mobile App,,2,Successful,
TXN003803,2024-06-05,CUST00795,Melbourne,Postpaid,Data Bundle,Data 1GB Daily,Web,1024,3.5,Successful,
TXN004066,2024-06-05,CUST00502,Brisbane,Postpaid,Voice Bundle,Voice 100min,USSD,,4.5,Successful,
TXN004082,2024-06-05,CUST00479,Sydney,Prepaid,Recharge,Recharge $2,USSD,,2,Successful,imputed
TXN000535,2024-06-06,CUST00491,Sydney,Postpaid,Recharge,Recharge $20,USSD,,20,Successful,
TXN000654,2024-06-06,CUST00823,Melbourne,Prepaid,Recharge,Recharge $10,Mobile App,,10,Successful,
TXN000791,2024-06-06,CUST00715,Sydney,Prepaid,Recharge,Recharge $2,Mobile App,,-2,Reversed,
TXN000938,2024-06-06,CUST00158,Unknown,Postpaid,Recharge,Recharge $1,Mobile App,,1,Successful,
TXN001051,2024-06-06,CUST00622,Sydney,Prepaid,Voice Bundle,Voice 100min,Mobile App,,4.5,Successful,
TXN001168,2024-06-06,CUST00470,Adelaide,Prepaid,Recharge,Recharge $2,Agent,,2,Successful,
TXN002181,2024-06-06,CUST00759,Brisbane,Prepaid,Recharge,Recharge $10,USSD,,10,Successful,
TXN002559,2024-06-06,CUST00094,Hobart,Prepaid,Data Bundle,Data 10GB Monthly,Agent,10240,35,Successful,imputed
TXN002814,2024-06-06,CUST00024,Sydney,Prepaid,Data Bundle,Data 2GB Weekly,USSD,2048,8,Successful,
TXN003254,2024-06-06,CUST00347,Perth,Postpaid,Voice Bundle,Voice 100min,Web,,4.5,Successful,
TXN004057,2024-06-06,CUST00132,Melbourne,Prepaid,Recharge,Recharge $1,USSD,,1,Successful,
TXN000858,2024-06-07,CUST00128,Canberra,Postpaid,Recharge,Recharge $10,Agent,,0,Failed,imputed
TXN001157,2024-06-07,CUST00893,Unknown,Prepaid,Recharge,Recharge $2,USSD,,2,Successful,
TXN001544,2024-06-07,CUST00792,Sydney,Prepaid,Recharge,Recharge $10,Agent,,10,Successful,
TXN001746,2024-06-07,CUST00379,Brisbane,Prepaid,Recharge,Recharge $2,Agent,,2,Successful,
TXN001862,2024-06-07,CUST00859,Canberra,Prepaid,Data Bundle,Data 2GB Weekly,Web,2048,8,Successful,
TXN002342,2024-06-07,CUST00441,Sydney,Prepaid,Recharge,Recharge $2,Web,,2,Successful,imputed
TXN002548,2024-06-07,CUST00066,Sydney,Prepaid,Recharge,Recharge $2,Mobile App,,-2,Reversed,
TXN002954,2024-06-07,CUST00661,Adelaide,Postpaid,Data Bundle,Data 1GB Daily,USSD,1024,3.5,Successful,
TXN003099,2024-06-07,CUST00461,Perth,Postpaid,Data Bundle,Data 1GB Daily,USSD,1024,3.5,Successful,
TXN003163,2024-06-07,CUST00864,Brisbane,Prepaid,Recharge,Recharge $1,Agent,,1,Successful,
TXN003716,2024-06-07,CUST00754,Sydney,Prepaid,Data Bundle,Data 10GB Monthly,Mobile App,10240,-35,Reversed,
TXN003747,2024-06-07,CUST00187,Unknown,Prepaid,Recharge,Recharge $10,Agent,,10,Successful,
TXN004121,2024-06-07,CUST00500,Canberra,Postpaid,Data Bundle,Data 6GB Monthly,Web,6144,25,Successful,
TXN000248,2024-06-08,CUST00832,Melbourne,Prepaid,SMS Bundle,SMS 200,USSD,,2.5,Successful,imputed
TXN000575,2024-06-08,CUST00702,Melbourne,Prepaid,Recharge,Recharge $2,USSD,,0,Failed,
TXN000604,2024-06-08,CUST00536,Brisbane,Prepaid,Data Bundle,Data 2GB Weekly,Web,2048,8,Successful,
TXN001824,2024-06-08,CUST00487,Adelaide,Postpaid,Recharge,Recharge $1,Mobile App,,-1,Reversed,
TXN001991,2024-06-08,CUST00366,Melbourne,Prepaid,Recharge,Recharge $20,USSD,,20,Successful,
TXN002228,2024-06-08,CUST00419,Perth,Prepaid,Data Bundle,Data 2GB Weekly,USSD,2048,8,Successful,
TXN002271,2024-06-08,CUST00732,Hobart,Prepaid,Data Bundle,Data 2GB Weekly,Agent,2048,8,Successful,
TXN002285,2024-06-08,CUST00213,Melbourne,Prepaid,Data Bundle,Data 2GB Weekly,Agent,2048,-8,Reversed,
TXN002607,2024-06-08,CUST00775,Canberra,Prepaid,Data Bundle,Data 40GB Monthly,Mobile App,40960,110,Successful,
TXN002628,2024-06-08,CUST00116,Sydney,Prepaid,Recharge,Recharge $10,Agent,,10,Successful,
TXN002872,2024-06-08,CUST00802,Perth,Prepaid,Data Bundle,Data 1GB Daily,USSD,1024,3.5,Successful,
TXN003090,2024-06-08,CUST00170,Melbourne,Prepaid,Data Bundle,Data 2GB Weekly,Agent,2048,8,Successful,
TXN003329,2024-06-08,CUST00455,Sydney,Prepaid,Data Bundle,Data 1GB Daily,USSD,1024,-3.5,Reversed,
TXN003386,2024-06-08,CUST00202,Melbourne,Postpaid,Voice Bundle,Voice 100min,Web,,4.5,Successful,
TXN003417,2024-06-08,CUST00308,Brisbane,Prepaid,Data Bundle,Data 1GB Daily,USSD,1024,3.5,Successful,
TXN003778,2024-06-08,CUST00456,Melbourne,Postpaid,Data Bundle,Data 40GB Monthly,Mobile App,40960,110,Successful,
TXN000936,2024-06-09,CUST00144,Hobart,Prepaid,Data Bundle,Data 10GB Monthly,Mobile App,10240,35,Successful,
TXN001033,2024-06-09,CUST00410,Adelaide,Prepaid,SMS Bundle,SMS 200,Mobile App,,2.5,Successful,
TXN001566,2024-06-09,CUST00897,Brisbane,Postpaid,Voice Bundle,Voice 300min,Mobile App,,0,Failed,
TXN001575,2024-06-09,CUST00488,Sydney,Prepaid,Data Bundle,Data 2GB Weekly,USSD,2048,-8,Reversed,
TXN001607,2024-06-09,CUST00606,Sydney,Prepaid,Data Bundle,Data 10GB Monthly,Web,10240,35,Successful,
TXN001669,2024-06-09,CUST00844,Canberra,Prepaid,Data Bundle,Data 6GB Monthly,USSD,6144,25,Successful,
TXN001995,2024-06-09,CUST00602,Brisbane,Prepaid,Voice Bundle,Voice 100min,USSD,,4.5,Successful,
TXN001997,2024-06-09,CUST00046,Sydney,Prepaid,Data Bundle,Data 2GB Weekly,USSD,2048,8,Successful,
TXN003078,2024-06-09,CUST00315,Melbourne,Prepaid,Recharge,Recharge $5,Agent,,5,Successful,
TXN003582,2024-06-09,CUST00109,Brisbane,Prepaid,Data Bundle,Data 1GB Daily,Agent,1024,3.5,Successful,
TXN003913,2024-06-09,CUST00777,Sydney,Prepaid,Data Bundle,Data 1GB Daily,Web,1024,3.5,Successful,
TXN000699,2024-06-10,CUST00504,Sydney,Prepaid,Recharge,Recharge $20,Web,,0,Failed,imputed
TXN001409,2024-06-10,CUST00724,Unknown,Prepaid,Data Bundle,Data 1GB Daily,Mobile App,1024,3.5,Successful,imputed
TXN002291,2024-06-10,CUST00585,Sydney,Prepaid,Recharge,Recharge $2,USSD,,2,Successful,
TXN003277,2024-06-10,CUST00107,Unknown,Prepaid,Data Bundle,Data 2GB Weekly,USSD,2048,8,Successful,imputed
TXN003631,2024-06-10,CUST00821,Sydney,Prepaid,Recharge,Recharge $1,Mobile App,,0,Failed,imputed
TXN003969,2024-06-10,CUST00241,Melbourne,Prepaid,Recharge,Recharge $2,USSD,,0,Failed,
TXN004071,2024-06-10,CUST00664,Melbourne,Prepaid,Voice Bundle,Voice 300min,Agent,,11,Successful,
TXN000008,2024-06-11,CUST00847,Sydney,Prepaid,Data Bundle,Data 2GB Weekly,Mobile App,2048,0,Failed,imputed
TXN000985,2024-06-11,CUST00498,Canberra,Prepaid,Recharge,Recharge $5,Agent,,5,Successful,
TXN001026,2024-06-11,CUST00569,Melbourne,Prepaid,Recharge,Recharge $1,Mobile App,,1,Successful,
TXN001235,2024-06-11,CUST00683,Adelaide,Prepaid,SMS Bundle,SMS 200,Mobile App,,2.5,Successful,
TXN001397,2024-06-11,CUST00484,Sydney,Postpaid,SMS Bundle,SMS 200,Mobile App,,2.5,Successful,
TXN001437,2024-06-11,CUST00163,Sydney,Prepaid,Voice Bundle,Voice 100min,Agent,,0,Failed,imputed
TXN001459,2024-06-11,CUST00800,Brisbane,Prepaid,Recharge,Recharge $1,Web,,1,Successful,
TXN001890,2024-06-11,CUST00025,Perth,Prepaid,Recharge,Recharge $5,Agent,,5,Successful,imputed
TXN002065,2024-06-11,CUST00702,Unknown,Prepaid,Recharge,Recharge $1,Mobile App,,1,Successful,
TXN002681,2024-06-11,CUST00084,Sydney,Prepaid,Recharge,Recharge $5,Agent,,5,Successful,
TXN003059,2024-06-11,CUST00530,Perth,Prepaid,Recharge,Recharge $2,Mobile App,,2,Successful,
TXN003496,2024-06-11,CUST00065,Hobart,Postpaid,Recharge,Recharge $2,Mobile App,,0,Failed,
TXN003602,2024-06-11,CUST00198,Sydney,Prepaid,Data Bundle,Data 1GB Daily,Agent,1024,-3.5,Reversed,
TXN003926,2024-06-11,CUST00734,Hobart,Prepaid,Voice Bundle,Voice 100min,Web,,0,Failed,
TXN000141,2024-06-12,CUST00509,Sydney,Prepaid,Data Bundle,Data 40GB Monthly,Mobile App,40960,0,Failed,imputed
TXN000457,2024-06-12,CUST00688,Sydney,Prepaid,Recharge,Recharge $5,USSD,,5,Successful,
TXN000729,2024-06-12,CUST00372,Sydney,Prepaid,Data Bundle,Data 2GB Weekly,USSD,2048,8,Successful,
TXN000822,2024-06-12,CUST00220,Melbourne,Postpaid,Data Bundle,Data 1GB Daily,Web,1024,3.5,Successful,
TXN000903,2024-06-12,CUST00303,Perth,Prepaid,Recharge,Recharge $1,Agent,,1,Successful,
TXN001616,2024-06-12,CUST00759,Brisbane,Prepaid,Recharge,Recharge $20,Agent,,20,Successful,
TXN001676,2024-06-12,CUST00248,Sydney,Prepaid,Recharge,Recharge $2,USSD,,2,Successful,
TXN001794,2024-06-12,CUST00382,Adelaide,Prepaid,Data Bundle,Data 10GB Monthly,Web,10240,35,Successful,
TXN002196,2024-06-12,CUST00113,Sydney,Prepaid,Voice Bundle,Voice 100min,USSD,,4.5,Successful,
TXN002290,2024-06-12,CUST00323,Hobart,Prepaid,Recharge,Recharge $10,USSD,,10,Successful,
TXN002428,2024-06-12,CUST00068,Sydney,Prepaid,Data Bundle,Data 2GB Weekly,Mobile App,2048,8,Successful,
TXN002501,2024-06-12,CUST00810,Sydney,Postpaid,Data Bundle,Data 6GB Monthly,USSD,6144,25,Successful,
TXN000054,2024-06-13,CUST00096,Melbourne,Prepaid,Recharge,Recharge $1,Mobile App,,0,Failed,
TXN002009,2024-06-13,CUST00201,Melbourne,Prepaid,Voice Bundle,Voice 300min,USSD,,11,Successful,
TXN002440,2024-06-13,CUST00862,Melbourne,Postpaid,Voice Bundle,Voice 300min,Mobile App,,0,Failed,
TXN002510,2024-06-13,CUST00136,Adelaide,Prepaid,Recharge,Recharge $1,Web,,1,Successful,imputed
TXN002824,2024-06-13,CUST00868,Perth,Prepaid,Recharge,Recharge $1,Agent,,1,Successful,
TXN004116,2024-06-13,CUST00031,Canberra,Prepaid,Recharge,Recharge $2,Mobile App,,2,Successful,
TXN004155,2024-06-13,CUST00750,Melbourne,Postpaid,Recharge,Recharge $5,Web,,5,Successful,imputed
TXN000821,2024-06-14,CUST00729,Brisbane,Prepaid,Recharge,Recharge $1,Web,,1,Successful,
TXN000839,2024-06-14,CUST00349,Perth,Postpaid,Data Bundle,Data 2GB Weekly,USSD,2048,8,Successful,
TXN000904,2024-06-14,CUST00437,Sydney,Prepaid,Data Bundle,Data 10GB Monthly,Web,10240,-35,Reversed,
TXN001690,2024-06-14,CUST00416,Hobart,Prepaid,Recharge,Recharge $10,Web,,10,Successful,
TXN002231,2024-06-14,CUST00458,Brisbane,Prepaid,Recharge,Recharge $20,USSD,,20,Successful,
TXN002819,2024-06-14,CUST00042,Brisbane,Postpaid,Recharge,Recharge $2,Mobile App,,2,Successful,
TXN002877,2024-06-14,CUST00851,Brisbane,Prepaid,Data Bundle,Data 2GB Weekly,Web,2048,8,Successful,
TXN003450,2024-06-14,CUST00649,Canberra,Prepaid,Data Bundle,Data 6GB Monthly,USSD,6144,25,Successful,
TXN003859,2024-06-14,CUST00574,Adelaide,Prepaid,Data Bundle,Data 6GB Monthly,Web,6144,25,Successful,
TXN003900,2024-06-14,CUST00632,Sydney,Postpaid,Data Bundle,Data 40GB Monthly,USSD,40960,110,Successful,
TXN000111,2024-06-15,CUST00643,Perth,Prepaid,Data Bundle,Data 6GB Monthly,Web,6144,25,Successful,
TXN000311,2024-06-15,CUST00265,Sydney,Prepaid,Recharge,Recharge $10,USSD,,0,Failed,imputed
TXN000832,2024-06-15,CUST00780,Melbourne,Postpaid,Data Bundle,Data 10GB Monthly,Web,10240,-35,Reversed,
TXN001321,2024-06-15,CUST00018,Melbourne,Prepaid,Recharge,Recharge $20,Mobile App,,20,Successful,
TXN001698,2024-06-15,CUST00155,Adelaide,Postpaid,Voice Bundle,Voice 300min,Web,,11,Successful,
TXN001917,2024-06-15,CUST00712,Unknown,Prepaid,Recharge,Recharge $5,Web,,5,Successful,
TXN003029,2024-06-15,CUST00506,Perth,Prepaid,Recharge,Recharge $10,Mobile App,,-10,Reversed,
TXN003161,2024-06-15,CUST00830,Canberra,Prepaid,Data Bundle,Data 2GB Weekly,Web,2048,-8,Reversed,
TXN003462,2024-06-15,CUST00436,Unknown,Prepaid,Data Bundle,Data 2GB Weekly,Mobile App,2048,0,Failed,
TXN003940,2024-06-15,CUST00788,Melbourne,Postpaid,Data Bundle,Data 6GB Monthly,Agent,6144,25,Successful,
TXN900002,2024-06-15,CUST00643,Perth,Prepaid,Data Bundle,Data 6GB Monthly,Web,6144,25,Successful,
TXN000559,2024-06-16,CUST00481,Perth,Prepaid,Recharge,Recharge $5,Agent,,5,Successful,
TXN000581,2024-06-16,CUST00183,Melbourne,Prepaid,Recharge,Recharge $10,USSD,,10,Successful,
TXN000790,2024-06-16,CUST00664,Melbourne,Prepaid,Data Bundle,Data 1GB Daily,Web,1024,3.5,Successful,
TXN001362,2024-06-16,CUST00272,Sydney,Prepaid,Recharge,Recharge $20,USSD,,0,Failed,
TXN001457,2024-06-16,CUST00703,Melbourne,Prepaid,Recharge,Recharge $10,Agent,,10,Successful,
TXN001926,2024-06-16,CUST00257,Adelaide,Prepaid,Recharge,Recharge $1,Web,,1,Successful,
TXN002184,2024-06-16,CUST00274,Canberra,Prepaid,Recharge,Recharge $10,Web,,10,Successful,
TXN002669,2024-06-16,CUST00365,Sydney,Prepaid,Recharge,Recharge $5,USSD,,5,Successful,
TXN003274,2024-06-16,CUST00682,Hobart,Prepaid,Recharge,Recharge $2,USSD,,2,Successful,
TXN003513,2024-06-16,CUST00076,Canberra,Prepaid,Recharge,Recharge $5,Mobile App,,5,Successful,
TXN003569,2024-06-16,CUST00010,Adelaide,Prepaid,Data Bundle,Data 10GB Monthly,Agent,10240,35,Successful,
TXN000079,2024-06-17,CUST00597,Sydney,Prepaid,Data Bundle,Data 1GB Daily,Agent,1024,3.5,Successful,imputed
TXN000618,2024-06-17,CUST00089,Sydney,Prepaid,SMS Bundle,SMS 200,Web,,2.5,Successful,
TXN000788,2024-06-17,CUST00500,Canberra,Postpaid,Data Bundle,Data 6GB Monthly,Web,6144,25,Successful,
TXN001414,2024-06-17,CUST00201,Melbourne,Prepaid,Data Bundle,Data 1GB Daily,Agent,1024,3.5,Successful,
TXN001500,2024-06-17,CUST00373,Sydney,Postpaid,Data Bundle,Data 1GB Daily,USSD,1024,3.5,Successful,
TXN002174,2024-06-17,CUST00786,Canberra,Prepaid,Data Bundle,Data 2GB Weekly,Mobile App,2048,8,Successful,
TXN003289,2024-06-17,CUST00447,Sydney,Postpaid,Data Bundle,Data 40GB Monthly,Web,40960,-110,Reversed,
TXN003731,2024-06-17,CUST00627,Brisbane,Prepaid,Recharge,Recharge $2,USSD,,2,Successful,
TXN003762,2024-06-17,CUST00375,Melbourne,Prepaid,Recharge,Recharge $2,Agent,,2,Successful,
TXN000168,2024-06-18,CUST00511,Sydney,Prepaid,Recharge,Recharge $1,Web,,1,Successful,
TXN000406,2024-06-18,CUST00194,Sydney,Prepaid,Recharge,Recharge $2,Web,,2,Successful,
TXN000914,2024-06-18,CUST00450,Brisbane,Prepaid,Recharge,Recharge $2,Agent,,2,Successful,
TXN001689,2024-06-18,CUST00471,Adelaide,Prepaid,Recharge,Recharge $1,Mobile App,,1,Successful,
TXN001826,2024-06-18,CUST00597,Sydney,Prepaid,Recharge,Recharge $2,Web,,-2,Reversed,
TXN002475,2024-06-18,CUST00834,Perth,Prepaid,Voice Bundle,Voice 300min,USSD,,11,Successful,
TXN002684,2024-06-18,CUST00771,Hobart,Prepaid,Recharge,Recharge $1,Web,,1,Successful,
TXN003042,2024-06-18,CUST00676,Melbourne,Prepaid,Recharge,Recharge $10,Agent,,10,Successful,
TXN003165,2024-06-18,CUST00172,Sydney,Prepaid,Recharge,Recharge $2,Web,,2,Successful,imputed
TXN003435,2024-06-18,CUST00613,Adelaide,Prepaid,Recharge,Recharge $5,Mobile App,,5,Successful,
TXN003507,2024-06-18,CUST00139,Sydney,Prepaid,Recharge,Recharge $10,Agent,,0,Failed,
TXN000537,2024-06-19,CUST00546,Canberra,Prepaid,Data Bundle,Data 1GB Daily,Web,1024,3.5,Successful,
TXN000624,2024-06-19,CUST00721,Sydney,Prepaid,Recharge,Recharge $1,Mobile App,,1,Successful,
TXN001163,2024-06-19,CUST00650,Melbourne,Prepaid,Recharge,Recharge $2,Web,,2,Successful,
TXN002629,2024-06-19,CUST00212,Sydney,Prepaid,Data Bundle,Data 1GB Daily,Agent,1024,3.5,Successful,
TXN002865,2024-06-19,CUST00856,Brisbane,Prepaid,Data Bundle,Data 1GB Daily,Mobile App,1024,3.5,Successful,
TXN004081,2024-06-19,CUST00805,Sydney,Prepaid,Recharge,Recharge $1,Agent,,-1,Reversed,
TXN000013,2024-06-20,CUST00157,Sydney,Prepaid,Data Bundle,Data 2GB Weekly,Mobile App,2048,8,Successful,
TXN000852,2024-06-20,CUST00900,Sydney,Prepaid,Recharge,Recharge $5,Agent,,5,Successful,
TXN000991,2024-06-20,CUST00695,Sydney,Prepaid,Data Bundle,Data 6GB Monthly,Agent,6144,25,Successful,imputed
TXN001067,2024-06-20,CUST00780,Melbourne,Postpaid,Data Bundle,Data 2GB Weekly,USSD,2048,8,Successful,
TXN001186,2024-06-20,CUST00114,Brisbane,Postpaid,Recharge,Recharge $5,Mobile App,,5,Successful,
TXN001228,2024-06-20,CUST00194,Sydney,Prepaid,Data Bundle,Data 1GB Daily,USSD,1024,3.5,Successful,
TXN001618,2024-06-20,CUST00655,Melbourne,Prepaid,Recharge,Recharge $2,Agent,,2,Successful,
TXN002600,2024-06-20,CUST00093,Melbourne,Prepaid,Data Bundle,Data 10GB Monthly,Agent,10240,35,Successful,
TXN002978,2024-06-20,CUST00118,Sydney,Prepaid,Data Bundle,Data 1GB Daily,USSD,1024,0,Failed,imputed
TXN003873,2024-06-20,CUST00344,Brisbane,Prepaid,Recharge,Recharge $1,Agent,,1,Successful,
TXN000318,2024-06-21,CUST00217,Sydney,Postpaid,Data Bundle,Data 10GB Monthly,Agent,10240,0,Failed,
TXN000738,2024-06-21,CUST00004,Hobart,Prepaid,Data Bundle,Data 1GB Daily,Mobile App,1024,3.5,Successful,
TXN000889,2024-06-21,CUST00298,Melbourne,Postpaid,Data Bundle,Data 40GB Monthly,USSD,40960,0,Failed,
TXN001971,2024-06-21,CUST00724,Sydney,Prepaid,Recharge,Recharge $1,Mobile App,,0,Failed,imputed
TXN002168,2024-06-21,CUST00434,Sydney,Prepaid,SMS Bundle,SMS 200,Mobile App,,2.5,Successful,imputed
TXN003073,2024-06-21,CUST00304,Melbourne,Prepaid,Recharge,Recharge $10,USSD,,10,Successful,
TXN003868,2024-06-21,CUST00896,Melbourne,Prepaid,Data Bundle,Data 6GB Monthly,Web,6144,25,Successful,
TXN000532,2024-06-22,CUST00100,Canberra,Postpaid,Data Bundle,Data 40GB Monthly,Mobile App,40960,110,Successful,
TXN000636,2024-06-22,CUST00301,Sydney,Prepaid,Recharge,Recharge $1,Web,,-1,Reversed,
TXN000810,2024-06-22,CUST00430,Sydney,Prepaid,Voice Bundle,Voice 100min,Agent,,4.5,Successful,
TXN001463,2024-06-22,CUST00259,Sydney,Prepaid,Data Bundle,Data 10GB Monthly,Mobile App,10240,35,Successful,imputed
TXN001598,2024-06-22,CUST00211,Melbourne,Prepaid,Recharge,Recharge $5,Agent,,5,Successful,
TXN002202,2024-06-22,CUST00420,Melbourne,Postpaid,Recharge,Recharge $5,USSD,,5,Successful,
TXN002473,2024-06-22,CUST00592,Sydney,Postpaid,Recharge,Recharge $5,USSD,,5,Successful,
TXN002948,2024-06-22,CUST00870,Sydney,Prepaid,Recharge,Recharge $2,USSD,,2,Successful,imputed
TXN003588,2024-06-22,CUST00613,Adelaide,Prepaid,Data Bundle,Data 6GB Monthly,Web,6144,25,Successful,
TXN003783,2024-06-22,CUST00443,Unknown,Prepaid,Recharge,Recharge $20,Web,,20,Successful,
TXN003827,2024-06-22,CUST00469,Brisbane,Postpaid,Recharge,Recharge $2,Mobile App,,2,Successful,
TXN900004,2024-06-22,CUST00430,Sydney,Prepaid,Voice Bundle,Voice 100min,Agent,,4.5,Successful,
TXN000401,2024-06-23,CUST00562,Adelaide,Prepaid,Data Bundle,Data 1GB Daily,Web,1024,3.5,Successful,
TXN000491,2024-06-23,CUST00184,Sydney,Prepaid,Recharge,Recharge $10,Mobile App,,-10,Reversed,
TXN000884,2024-06-23,CUST00684,Hobart,Prepaid,Data Bundle,Data 2GB Weekly,Agent,2048,8,Successful,
TXN001081,2024-06-23,CUST00375,Melbourne,Prepaid,Recharge,Recharge $10,USSD,,10,Successful,
TXN001360,2024-06-23,CUST00040,Sydney,Prepaid,Recharge,Recharge $2,USSD,,2,Successful,
TXN001823,2024-06-23,CUST00286,Perth,Prepaid,Recharge,Recharge $1,Agent,,1,Successful,
TXN002179,2024-06-23,CUST00204,Sydney,Prepaid,Voice Bundle,Voice 300min,Mobile App,,11,Successful,
TXN002267,2024-06-23,CUST00548,Sydney,Prepaid,Data Bundle,Data 1GB Daily,Mobile App,1024,3.5,Successful,
TXN002825,2024-06-23,CUST00068,Unknown,Prepaid,Data Bundle,Data 1GB Daily,Agent,1024,3.5,Successful,
TXN002996,2024-06-23,CUST00895,Melbourne,Prepaid,Voice Bundle,Voice 100min,Mobile App,,4.5,Successful,imputed
TXN003096,2024-06-23,CUST00332,Canberra,Prepaid,Recharge,Recharge $1,Mobile App,,1,Successful,
TXN003103,2024-06-23,CUST00656,Sydney,Prepaid,Recharge,Recharge $1,Agent,,1,Successful,
TXN003534,2024-06-23,CUST00280,Adelaide,Prepaid,Recharge,Recharge $5,Mobile App,,5,Successful,
TXN003758,2024-06-23,CUST00499,Melbourne,Prepaid,Voice Bundle,Voice 100min,Agent,,4.5,Successful,
TXN004051,2024-06-23,CUST00652,Adelaide,Prepaid,Data Bundle,Data 6GB Monthly,Agent,6144,25,Successful,
TXN000234,2024-06-24,CUST00100,Canberra,Postpaid,Voice Bundle,Voice 100min,Mobile App,,4.5,Successful,imputed
TXN001336,2024-06-24,CUST00237,Melbourne,Prepaid,Recharge,Recharge $2,Web,,2,Successful,
TXN001359,2024-06-24,CUST00283,Hobart,Postpaid,Data Bundle,Data 10GB Monthly,Agent,10240,35,Successful,
TXN001540,2024-06-24,CUST00114,Unknown,Postpaid,SMS Bundle,SMS 200,Mobile App,,2.5,Successful,
TXN002454,2024-06-24,CUST00885,Sydney,Prepaid,Data Bundle,Data 2GB Weekly,Web,2048,8,Successful,
TXN002560,2024-06-24,CUST00060,Unknown,Prepaid,Data Bundle,Data 10GB Monthly,Web,10240,35,Successful,
TXN002857,2024-06-24,CUST00422,Perth,Postpaid,Voice Bundle,Voice 300min,Web,,11,Successful,
TXN003420,2024-06-24,CUST00481,Perth,Prepaid,Voice Bundle,Voice 100min,Mobile App,,4.5,Successful,
TXN003553,2024-06-24,CUST00507,Brisbane,Prepaid,Recharge,Recharge $5,USSD,,5,Successful,
TXN003668,2024-06-24,CUST00260,Sydney,Prepaid,Recharge,Recharge $2,Agent,,2,Successful,
TXN003688,2024-06-24,CUST00328,Adelaide,Prepaid,Recharge,Recharge $2,Agent,,2,Successful,
TXN003815,2024-06-24,CUST00116,Sydney,Prepaid,Data Bundle,Data 2GB Weekly,Agent,2048,8,Successful,
TXN000807,2024-06-25,CUST00031,Canberra,Prepaid,Data Bundle,Data 10GB Monthly,USSD,10240,35,Successful,
TXN001258,2024-06-25,CUST00786,Canberra,Prepaid,Voice Bundle,Voice 100min,Agent,,4.5,Successful,
TXN001482,2024-06-25,CUST00579,Melbourne,Prepaid,SMS Bundle,SMS 200,Web,,2.5,Successful,
TXN001485,2024-06-25,CUST00564,Canberra,Postpaid,Voice Bundle,Voice 300min,Agent,,11,Successful,
TXN001751,2024-06-25,CUST00069,Sydney,Prepaid,Data Bundle,Data 6GB Monthly,Agent,6144,25,Successful,imputed
TXN002772,2024-06-25,CUST00526,Adelaide,Postpaid,Recharge,Recharge $5,Mobile App,,5,Successful,
TXN002835,2024-06-25,CUST00511,Sydney,Prepaid,Recharge,Recharge $20,Web,,20,Successful,
TXN002869,2024-06-25,CUST00199,Melbourne,Prepaid,Recharge,Recharge $5,USSD,,0,Failed,
TXN003246,2024-06-25,CUST00365,Sydney,Prepaid,Data Bundle,Data 2GB Weekly,Web,2048,8,Successful,
TXN003554,2024-06-25,CUST00825,Sydney,Prepaid,Recharge,Recharge $5,USSD,,5,Successful,
TXN003678,2024-06-25,CUST00386,Brisbane,Prepaid,Recharge,Recharge $2,USSD,,2,Successful,
TXN003885,2024-06-25,CUST00746,Hobart,Prepaid,Data Bundle,Data 2GB Weekly,Mobile App,2048,8,Successful,
TXN004165,2024-06-25,CUST00245,Brisbane,Prepaid,Recharge,Recharge $2,Web,,2,Successful,
TXN000018,2024-06-26,CUST00573,Melbourne,Prepaid,Recharge,Recharge $1,USSD,,1,Successful,
TXN000162,2024-06-26,CUST00097,Sydney,Postpaid,Data Bundle,Data 10GB Monthly,Mobile App,10240,0,Failed,
TXN000508,2024-06-26,CUST00025,Perth,Prepaid,Data Bundle,Data 40GB Monthly,Web,40960,110,Successful,
TXN000564,2024-06-26,CUST00675,Melbourne,Prepaid,Data Bundle,Data 6GB Monthly,Mobile App,6144,25,Successful,
TXN001837,2024-06-26,CUST00288,Sydney,Postpaid,Voice Bundle,Voice 100min,Agent,,4.5,Successful,imputed
TXN002062,2024-06-26,CUST00405,Brisbane,Prepaid,Recharge,Recharge $20,Mobile App,,20,Successful,
TXN002708,2024-06-26,CUST00590,Perth,Prepaid,Recharge,Recharge $20,USSD,,20,Successful,
TXN003242,2024-06-26,CUST00625,Hobart,Prepaid,Recharge,Recharge $2,Web,,2,Successful,
TXN003396,2024-06-26,CUST00113,Sydney,Prepaid,Data Bundle,Data 2GB Weekly,USSD,2048,8,Successful,
TXN004062,2024-06-26,CUST00127,Sydney,Prepaid,Recharge,Recharge $5,Agent,,5,Successful,
TXN004183,2024-06-26,CUST00699,Perth,Prepaid,Recharge,Recharge $2,Mobile App,,0,Failed,imputed
TXN000003,2024-06-27,CUST00180,Unknown,Prepaid,Voice Bundle,Voice 300min,Web,,11,Successful,
TXN000206,2024-06-27,CUST00700,Sydney,Prepaid,Data Bundle,Data 10GB Monthly,USSD,10240,-35,Reversed,
TXN000337,2024-06-27,CUST00529,Melbourne,Prepaid,Data Bundle,Data 6GB Monthly,USSD,6144,25,Successful,
TXN001019,2024-06-27,CUST00797,Sydney,Prepaid,Recharge,Recharge $5,Agent,,5,Successful,
TXN001120,2024-06-27,CUST00302,Melbourne,Prepaid,Voice Bundle,Voice 300min,Mobile App,,11,Successful,
TXN001380,2024-06-27,CUST00672,Adelaide,Prepaid,Recharge,Recharge $2,USSD,,-2,Reversed,
TXN001729,2024-06-27,CUST00224,Perth,Prepaid,Recharge,Recharge $2,Agent,,0,Failed,
TXN002554,2024-06-27,CUST00803,Brisbane,Postpaid,Voice Bundle,Voice 100min,Web,,4.5,Successful,
TXN002586,2024-06-27,CUST00662,Sydney,Prepaid,Recharge,Recharge $5,Mobile App,,5,Successful,
TXN003153,2024-06-27,CUST00170,Melbourne,Prepaid,Voice Bundle,Voice 300min,Web,,11,Successful,
TXN003682,2024-06-27,CUST00589,Sydney,Prepaid,Data Bundle,Data 40GB Monthly,USSD,40960,110,Successful,
TXN004185,2024-06-27,CUST00434,Sydney,Prepaid,Voice Bundle,Voice 300min,Web,,11,Successful,
TXN000350,2024-06-28,CUST00535,Sydney,Postpaid,Data Bundle,Data 2GB Weekly,Web,2048,0,Failed,
TXN000426,2024-06-28,CUST00750,Melbourne,Postpaid,Voice Bundle,Voice 100min,Mobile App,,4.5,Successful,
TXN000727,2024-06-28,CUST00451,Canberra,Prepaid,Recharge,Recharge $20,USSD,,20,Successful,imputed
TXN000794,2024-06-28,CUST00816,Sydney,Prepaid,Recharge,Recharge $2,USSD,,2,Successful,
TXN001419,2024-06-28,CUST00085,Sydney,Prepaid,Recharge,Recharge $10,Agent,,10,Successful,
TXN001741,2024-06-28,CUST00444,Sydney,Prepaid,SMS Bundle,SMS 200,USSD,,0,Failed,
TXN002457,2024-06-28,CUST00578,Perth,Prepaid,Recharge,Recharge $10,Web,,10,Successful,
TXN003211,2024-06-28,CUST00065,Hobart,Postpaid,Data Bundle,Data 1GB Daily,Mobile App,1024,3.5,Successful,
TXN003577,2024-06-28,CUST00079,Sydney,Prepaid,Recharge,Recharge $2,USSD,,0,Failed,
TXN003656,2024-06-28,CUST00267,Brisbane,Prepaid,Recharge,Recharge $1,Mobile App,,-1,Reversed,
TXN004137,2024-06-28,CUST00503,Melbourne,Prepaid,Data Bundle,Data 10GB Monthly,Web,10240,35,Successful,
TXN900009,2024-06-28,CUST00503,Melbourne,Prepaid,Data Bundle,Data 10GB Monthly,Web,10240,35,Successful,
TXN000307,2024-07-01,CUST00792,Sydney,Prepaid,Recharge,Recharge $2,Mobile App,,2,Successful,
TXN000722,2024-07-01,CUST00740,Brisbane,Postpaid,Voice Bundle,Voice 300min,Agent,,11,Successful,
TXN000984,2024-07-01,CUST00217,Sydney,Postpaid,Voice Bundle,Voice 300min,Agent,,11,Successful,
TXN001104,2024-07-01,CUST00643,Perth,Prepaid,Data Bundle,Data 1GB Daily,Web,1024,-3.5,Reversed,
TXN001383,2024-07-01,CUST00436,Brisbane,Prepaid,Recharge,Recharge $10,Web,,10,Successful,
TXN001415,2024-07-01,CUST00260,Sydney,Prepaid,Recharge,Recharge $1,Web,,-1,Reversed,
TXN001810,2024-07-01,CUST00702,Melbourne,Prepaid,SMS Bundle,SMS 200,USSD,,2.5,Successful,
TXN002266,2024-07-01,CUST00556,Brisbane,Prepaid,SMS Bundle,SMS 200,Agent,,2.5,Successful,
TXN002459,2024-07-01,CUST00023,Sydney,Prepaid,Voice Bundle,Voice 300min,Agent,,11,Successful,
TXN002505,2024-07-01,CUST00062,Adelaide,Prepaid,Recharge,Recharge $2,Mobile App,,2,Successful,imputed
TXN003019,2024-07-01,CUST00412,Perth,Postpaid,Data Bundle,Data 10GB Monthly,USSD,10240,35,Successful,
TXN003083,2024-07-01,CUST00406,Melbourne,Prepaid,Recharge,Recharge $10,Mobile App,,10,Successful,
TXN003823,2024-07-01,CUST00878,Sydney,Postpaid,Recharge,Recharge $20,USSD,,20,Successful,
TXN000250,2024-07-02,CUST00790,Sydney,Postpaid,Data Bundle,Data 10GB Monthly,USSD,10240,35,Successful,
TXN000281,2024-07-02,CUST00005,Unknown,Prepaid,Recharge,Recharge $10,Mobile App,,10,Successful,
TXN000867,2024-07-02,CUST00371,Perth,Postpaid,Data Bundle,Data 10GB Monthly,Web,10240,35,Successful,
TXN001808,2024-07-02,CUST00696,Melbourne,Prepaid,Recharge,Recharge $5,Web,,5,Successful,
TXN001969,2024-07-02,CUST00505,Hobart,Prepaid,Data Bundle,Data 1GB Daily,Agent,1024,3.5,Successful,
TXN003223,2024-07-02,CUST00098,Melbourne,Postpaid,Voice Bundle,Voice 100min,USSD,,4.5,Successful,
TXN000317,2024-07-03,CUST00551,Sydney,Prepaid,Data Bundle,Data 6GB Monthly,Agent,6144,25,Successful,
TXN000622,2024-07-03,CUST00464,Melbourne,Prepaid,Recharge,Recharge $1,Mobile App,,1,Successful,
TXN000830,2024-07-03,CUST00126,Sydney,Prepaid,Recharge,Recharge $20,Web,,-20,Reversed,
TXN000994,2024-07-03,CUST00131,Hobart,Postpaid,Data Bundle,Data 10GB Monthly,Web,10240,35,Successful,
TXN002013,2024-07-03,CUST00248,Sydney,Prepaid,Data Bundle,Data 1GB Daily,Agent,1024,-3.5,Reversed,
TXN002119,2024-07-03,CUST00386,Unknown,Prepaid,Recharge,Recharge $2,Agent,,2,Successful,
TXN002765,2024-07-03,CUST00099,Brisbane,Prepaid,Data Bundle,Data 2GB Weekly,Agent,2048,8,Successful,
TXN002837,2024-07-03,CUST00141,Perth,Prepaid,Recharge,Recharge $20,Mobile App,,20,Successful,
TXN003436,2024-07-03,CUST00367,Hobart,Prepaid,Recharge,Recharge $1,Web,,1,Successful,
TXN003592,2024-07-03,CUST00411,Adelaide,Prepaid,SMS Bundle,SMS 200,Web,,2.5,Successful,
TXN003798,2024-07-03,CUST00883,Sydney,Prepaid,Data Bundle,Data 2GB Weekly,USSD,2048,0,Failed,imputed
TXN004168,2024-07-03,CUST00352,Adelaide,Prepaid,Data Bundle,Data 1GB Daily,Agent,1024,0,Failed,imputed
TXN001288,2024-07-04,CUST00802,Perth,Prepaid,Recharge,Recharge $2,Agent,,2,Successful,
TXN001857,2024-07-04,CUST00829,Sydney,Prepaid,Recharge,Recharge $10,Mobile App,,0,Failed,
TXN002745,2024-07-04,CUST00599,Brisbane,Postpaid,Recharge,Recharge $5,USSD,,5,Successful,imputed
TXN003068,2024-07-04,CUST00231,Sydney,Prepaid,Data Bundle,Data 1GB Daily,Web,1024,0,Failed,imputed
TXN003076,2024-07-04,CUST00434,Sydney,Prepaid,Recharge,Recharge $1,USSD,,1,Successful,
TXN003307,2024-07-04,CUST00197,Sydney,Prepaid,Voice Bundle,Voice 100min,Mobile App,,4.5,Successful,
TXN003994,2024-07-04,CUST00455,Sydney,Prepaid,Recharge,Recharge $1,Web,,1,Successful,
TXN004180,2024-07-04,CUST00811,Melbourne,Postpaid,Recharge,Recharge $5,Agent,,0,Failed,imputed
TXN000349,2024-07-05,CUST00096,Melbourne,Prepaid,Data Bundle,Data 10GB Monthly,Web,10240,35,Successful,
TXN000489,2024-07-05,CUST00707,Melbourne,Prepaid,Data Bundle,Data 2GB Weekly,USSD,2048,-8,Reversed,
TXN000562,2024-07-05,CUST00294,Melbourne,Prepaid,Data Bundle,Data 40GB Monthly,Mobile App,40960,110,Successful,
TXN000692,2024-07-05,CUST00497,Melbourne,Prepaid,Recharge,Recharge $1,Mobile App,,1,Successful,
TXN001029,2024-07-05,CUST00675,Melbourne,Prepaid,Data Bundle,Data 2GB Weekly,Agent,2048,8,Successful,
TXN001631,2024-07-05,CUST00815,Sydney,Prepaid,Data Bundle,Data 6GB Monthly,Web,6144,25,Successful,
TXN002022,2024-07-05,CUST00088,Adelaide,Prepaid,Data Bundle,Data 1GB Daily,Web,1024,3.5,Successful,
TXN002207,2024-07-05,CUST00796,Hobart,Postpaid,Recharge,Recharge $2,Web,,2,Successful,
TXN002732,2024-07-05,CUST00099,Brisbane,Prepaid,Data Bundle,Data 1GB Daily,Web,1024,0,Failed,
TXN003172,2024-07-05,CUST00225,Adelaide,Prepaid,Recharge,Recharge $2,Mobile App,,2,Successful,
TXN003441,2024-07-05,CUST00738,Brisbane,Postpaid,Recharge,Recharge $1,Mobile App,,0,Failed,
TXN003700,2024-07-05,CUST00631,Sydney,Prepaid,Recharge,Recharge $2,USSD,,2,Successful,
TXN003892,2024-07-05,CUST00234,Sydney,Prepaid,Recharge,Recharge $2,Mobile App,,2,Successful,
TXN000132,2024-07-06,CUST00375,Melbourne,Prepaid,Recharge,Recharge $1,USSD,,1,Successful,
TXN000641,2024-07-06,CUST00729,Brisbane,Prepaid,Data Bundle,Data 2GB Weekly,Mobile App,2048,8,Successful,
TXN000795,2024-07-06,CUST00684,Hobart,Prepaid,Data Bundle,Data 1GB Daily,Web,1024,3.5,Successful,
TXN000899,2024-07-06,CUST00511,Sydney,Prepaid,Recharge,Recharge $5,Web,,5,Successful,
TXN001164,2024-07-06,CUST00714,Perth,Postpaid,Recharge,Recharge $10,Mobile App,,10,Successful,imputed
TXN003537,2024-07-06,CUST00103,Melbourne,Prepaid,Recharge,Recharge $1,Mobile App,,1,Successful,
TXN003563,2024-07-06,CUST00084,Sydney,Prepaid,Recharge,Recharge $2,Mobile App,,2,Successful,
TXN003574,2024-07-06,CUST00402,Brisbane,Postpaid,Recharge,Recharge $5,USSD,,5,Successful,
TXN001030,2024-07-07,CUST00621,Sydney,Prepaid,Data Bundle,Data 2GB Weekly,USSD,2048,0,Failed,
TXN001434,2024-07-07,CUST00093,Melbourne,Prepaid,Recharge,Recharge $10,USSD,,0,Failed,imputed
TXN001521,2024-07-07,CUST00103,Melbourne,Prepaid,Recharge,Recharge $5,Web,,0,Failed,
TXN001998,2024-07-07,CUST00863,Adelaide,Prepaid,Recharge,Recharge $5,Mobile App,,-5,Reversed,
TXN002604,2024-07-07,CUST00199,Melbourne,Prepaid,Recharge,Recharge $5,Mobile App,,0,Failed,imputed
TXN003027,2024-07-07,CUST00529,Melbourne,Prepaid,Recharge,Recharge $2,Agent,,2,Successful,
TXN003086,2024-07-07,CUST00443,Hobart,Prepaid,Data Bundle,Data 10GB Monthly,Web,10240,35,Successful,
TXN003109,2024-07-07,CUST00107,Melbourne,Prepaid,Data Bundle,Data 6GB Monthly,Agent,6144,25,Successful,imputed
TXN003285,2024-07-07,CUST00810,Sydney,Postpaid,Data Bundle,Data 10GB Monthly,Agent,10240,35,Successful,
TXN004105,2024-07-07,CUST00504,Sydney,Prepaid,Recharge,Recharge $2,Agent,,0,Failed,imputed
TXN001184,2024-07-08,CUST00199,Melbourne,Prepaid,Data Bundle,Data 10GB Monthly,Agent,10240,35,Successful,
TXN001818,2024-07-08,CUST00204,Sydney,Prepaid,Data Bundle,Data 6GB Monthly,Mobile App,6144,25,Successful,
TXN002057,2024-07-08,CUST00112,Brisbane,Prepaid,Data Bundle,Data 1GB Daily,USSD,1024,3.5,Successful,
TXN002557,2024-07-08,CUST00836,Melbourne,Postpaid,Recharge,Recharge $10,Mobile App,,10,Successful,
TXN003133,2024-07-08,CUST00018,Melbourne,Prepaid,Recharge,Recharge $10,USSD,,0,Failed,
TXN003448,2024-07-08,CUST00178,Canberra,Prepaid,SMS Bundle,SMS 200,Mobile App,,0,Failed,imputed
TXN003547,2024-07-08,CUST00439,Sydney,Postpaid,Data Bundle,Data 40GB Monthly,Web,40960,110,Successful,
TXN003905,2024-07-08,CUST00463,Unknown,Prepaid,Recharge,Recharge $5,USSD,,5,Successful,
TXN001686,2024-07-09,CUST00700,Sydney,Prepaid,Recharge,Recharge $10,Mobile App,,10,Successful,
TXN001896,2024-07-09,CUST00438,Hobart,Prepaid,SMS Bundle,SMS 200,USSD,,2.5,Successful,
TXN001978,2024-07-09,CUST00502,Brisbane,Postpaid,Recharge,Recharge $10,Mobile App,,10,Successful,
TXN002685,2024-07-09,CUST00855,Sydney,Postpaid,Recharge,Recharge $1,Mobile App,,1,Successful,
TXN003186,2024-07-09,CUST00437,Sydney,Prepaid,Data Bundle,Data 1GB Daily,Mobile App,1024,-3.5,Reversed,
TXN003838,2024-07-09,CUST00304,Melbourne,Prepaid,Data Bundle,Data 6GB Monthly,Agent,6144,25,Successful,
TXN000231,2024-07-10,CUST00672,Adelaide,Prepaid,Recharge,Recharge $10,USSD,,10,Successful,
TXN000320,2024-07-10,CUST00661,Adelaide,Postpaid,Recharge,Recharge $10,Web,,10,Successful,
TXN001124,2024-07-10,CUST00767,Melbourne,Prepaid,Data Bundle,Data 2GB Weekly,USSD,2048,8,Successful,
TXN001548,2024-07-10,CUST00810,Sydney,Postpaid,Data Bundle,Data 6GB Monthly,USSD,6144,25,Successful,
TXN001769,2024-07-10,CUST00020,Hobart,Prepaid,Data Bundle,Data 2GB Weekly,USSD,2048,8,Successful,
TXN002107,2024-07-10,CUST00684,Hobart,Prepaid,Recharge,Recharge $1,Agent,,1,Successful,
TXN002350,2024-07-10,CUST00472,Adelaide,Prepaid,Data Bundle,Data 2GB Weekly,Agent,2048,8,Successful,imputed
TXN002848,2024-07-10,CUST00569,Melbourne,Prepaid,Recharge,Recharge $10,USSD,,10,Successful,
TXN003817,2024-07-10,CUST00775,Canberra,Prepaid,Data Bundle,Data 10GB Monthly,USSD,10240,35,Successful,
TXN004102,2024-07-10,CUST00388,Brisbane,Prepaid,Data Bundle,Data 2GB Weekly,Mobile App,2048,8,Successful,
TXN000178,2024-07-11,CUST00540,Perth,Prepaid,Data Bundle,Data 10GB Monthly,Mobile App,10240,35,Successful,
TXN000322,2024-07-11,CUST00326,Sydney,Prepaid,Recharge,Recharge $5,Agent,,5,Successful,
TXN001010,2024-07-11,CUST00023,Unknown,Prepaid,Recharge,Recharge $10,Web,,-10,Reversed,
TXN001220,2024-07-11,CUST00193,Melbourne,Prepaid,Data Bundle,Data 1GB Daily,Agent,1024,3.5,Successful,
TXN002142,2024-07-11,CUST00192,Sydney,Prepaid,Recharge,Recharge $20,Agent,,20,Successful,imputed
TXN002175,2024-07-11,CUST00359,Sydney,Prepaid,SMS Bundle,SMS 200,Agent,,2.5,Successful,
TXN002208,2024-07-11,CUST00641,Sydney,Prepaid,Data Bundle,Data 2GB Weekly,Mobile App,2048,8,Successful,
TXN002942,2024-07-11,CUST00233,Brisbane,Prepaid,Recharge,Recharge $5,Agent,,5,Successful,
TXN003129,2024-07-11,CUST00396,Canberra,Prepaid,Data Bundle,Data 10GB Monthly,Mobile App,10240,35,Successful,
TXN003162,2024-07-11,CUST00431,Hobart,Prepaid,Data Bundle,Data 1GB Daily,USSD,1024,3.5,Successful,
TXN003746,2024-07-11,CUST00690,Melbourne,Prepaid,Recharge,Recharge $2,Web,,2,Successful,
TXN000031,2024-07-12,CUST00570,Perth,Prepaid,Recharge,Recharge $5,Web,,5,Successful,imputed
TXN000102,2024-07-12,CUST00794,Sydney,Prepaid,Data Bundle,Data 6GB Monthly,Web,6144,25,Successful,
TXN000210,2024-07-12,CUST00889,Sydney,Prepaid,Recharge,Recharge $5,Web,,5,Successful,
TXN000216,2024-07-12,CUST00778,Sydney,Prepaid,Data Bundle,Data 6GB Monthly,Web,6144,0,Failed,imputed
TXN000668,2024-07-12,CUST00099,Brisbane,Prepaid,Recharge,Recharge $2,Web,,2,Successful,
TXN001313,2024-07-12,CUST00033,Hobart,Prepaid,Data Bundle,Data 1GB Daily,Agent,1024,3.5,Successful,
TXN001687,2024-07-12,CUST00466,Sydney,Prepaid,Recharge,Recharge $5,Web,,5,Successful,
TXN002511,2024-07-12,CUST00665,Adelaide,Prepaid,Data Bundle,Data 2GB Weekly,Agent,2048,8,Successful,
TXN002578,2024-07-12,CUST00785,Adelaide,Prepaid,Data Bundle,Data 6GB Monthly,Web,6144,25,Successful,
TXN003350,2024-07-12,CUST00066,Sydney,Prepaid,Recharge,Recharge $5,Mobile App,,5,Successful,
TXN003739,2024-07-12,CUST00765,Melbourne,Postpaid,Recharge,Recharge $10,Agent,,10,Successful,
TXN003743,2024-07-12,CUST00728,Brisbane,Postpaid,Data Bundle,Data 40GB Monthly,Mobile App,40960,110,Successful,
TXN003750,2024-07-12,CUST00468,Brisbane,Postpaid,Voice Bundle,Voice 300min,Agent,,11,Successful,
TXN000034,2024-07-13,CUST00571,Adelaide,Prepaid,Recharge,Recharge $2,Web,,2,Successful,
TXN001878,2024-07-13,CUST00564,Canberra,Postpaid,SMS Bundle,SMS 200,Agent,,2.5,Successful,
TXN002321,2024-07-13,CUST00896,Melbourne,Prepaid,Data Bundle,Data 1GB Daily,Mobile App,1024,3.5,Successful,imputed
TXN002608,2024-07-13,CUST00894,Perth,Prepaid,Voice Bundle,Voice 100min,Web,,4.5,Successful,
TXN003987,2024-07-13,CUST00357,Canberra,Prepaid,Data Bundle,Data 2GB Weekly,USSD,2048,0,Failed,
TXN004013,2024-07-13,CUST00742,Sydney,Prepaid,Data Bundle,Data 1GB Daily,Agent,1024,0,Failed,imputed
TXN000055,2024-07-14,CUST00085,Sydney,Prepaid,Recharge,Recharge $5,USSD,,5,Successful,
TXN000380,2024-07-14,CUST00056,Hobart,Prepaid,Recharge,Recharge $1,Mobile App,,1,Successful,imputed
TXN000566,2024-07-14,CUST00858,Melbourne,Prepaid,Data Bundle,Data 2GB Weekly,Mobile App,2048,8,Successful,
TXN000582,2024-07-14,CUST00148,Adelaide,Prepaid,Data Bundle,Data 2GB Weekly,Agent,2048,8,Successful,imputed
TXN000706,2024-07-14,CUST00582,Perth,Prepaid,Data Bundle,Data 2GB Weekly,Agent,2048,8,Successful,imputed
TXN000845,2024-07-14,CUST00068,Sydney,Prepaid,Voice Bundle,Voice 300min,USSD,,0,Failed,imputed
TXN000959,2024-07-14,CUST00242,Melbourne,Prepaid,Recharge,Recharge $5,Mobile App,,5,Successful,
TXN001871,2024-07-14,CUST00296,Hobart,Prepaid,Recharge,Recharge $1,USSD,,1,Successful,
TXN001921,2024-07-14,CUST00736,Canberra,Prepaid,Data Bundle,Data 2GB Weekly,Agent,2048,8,Successful,
TXN002748,2024-07-14,CUST00262,Perth,Prepaid,Recharge,Recharge $10,Web,,10,Successful,
TXN002782,2024-07-14,CUST00012,Melbourne,Prepaid,Recharge,Recharge $5,Agent,,5,Successful,
TXN002787,2024-07-14,CUST00086,Canberra,Prepaid,Recharge,Recharge $2,USSD,,2,Successful,
TXN003175,2024-07-14,CUST00472,Adelaide,Prepaid,Data Bundle,Data 6GB Monthly,Mobile App,6144,25,Successful,
TXN003262,2024-07-14,CUST00281,Melbourne,Prepaid,Voice Bundle,Voice 100min,Mobile App,,0,Failed,
TXN003362,2024-07-14,CUST00663,Adelaide,Prepaid,Recharge,Recharge $20,Mobile App,,-20,Reversed,
TXN003486,2024-07-14,CUST00671,Brisbane,Prepaid,Data Bundle,Data 40GB Monthly,Mobile App,40960,110,Successful,
TXN003584,2024-07-14,CUST00853,Sydney,Postpaid,SMS Bundle,SMS 200,Mobile App,,2.5,Successful,
TXN004074,2024-07-14,CUST00328,Adelaide,Prepaid,Recharge,Recharge $10,Mobile App,,10,Successful,
TXN000220,2024-07-15,CUST00382,Adelaide,Prepaid,Recharge,Recharge $10,Agent,,10,Successful,
TXN000331,2024-07-15,CUST00776,Adelaide,Prepaid,Data Bundle,Data 1GB Daily,Mobile App,1024,3.5,Successful,
TXN002947,2024-07-15,CUST00085,Sydney,Prepaid,Recharge,Recharge $5,Web,,5,Successful,
TXN002995,2024-07-15,CUST00717,Perth,Prepaid,SMS Bundle,SMS 200,Mobile App,,2.5,Successful,
TXN000040,2024-07-16,CUST00369,Melbourne,Prepaid,Data Bundle,Data 10GB Monthly,Agent,10240,35,Successful,
TXN000728,2024-07-16,CUST00325,Melbourne,Prepaid,SMS Bundle,SMS 200,Mobile App,,2.5,Successful,
TXN001217,2024-07-16,CUST00592,Sydney,Postpaid,Data Bundle,Data 40GB Monthly,USSD,40960,110,Successful,
TXN001880,2024-07-16,CUST00171,Adelaide,Prepaid,Recharge,Recharge $1,Agent,,-1,Reversed,
TXN001910,2024-07-16,CUST00154,Sydney,Postpaid,Voice Bundle,Voice 300min,USSD,,11,Successful,
TXN003024,2024-07-16,CUST00054,Unknown,Prepaid,Recharge,Recharge $2,Agent,,2,Successful,
TXN003458,2024-07-16,CUST00832,Melbourne,Prepaid,Recharge,Recharge $1,Web,,1,Successful,
TXN003541,2024-07-16,CUST00664,Melbourne,Prepaid,Recharge,Recharge $1,USSD,,1,Successful,
TXN003860,2024-07-16,CUST00580,Adelaide,Prepaid,Voice Bundle,Voice 100min,USSD,,4.5,Successful,
TXN003953,2024-07-16,CUST00243,Hobart,Postpaid,Data Bundle,Data 1GB Daily,USSD,1024,3.5,Successful,
TXN004090,2024-07-16,CUST00217,Sydney,Postpaid,Voice Bundle,Voice 300min,Mobile App,,11,Successful,
TXN000504,2024-07-17,CUST00338,Brisbane,Prepaid,Recharge,Recharge $2,USSD,,-2,Reversed,
TXN000520,2024-07-17,CUST00819,Melbourne,Prepaid,Recharge,Recharge $5,Agent,,5,Successful,
TXN000557,2024-07-17,CUST00477,Canberra,Postpaid,Recharge,Recharge $10,USSD,,10,Successful,
TXN000632,2024-07-17,CUST00464,Melbourne,Prepaid,Data Bundle,Data 2GB Weekly,Agent,2048,8,Successful,
TXN000844,2024-07-17,CUST00505,Hobart,Prepaid,Recharge,Recharge $2,Web,,2,Successful,
TXN001987,2024-07-17,CUST00643,Perth,Prepaid,SMS Bundle,SMS 200,Web,,2.5,Successful,
TXN002714,2024-07-17,CUST00605,Sydney,Prepaid,Recharge,Recharge $20,Web,,20,Successful,imputed
TXN002753,2024-07-17,CUST00286,Perth,Prepaid,Recharge,Recharge $10,Mobile App,,10,Successful,
TXN002773,2024-07-17,CUST00035,Sydney,Prepaid,Recharge,Recharge $2,Mobile App,,-2,Reversed,
TXN002791,2024-07-17,CUST00873,Canberra,Postpaid,Data Bundle,Data 6GB Monthly,USSD,6144,25,Successful,
TXN002793,2024-07-17,CUST00826,Brisbane,Prepaid,SMS Bundle,SMS 200,Mobile App,,2.5,Successful,
TXN002946,2024-07-17,CUST00467,Sydney,Prepaid,Recharge,Recharge $2,Web,,0,Failed,imputed
TXN003127,2024-07-17,CUST00339,Adelaide,Postpaid,Recharge,Recharge $20,Web,,20,Successful,
TXN003256,2024-07-17,CUST00421,Sydney,Prepaid,Recharge,Recharge $2,Web,,2,Successful,
TXN003625,2024-07-17,CUST00079,Sydney,Prepaid,Data Bundle,Data 2GB Weekly,Agent,2048,8,Successful,
TXN003708,2024-07-17,CUST00544,Melbourne,Prepaid,Voice Bundle,Voice 100min,Mobile App,,4.5,Successful,
TXN003936,2024-07-17,CUST00390,Melbourne,Prepaid,Recharge,Recharge $20,Web,,20,Successful,
TXN900016,2024-07-17,CUST00643,Perth,Prepaid,SMS Bundle,SMS 200,Web,,2.5,Successful,
TXN000368,2024-07-18,CUST00417,Brisbane,Prepaid,Recharge,Recharge $5,Agent,,5,Successful,
TXN000696,2024-07-18,CUST00503,Melbourne,Prepaid,Data Bundle,Data 40GB Monthly,USSD,40960,110,Successful,imputed
TXN000906,2024-07-18,CUST00863,Adelaide,Prepaid,Data Bundle,Data 6GB Monthly,USSD,6144,25,Successful,
TXN001116,2024-07-18,CUST00429,Adelaide,Prepaid,Data Bundle,Data 1GB Daily,Web,1024,3.5,Successful,
TXN002260,2024-07-18,CUST00046,Sydney,Prepaid,Recharge,Recharge $2,Mobile App,,-2,Reversed,
TXN002359,2024-07-18,CUST00182,Brisbane,Prepaid,Voice Bundle,Voice 100min,Agent,,4.5,Successful,
TXN002875,2024-07-18,CUST00777,Sydney,Prepaid,Voice Bundle,Voice 100min,Web,,0,Failed,
TXN003119,2024-07-18,CUST00462,Brisbane,Postpaid,Recharge,Recharge $2,Agent,,2,Successful,
TXN003910,2024-07-18,CUST00179,Canberra,Prepaid,Recharge,Recharge $5,USSD,,5,Successful,
TXN000342,2024-07-19,CUST00645,Sydney,Prepaid,Recharge,Recharge $2,Web,,2,Successful,
TXN001351,2024-07-19,CUST00441,Sydney,Prepaid,Recharge,Recharge $1,USSD,,-1,Reversed,
TXN002106,2024-07-19,CUST00479,Sydney,Prepaid,Recharge,Recharge $1,USSD,,0,Failed,imputed
TXN002140,2024-07-19,CUST00700,Sydney,Prepaid,Recharge,Recharge $10,Mobile App,,10,Successful,
TXN002707,2024-07-19,CUST00119,Hobart,Prepaid,Recharge,Recharge $5,USSD,,5,Successful,
TXN003220,2024-07-19,CUST00704,Hobart,Prepaid,Recharge,Recharge $5,Web,,5,Successful,
TXN003221,2024-07-19,CUST00539,Perth,Prepaid,Recharge,Recharge $1,USSD,,1,Successful,
TXN003557,2024-07-19,CUST00387,Sydney,Prepaid,Recharge,Recharge $20,USSD,,20,Successful,imputed
TXN003920,2024-07-19,CUST00790,Sydney,Postpaid,Recharge,Recharge $10,Agent,,10,Successful,
TXN003993,2024-07-19,CUST00670,Adelaide,Prepaid,Recharge,Recharge $2,USSD,,2,Successful,imputed
TXN000378,2024-07-20,CUST00869,Canberra,Prepaid,Voice Bundle,Voice 100min,Agent,,4.5,Successful,
TXN000467,2024-07-20,CUST00324,Hobart,Prepaid,Recharge,Recharge $2,Web,,2,Successful,
TXN000651,2024-07-20,CUST00200,Perth,Prepaid,SMS Bundle,SMS 200,Agent,,2.5,Successful,
TXN001461,2024-07-20,CUST00203,Adelaide,Prepaid,Recharge,Recharge $10,Agent,,0,Failed,
TXN001652,2024-07-20,CUST00103,Melbourne,Prepaid,Voice Bundle,Voice 300min,Web,,11,Successful,
TXN001704,2024-07-20,CUST00122,Brisbane,Postpaid,Voice Bundle,Voice 300min,Web,,11,Successful,
TXN002727,2024-07-20,CUST00111,Canberra,Prepaid,Recharge,Recharge $2,Web,,2,Successful,
TXN003146,2024-07-20,CUST00341,Perth,Prepaid,Recharge,Recharge $2,USSD,,2,Successful,
TXN003377,2024-07-20,CUST00729,Brisbane,Prepaid,Recharge,Recharge $5,Web,,0,Failed,imputed
TXN003413,2024-07-20,CUST00439,Sydney,Postpaid,Voice Bundle,Voice 100min,USSD,,4.5,Successful,
TXN004056,2024-07-20,CUST00034,Sydney,Prepaid,Data Bundle,Data 1GB Daily,Mobile App,1024,-3.5,Reversed,
TXN000287,2024-07-21,CUST00516,Sydney,Prepaid,Recharge,Recharge $1,Web,,-1,Reversed,
TXN001022,2024-07-21,CUST00394,Canberra,Prepaid,Recharge,Recharge $5,Agent,,5,Successful,imputed
TXN001391,2024-07-21,CUST00559,Melbourne,Prepaid,Recharge,Recharge $10,USSD,,10,Successful,
TXN001404,2024-07-21,CUST00817,Perth,Postpaid,Data Bundle,Data 6GB Monthly,Agent,6144,25,Successful,imputed
TXN002011,2024-07-21,CUST00574,Adelaide,Prepaid,Data Bundle,Data 6GB Monthly,Mobile App,6144,25,Successful,
TXN002090,2024-07-21,CUST00871,Sydney,Prepaid,Recharge,Recharge $1,Web,,1,Successful,
TXN002396,2024-07-21,CUST00074,Brisbane,Prepaid,Recharge,Recharge $1,Agent,,1,Successful,
TXN002508,2024-07-21,CUST00474,Canberra,Prepaid,Recharge,Recharge $1,Web,,1,Successful,
TXN002566,2024-07-21,CUST00254,Sydney,Prepaid,Data Bundle,Data 1GB Daily,Mobile App,1024,3.5,Successful,
TXN003193,2024-07-21,CUST00071,Melbourne,Prepaid,Data Bundle,Data 1GB Daily,Web,1024,3.5,Successful,
TXN003872,2024-07-21,CUST00408,Brisbane,Prepaid,Recharge,Recharge $1,Agent,,1,Successful,
TXN000069,2024-07-22,CUST00586,Sydney,Prepaid,Recharge,Recharge $2,Web,,-2,Reversed,
TXN000108,2024-07-22,CUST00879,Melbourne,Prepaid,SMS Bundle,SMS 200,USSD,,2.5,Successful,
TXN000227,2024-07-22,CUST00008,Perth,Prepaid,Data Bundle,Data 2GB Weekly,Agent,2048,8,Successful,
TXN000574,2024-07-22,CUST00321,Canberra,Prepaid,Recharge,Recharge $1,USSD,,1,Successful,
TXN001063,2024-07-22,CUST00564,Canberra,Postpaid,Recharge,Recharge $20,Web,,20,Successful,
TXN001270,2024-07-22,CUST00603,Melbourne,Prepaid,Recharge,Recharge $5,Web,,5,Successful,
TXN001542,2024-07-22,CUST00587,Sydney,Prepaid,Data Bundle,Data 1GB Daily,USSD,1024,-3.5,Reversed,
TXN001585,2024-07-22,CUST00791,Melbourne,Postpaid,Voice Bundle,Voice 100min,Agent,,4.5,Successful,
TXN001608,2024-07-22,CUST00622,Sydney,Prepaid,Data Bundle,Data 1GB Daily,USSD,1024,3.5,Successful,
TXN002344,2024-07-22,CUST00484,Sydney,Postpaid,Data Bundle,Data 2GB Weekly,Agent,2048,8,Successful,
TXN003283,2024-07-22,CUST00713,Melbourne,Prepaid,Data Bundle,Data 10GB Monthly,USSD,10240,35,Successful,imputed
TXN003442,2024-07-22,CUST00022,Sydney,Prepaid,Recharge,Recharge $5,USSD,,5,Successful,imputed
TXN003460,2024-07-22,CUST00443,Hobart,Prepaid,Recharge,Recharge $1,Web,,1,Successful,
TXN003934,2024-07-22,CUST00091,Perth,Prepaid,Recharge,Recharge $10,Agent,,10,Successful,
TXN900007,2024-07-22,CUST00879,Melbourne,Prepaid,SMS Bundle,SMS 200,USSD,,2.5,Successful,
TXN900014,2024-07-22,CUST00791,Melbourne,Postpaid,Voice Bundle,Voice 100min,Agent,,4.5,Successful,
TXN000277,2024-07-23,CUST00561,Hobart,Postpaid,Voice Bundle,Voice 300min,Web,,11,Successful,
TXN000359,2024-07-23,CUST00821,Sydney,Prepaid,Recharge,Recharge $1,USSD,,1,Successful,
TXN001018,2024-07-23,CUST00407,Sydney,Prepaid,Data Bundle,Data 2GB Weekly,USSD,2048,8,Successful,
TXN001127,2024-07-23,CUST00586,Sydney,Prepaid,Voice Bundle,Voice 300min,USSD,,-11,Reversed,
TXN001552,2024-07-23,CUST00465,Perth,Prepaid,SMS Bundle,SMS 200,Web,,2.5,Successful,
TXN002400,2024-07-23,CUST00076,Canberra,Prepaid,Recharge,Recharge $2,Mobile App,,2,Successful,
TXN002401,2024-07-23,CUST00491,Sydney,Postpaid,Data Bundle,Data 10GB Monthly,Mobile App,10240,35,Successful,
TXN003606,2024-07-23,CUST00248,Sydney,Prepaid,Data Bundle,Data 1GB Daily,Web,1024,3.5,Successful,
TXN003956,2024-07-23,CUST00019,Adelaide,Prepaid,Recharge,Recharge $10,Web,,10,Successful,
TXN004003,2024-07-23,CUST00280,Adelaide,Prepaid,Voice Bundle,Voice 300min,Agent,,11,Successful,
TXN000004,2024-07-24,CUST00807,Perth,Prepaid,Recharge,Recharge $1,USSD,,1,Successful,
TXN000679,2024-07-24,CUST00876,Sydney,Prepaid,Recharge,Recharge $20,USSD,,0,Failed,
TXN000962,2024-07-24,CUST00433,Sydney,Prepaid,Recharge,Recharge $2,Web,,2,Successful,
TXN000966,2024-07-24,CUST00883,Sydney,Prepaid,Recharge,Recharge $10,Web,,10,Successful,
TXN001099,2024-07-24,CUST00742,Sydney,Prepaid,Recharge,Recharge $1,USSD,,1,Successful,
TXN001499,2024-07-24,CUST00450,Brisbane,Prepaid,Data Bundle,Data 10GB Monthly,USSD,10240,35,Successful,
TXN001937,2024-07-24,CUST00017,Brisbane,Postpaid,Data Bundle,Data 40GB Monthly,USSD,40960,110,Successful,
TXN001958,2024-07-24,CUST00077,Melbourne,Prepaid,Recharge,Recharge $1,Agent,,1,Successful,imputed
TXN001993,2024-07-24,CUST00423,Hobart,Postpaid,Data Bundle,Data 10GB Monthly,Web,10240,35,Successful,
TXN002263,2024-07-24,CUST00393,Sydney,Postpaid,Data Bundle,Data 6GB Monthly,Web,6144,0,Failed,imputed
TXN002277,2024-07-24,CUST00560,Brisbane,Postpaid,Data Bundle,Data 1GB Daily,Mobile App,1024,3.5,Successful,imputed
TXN002670,2024-07-24,CUST00753,Adelaide,Prepaid,Recharge,Recharge $2,USSD,,2,Successful,
TXN003744,2024-07-24,CUST00823,Melbourne,Prepaid,SMS Bundle,SMS 200,Agent,,2.5,Successful,
TXN000525,2024-07-25,CUST00284,Sydney,Postpaid,Recharge,Recharge $5,Agent,,0,Failed,
TXN000836,2024-07-25,CUST00584,Melbourne,Prepaid,Voice Bundle,Voice 100min,Mobile App,,4.5,Successful,
TXN000887,2024-07-25,CUST00245,Brisbane,Prepaid,Data Bundle,Data 6GB Monthly,Mobile App,6144,25,Successful,
TXN000911,2024-07-25,CUST00670,Adelaide,Prepaid,Recharge,Recharge $10,Mobile App,,10,Successful,
TXN001954,2024-07-25,CUST00609,Adelaide,Prepaid,Recharge,Recharge $1,Agent,,1,Successful,imputed
TXN002422,2024-07-25,CUST00243,Hobart,Postpaid,Voice Bundle,Voice 100min,Web,,4.5,Successful,
TXN002517,2024-07-25,CUST00317,Sydney,Prepaid,Recharge,Recharge $10,Web,,10,Successful,
TXN002634,2024-07-25,CUST00368,Unknown,Prepaid,Data Bundle,Data 1GB Daily,Mobile App,1024,3.5,Successful,
TXN002818,2024-07-25,CUST00258,Adelaide,Postpaid,Recharge,Recharge $5,Mobile App,,5,Successful,
TXN003801,2024-07-25,CUST00521,Adelaide,Prepaid,Recharge,Recharge $5,USSD,,5,Successful,
TXN003853,2024-07-25,CUST00295,Melbourne,Prepaid,Recharge,Recharge $1,USSD,,1,Successful,
TXN003870,2024-07-25,CUST00057,Brisbane,Prepaid,Data Bundle,Data 6GB Monthly,Mobile App,6144,25,Successful,
TXN000301,2024-07-26,CUST00189,Perth,Prepaid,Recharge,Recharge $10,USSD,,10,Successful,
TXN000369,2024-07-26,CUST00898,Perth,Prepaid,Data Bundle,Data 2GB Weekly,Web,2048,8,Successful,
TXN000474,2024-07-26,CUST00595,Brisbane,Prepaid,Recharge,Recharge $2,Mobile App,,2,Successful,
TXN000597,2024-07-26,CUST00117,Brisbane,Prepaid,Recharge,Recharge $1,Agent,,1,Successful,
TXN000708,2024-07-26,CUST00345,Sydney,Prepaid,Recharge,Recharge $2,Web,,-2,Reversed,
TXN000896,2024-07-26,CUST00875,Sydney,Prepaid,Recharge,Recharge $2,Agent,,2,Successful,
TXN001159,2024-07-26,CUST00487,Adelaide,Postpaid,Data Bundle,Data 1GB Daily,Web,1024,3.5,Successful,
TXN001294,2024-07-26,CUST00242,Melbourne,Prepaid,Data Bundle,Data 1GB Daily,USSD,1024,3.5,Successful,
TXN001297,2024-07-26,CUST00442,Sydney,Postpaid,Voice Bundle,Voice 300min,Mobile App,,0,Failed,
TXN001366,2024-07-26,CUST00685,Melbourne,Postpaid,Data Bundle,Data 6GB Monthly,Agent,6144,25,Successful,
TXN001617,2024-07-26,CUST00632,Sydney,Postpaid,Voice Bundle,Voice 100min,USSD,,0,Failed,
TXN001659,2024-07-26,CUST00314,Sydney,Prepaid,Data Bundle,Data 2GB Weekly,USSD,2048,0,Failed,imputed
TXN001789,2024-07-26,CUST00737,Melbourne,Postpaid,Data Bundle,Data 10GB Monthly,Mobile App,10240,35,Successful,
TXN002144,2024-07-26,CUST00352,Adelaide,Prepaid,Recharge,Recharge $1,USSD,,1,Successful,
TXN002368,2024-07-26,CUST00899,Brisbane,Prepaid,Data Bundle,Data 2GB Weekly,Mobile App,2048,8,Successful,
TXN002549,2024-07-26,CUST00234,Unknown,Prepaid,Recharge,Recharge $2,Agent,,2,Successful,
TXN003296,2024-07-26,CUST00290,Melbourne,Prepaid,Data Bundle,Data 2GB Weekly,Agent,2048,8,Successful,
TXN003645,2024-07-26,CUST00834,Perth,Prepaid,Data Bundle,Data 40GB Monthly,Agent,40960,110,Successful,imputed
TXN000592,2024-07-27,CUST00512,Hobart,Prepaid,Recharge,Recharge $1,USSD,,-1,Reversed,
TXN000755,2024-07-27,CUST00131,Hobart,Postpaid,Data Bundle,Data 1GB Daily,Agent,1024,3.5,Successful,
TXN001576,2024-07-27,CUST00490,Sydney,Prepaid,Recharge,Recharge $1,Mobile App,,1,Successful,
TXN002053,2024-07-27,CUST00115,Sydney,Postpaid,Voice Bundle,Voice 300min,Web,,0,Failed,
TXN002251,2024-07-27,CUST00678,Adelaide,Prepaid,Voice Bundle,Voice 300min,Agent,,11,Successful,
TXN002355,2024-07-27,CUST00382,Adelaide,Prepaid,Recharge,Recharge $10,USSD,,10,Successful,
TXN002692,2024-07-27,CUST00707,Melbourne,Prepaid,Recharge,Recharge $1,USSD,,1,Successful,
TXN002704,2024-07-27,CUST00343,Sydney,Prepaid,Recharge,Recharge $5,USSD,,5,Successful,
TXN003041,2024-07-27,CUST00245,Brisbane,Prepaid,Recharge,Recharge $10,USSD,,10,Successful,
TXN003279,2024-07-27,CUST00155,Adelaide,Postpaid,Data Bundle,Data 40GB Monthly,Web,40960,110,Successful,
TXN003642,2024-07-27,CUST00091,Perth,Prepaid,Recharge,Recharge $1,USSD,,1,Successful,
TXN003968,2024-07-27,CUST00258,Adelaide,Postpaid,Data Bundle,Data 10GB Monthly,Web,10240,35,Successful,
TXN000709,2024-07-28,CUST00207,Perth,Prepaid,Data Bundle,Data 40GB Monthly,Agent,40960,110,Successful,
TXN001092,2024-07-28,CUST00017,Brisbane,Postpaid,Voice Bundle,Voice 300min,Web,,11,Successful,
TXN001370,2024-07-28,CUST00275,Perth,Prepaid,Data Bundle,Data 1GB Daily,Agent,1024,3.5,Successful,
TXN002133,2024-07-28,CUST00518,Sydney,Prepaid,Data Bundle,Data 10GB Monthly,Mobile App,10240,-35,Reversed,
TXN003007,2024-07-28,CUST00051,Sydney,Prepaid,Data Bundle,Data 1GB Daily,Agent,1024,0,Failed,imputed
TXN003166,2024-07-28,CUST00211,Melbourne,Prepaid,Data Bundle,Data 2GB Weekly,Mobile App,2048,8,Successful,
TXN003516,2024-07-28,CUST00316,Canberra,Prepaid,Recharge,Recharge $5,Mobile App,,5,Successful,
TXN003805,2024-07-28,CUST00289,Brisbane,Prepaid,Data Bundle,Data 1GB Daily,USSD,1024,3.5,Successful,
TXN004004,2024-07-28,CUST00867,Hobart,Prepaid,Recharge,Recharge $2,Web,,2,Successful,imputed
TXN000498,2024-08-01,CUST00082,Sydney,Postpaid,Data Bundle,Data 6GB Monthly,Mobile App,6144,25,Successful,
TXN001091,2024-08-01,CUST00059,Sydney,Prepaid,Data Bundle,Data 6GB Monthly,Agent,6144,-25,Reversed,
TXN001165,2024-08-01,CUST00696,Melbourne,Prepaid,Recharge,Recharge $5,Agent,,5,Successful,
TXN001374,2024-08-01,CUST00133,Adelaide,Prepaid,Data Bundle,Data 10GB Monthly,Agent,10240,-35,Reversed,
TXN002429,2024-08-01,CUST00754,Unknown,Prepaid,Data Bundle,Data 1GB Daily,Agent,1024,3.5,Successful,
TXN002630,2024-08-01,CUST00796,Hobart,Postpaid,Recharge,Recharge $20,Mobile App,,20,Successful,
TXN002731,2024-08-01,CUST00557,Unknown,Prepaid,Recharge,Recharge $10,USSD,,10,Successful,imputed
TXN003002,2024-08-01,CUST00578,Perth,Prepaid,Recharge,Recharge $10,Web,,10,Successful,
TXN003390,2024-08-01,CUST00692,Perth,Prepaid,SMS Bundle,SMS 200,Web,,2.5,Successful,
TXN003422,2024-08-01,CUST00799,Sydney,Prepaid,Recharge,Recharge $1,Mobile App,,0,Failed,imputed
TXN003903,2024-08-01,CUST00147,Perth,Prepaid,Data Bundle,Data 2GB Weekly,Web,2048,8,Successful,
TXN000137,2024-08-02,CUST00465,Perth,Prepaid,Data Bundle,Data 6GB Monthly,USSD,6144,25,Successful,
TXN000502,2024-08-02,CUST00768,Hobart,Prepaid,Recharge,Recharge $5,Web,,5,Successful,
TXN000643,2024-08-02,CUST00211,Melbourne,Prepaid,SMS Bundle,SMS 200,Web,,2.5,Successful,
TXN001436,2024-08-02,CUST00675,Melbourne,Prepaid,Recharge,Recharge $1,USSD,,1,Successful,
TXN001788,2024-08-02,CUST00014,Sydney,Prepaid,SMS Bundle,SMS 200,Agent,,2.5,Successful,
TXN001912,2024-08-02,CUST00683,Adelaide,Prepaid,Recharge,Recharge $5,USSD,,-5,Reversed,
TXN001955,2024-08-02,CUST00123,Sydney,Prepaid,Recharge,Recharge $2,Web,,2,Successful,
TXN002123,2024-08-02,CUST00774,Hobart,Prepaid,Data Bundle,Data 1GB Daily,Mobile App,1024,3.5,Successful,
TXN002216,2024-08-02,CUST00171,Adelaide,Prepaid,Data Bundle,Data 2GB Weekly,Web,2048,-8,Reversed,
TXN002341,2024-08-02,CUST00791,Melbourne,Postpaid,Recharge,Recharge $1,Mobile App,,1,Successful,
TXN002606,2024-08-02,CUST00786,Canberra,Prepaid,Data Bundle,Data 1GB Daily,Web,1024,3.5,Successful,
TXN002940,2024-08-02,CUST00429,Adelaide,Prepaid,Recharge,Recharge $10,Web,,10,Successful,
TXN003071,2024-08-02,CUST00506,Perth,Prepaid,Recharge,Recharge $10,Web,,0,Failed,imputed
TXN003101,2024-08-02,CUST00213,Melbourne,Prepaid,Data Bundle,Data 10GB Monthly,Agent,10240,35,Successful,imputed
TXN003651,2024-08-02,CUST00061,Adelaide,Prepaid,Data Bundle,Data 2GB Weekly,Agent,2048,8,Successful,
TXN003932,2024-08-02,CUST00551,Sydney,Prepaid,SMS Bundle,SMS 200,USSD,,2.5,Successful,
TXN000346,2024-08-03,CUST00465,Perth,Prepaid,Recharge,Recharge $5,Mobile App,,-5,Reversed,
TXN000594,2024-08-03,CUST00759,Brisbane,Prepaid,Recharge,Recharge $2,Web,,2,Successful,imputed
TXN000655,2024-08-03,CUST00856,Brisbane,Prepaid,Recharge,Recharge $5,Agent,,5,Successful,
TXN001071,2024-08-03,CUST00019,Adelaide,Prepaid,Recharge,Recharge $10,Mobile App,,10,Successful,
TXN001624,2024-08-03,CUST00629,Adelaide,Prepaid,Recharge,Recharge $10,Mobile App,,0,Failed,
TXN002200,2024-08-03,CUST00704,Hobart,Prepaid,Recharge,Recharge $2,Mobile App,,-2,Reversed,
TXN002540,2024-08-03,CUST00588,Sydney,Prepaid,Recharge,Recharge $5,Agent,,-5,Reversed,
TXN002733,2024-08-03,CUST00222,Brisbane,Postpaid,Data Bundle,Data 40GB Monthly,Mobile App,40960,110,Successful,
TXN003412,2024-08-03,CUST00344,Brisbane,Prepaid,Data Bundle,Data 1GB Daily,Web,1024,3.5,Successful,
TXN003630,2024-08-03,CUST00815,Sydney,Prepaid,Data Bundle,Data 2GB Weekly,Agent,2048,8,Successful,
TXN003701,2024-08-03,CUST00149,Melbourne,Prepaid,Recharge,Recharge $2,USSD,,2,Successful,imputed
TXN003710,2024-08-03,CUST00864,Brisbane,Prepaid,Data Bundle,Data 2GB Weekly,Web,2048,8,Successful,
TXN003894,2024-08-03,CUST00055,Melbourne,Postpaid,Voice Bundle,Voice 300min,USSD,,11,Successful,
TXN002326,2024-08-04,CUST00244,Melbourne,Prepaid,SMS Bundle,SMS 200,Web,,2.5,Successful,
TXN002612,2024-08-04,CUST00735,Hobart,Prepaid,Data Bundle,Data 40GB Monthly,Mobile App,40960,110,Successful,
TXN002902,2024-08-04,CUST00103,Melbourne,Prepaid,Data Bundle,Data 2GB Weekly,Web,2048,0,Failed,
TXN003036,2024-08-04,CUST00255,Sydney,Prepaid,Data Bundle,Data 2GB Weekly,USSD,2048,8,Successful,
TXN003291,2024-08-04,CUST00309,Adelaide,Prepaid,Recharge,Recharge $1,Agent,,1,Successful,
TXN003456,2024-08-04,CUST00097,Sydney,Postpaid,Data Bundle,Data 10GB Monthly,Mobile App,10240,35,Successful,
TXN000253,2024-08-05,CUST00638,Sydney,Prepaid,Voice Bundle,Voice 100min,USSD,,4.5,Successful,
TXN001567,2024-08-05,CUST00182,Brisbane,Prepaid,Recharge,Recharge $2,USSD,,2,Successful,
TXN001793,2024-08-05,CUST00744,Melbourne,Prepaid,Data Bundle,Data 2GB Weekly,Web,2048,8,Successful,
TXN002059,2024-08-05,CUST00622,Sydney,Prepaid,Recharge,Recharge $10,Web,,-10,Reversed,
TXN002356,2024-08-05,CUST00866,Brisbane,Prepaid,Data Bundle,Data 10GB Monthly,USSD,10240,35,Successful,
TXN002398,2024-08-05,CUST00703,Melbourne,Prepaid,Recharge,Recharge $10,Web,,0,Failed,
TXN003000,2024-08-05,CUST00291,Sydney,Postpaid,Recharge,Recharge $20,Mobile App,,20,Successful,
TXN003282,2024-08-05,CUST00310,Perth,Prepaid,Recharge,Recharge $5,USSD,,0,Failed,
TXN003366,2024-08-05,CUST00390,Melbourne,Prepaid,SMS Bundle,SMS 200,USSD,,2.5,Successful,imputed
TXN003383,2024-08-05,CUST00666,Adelaide,Prepaid,Recharge,Recharge $10,Mobile App,,10,Successful,
TXN003757,2024-08-05,CUST00820,Sydney,Prepaid,Data Bundle,Data 10GB Monthly,USSD,10240,-35,Reversed,
TXN003946,2024-08-05,CUST00215,Adelaide,Prepaid,Recharge,Recharge $1,Agent,,1,Successful,
TXN001248,2024-08-06,CUST00639,Sydney,Prepaid,Recharge,Recharge $5,USSD,,5,Successful,
TXN001491,2024-08-06,CUST00333,Adelaide,Prepaid,Recharge,Recharge $10,Agent,,-10,Reversed,
TXN001621,2024-08-06,CUST00775,Canberra,Prepaid,Data Bundle,Data 2GB Weekly,USSD,2048,8,Successful,
TXN001648,2024-08-06,CUST00652,Adelaide,Prepaid,SMS Bundle,SMS 200,Mobile App,,-2.5,Reversed,
TXN001856,2024-08-06,CUST00555,Brisbane,Prepaid,Data Bundle,Data 6GB Monthly,Agent,6144,25,Successful,imputed
TXN002397,2024-08-06,CUST00631,Sydney,Prepaid,Recharge,Recharge $5,Agent,,5,Successful,
TXN002484,2024-08-06,CUST00535,Sydney,Postpaid,Data Bundle,Data 1GB Daily,Mobile App,1024,3.5,Successful,
TXN002679,2024-08-06,CUST00863,Adelaide,Prepaid,Recharge,Recharge $10,USSD,,10,Successful,
TXN002914,2024-08-06,CUST00173,Sydney,Postpaid,Recharge,Recharge $20,Mobile App,,20,Successful,imputed
TXN003151,2024-08-06,CUST00109,Brisbane,Prepaid,Data Bundle,Data 6GB Monthly,Web,6144,25,Successful,
TXN003949,2024-08-06,CUST00111,Canberra,Prepaid,Recharge,Recharge $5,Mobile App,,5,Successful,
TXN000367,2024-08-07,CUST00232,Sydney,Prepaid,Recharge,Recharge $10,Mobile App,,0,Failed,
TXN001401,2024-08-07,CUST00354,Adelaide,Prepaid,Data Bundle,Data 10GB Monthly,Agent,10240,35,Successful,
TXN001413,2024-08-07,CUST00632,Sydney,Postpaid,Recharge,Recharge $5,USSD,,5,Successful,imputed
TXN001568,2024-08-07,CUST00063,Sydney,Prepaid,Recharge,Recharge $5,Mobile App,,5,Successful,
TXN001849,2024-08-07,CUST00524,Sydney,Prepaid,SMS Bundle,SMS 200,Web,,2.5,Successful,
TXN002199,2024-08-07,CUST00059,Sydney,Prepaid,Recharge,Recharge $10,Mobile App,,10,Successful,
TXN002319,2024-08-07,CUST00487,Adelaide,Postpaid,Data Bundle,Data 40GB Monthly,Agent,40960,110,Successful,
TXN002328,2024-08-07,CUST00729,Brisbane,Prepaid,Recharge,Recharge $1,USSD,,1,Successful,
TXN002870,2024-08-07,CUST00299,Perth,Prepaid,Data Bundle,Data 10GB Monthly,Agent,10240,35,Successful,
TXN003082,2024-08-07,CUST00127,Sydney,Prepaid,Data Bundle,Data 1GB Daily,Web,1024,-3.5,Reversed,
TXN003204,2024-08-07,CUST00120,Brisbane,Prepaid,Recharge,Recharge $10,Web,,10,Successful,imputed
TXN004017,2024-08-07,CUST00867,Hobart,Prepaid,Data Bundle,Data 6GB Monthly,USSD,6144,25,Successful,
TXN000479,2024-08-08,CUST00621,Sydney,Prepaid,Recharge,Recharge $2,USSD,,0,Failed,
TXN001361,2024-08-08,CUST00650,Melbourne,Prepaid,Recharge,Recharge $5,Mobile App,,5,Successful,
TXN001516,2024-08-08,CUST00458,Brisbane,Prepaid,Data Bundle,Data 10GB Monthly,Mobile App,10240,35,Successful,
TXN002927,2024-08-08,CUST00016,Adelaide,Prepaid,Recharge,Recharge $2,Web,,2,Successful,
TXN003290,2024-08-08,CUST00193,Melbourne,Prepaid,SMS Bundle,SMS 200,Web,,0,Failed,imputed
TXN003517,2024-08-08,CUST00379,Brisbane,Prepaid,Recharge,Recharge $5,Mobile App,,5,Successful,
TXN004078,2024-08-08,CUST00183,Melbourne,Prepaid,Recharge,Recharge $5,Agent,,5,Successful,
TXN001043,2024-08-09,CUST00388,Brisbane,Prepaid,Data Bundle,Data 2GB Weekly,Mobile App,2048,8,Successful,
TXN002112,2024-08-09,CUST00105,Melbourne,Postpaid,SMS Bundle,SMS 200,Agent,,2.5,Successful,
TXN002529,2024-08-09,CUST00232,Sydney,Prepaid,Recharge,Recharge $1,Mobile App,,1,Successful,
TXN003640,2024-08-09,CUST00217,Sydney,Postpaid,Voice Bundle,Voice 300min,Mobile App,,11,Successful,
TXN003705,2024-08-09,CUST00736,Canberra,Prepaid,Recharge,Recharge $20,Agent,,20,Successful,
TXN004151,2024-08-09,CUST00632,Sydney,Postpaid,Data Bundle,Data 2GB Weekly,USSD,2048,0,Failed,imputed
TXN000524,2024-08-10,CUST00024,Sydney,Prepaid,Recharge,Recharge $2,Agent,,0,Failed,imputed
TXN000685,2024-08-10,CUST00468,Brisbane,Postpaid,Data Bundle,Data 40GB Monthly,Web,40960,110,Successful,
TXN000924,2024-08-10,CUST00163,Sydney,Prepaid,Recharge,Recharge $20,Agent,,20,Successful,
TXN001206,2024-08-10,CUST00243,Hobart,Postpaid,Data Bundle,Data 40GB Monthly,USSD,40960,110,Successful,
TXN001525,2024-08-10,CUST00695,Unknown,Prepaid,Recharge,Recharge $1,Mobile App,,1,Successful,
TXN001715,2024-08-10,CUST00753,Adelaide,Prepaid,Voice Bundle,Voice 100min,USSD,,4.5,Successful,
TXN001835,2024-08-10,CUST00248,Sydney,Prepaid,Recharge,Recharge $1,Web,,1,Successful,
TXN003566,2024-08-10,CUST00853,Sydney,Postpaid,Data Bundle,Data 2GB Weekly,Agent,2048,8,Successful,
TXN003676,2024-08-10,CUST00829,Sydney,Prepaid,Data Bundle,Data 2GB Weekly,Mobile App,2048,8,Successful,
TXN000382,2024-08-11,CUST00389,Canberra,Postpaid,Voice Bundle,Voice 100min,Agent,,4.5,Successful,
TXN000515,2024-08-11,CUST00214,Unknown,Prepaid,SMS Bundle,SMS 200,USSD,,2.5,Successful,
TXN000707,2024-08-11,CUST00387,Sydney,Prepaid,Data Bundle,Data 10GB Monthly,Mobile App,10240,0,Failed,
TXN000877,2024-08-11,CUST00636,Melbourne,Prepaid,Data Bundle,Data 6GB Monthly,Agent,6144,25,Successful,
TXN001702,2024-08-11,CUST00372,Sydney,Prepaid,Data Bundle,Data 10GB Monthly,Mobile App,10240,35,Successful,
TXN001759,2024-08-11,CUST00167,Adelaide,Prepaid,Recharge,Recharge $1,Web,,1,Successful,
TXN001855,2024-08-11,CUST00024,Sydney,Prepaid,Data Bundle,Data 10GB Monthly,Mobile App,10240,35,Successful,
TXN001939,2024-08-11,CUST00399,Melbourne,Postpaid,Data Bundle,Data 10GB Monthly,Web,10240,0,Failed,
TXN002082,2024-08-11,CUST00533,Sydney,Prepaid,Data Bundle,Data 1GB Daily,Mobile App,1024,-3.5,Reversed,
TXN002282,2024-08-11,CUST00349,Perth,Postpaid,Recharge,Recharge $2,Mobile App,,2,Successful,
TXN002420,2024-08-11,CUST00748,Canberra,Postpaid,Data Bundle,Data 2GB Weekly,Mobile App,2048,8,Successful,imputed
TXN002580,2024-08-11,CUST00899,Brisbane,Prepaid,Recharge,Recharge $2,Web,,2,Successful,
TXN003055,2024-08-11,CUST00843,Perth,Prepaid,Data Bundle,Data 1GB Daily,Web,1024,3.5,Successful,
TXN000547,2024-08-12,CUST00721,Sydney,Prepaid,Recharge,Recharge $5,Web,,0,Failed,
TXN000769,2024-08-12,CUST00702,Melbourne,Prepaid,Data Bundle,Data 10GB Monthly,Web,10240,35,Successful,
TXN001329,2024-08-12,CUST00335,Brisbane,Prepaid,Voice Bundle,Voice 100min,Agent,,4.5,Successful,
TXN001431,2024-08-12,CUST00364,Perth,Prepaid,Recharge,Recharge $10,Mobile App,,10,Successful,
TXN001841,2024-08-12,CUST00246,Sydney,Prepaid,Data Bundle,Data 10GB Monthly,Web,10240,35,Successful,
TXN002160,2024-08-12,CUST00751,Perth,Postpaid,Data Bundle,Data 10GB Monthly,Mobile App,10240,35,Successful,
TXN002380,2024-08-12,CUST00460,Perth,Prepaid,SMS Bundle,SMS 200,Mobile App,,2.5,Successful,
TXN003393,2024-08-12,CUST00025,Perth,Prepaid,Data Bundle,Data 1GB Daily,USSD,1024,3.5,Successful,
TXN003546,2024-08-12,CUST00146,Sydney,Prepaid,Data Bundle,Data 10GB Monthly,Web,10240,35,Successful,
TXN003707,2024-08-12,CUST00338,Brisbane,Prepaid,Recharge,Recharge $1,Web,,1,Successful,
TXN004041,2024-08-12,CUST00180,Sydney,Prepaid,Data Bundle,Data 1GB Daily,Web,1024,3.5,Successful,
TXN900022,2024-08-12,CUST00025,Perth,Prepaid,Data Bundle,Data 1GB Daily,USSD,1024,3.5,Successful,
TXN000090,2024-08-13,CUST00461,Perth,Postpaid,Recharge,Recharge $10,USSD,,10,Successful,
TXN000589,2024-08-13,CUST00181,Perth,Prepaid,Recharge,Recharge $5,USSD,,5,Successful,
TXN001137,2024-08-13,CUST00025,Perth,Prepaid,Voice Bundle,Voice 100min,Mobile App,,0,Failed,
TXN001298,2024-08-13,CUST00548,Sydney,Prepaid,Data Bundle,Data 6GB Monthly,USSD,6144,25,Successful,imputed
TXN001402,2024-08-13,CUST00377,Melbourne,Prepaid,Data Bundle,Data 1GB Daily,USSD,1024,3.5,Successful,
TXN001452,2024-08-13,CUST00626,Brisbane,Prepaid,Recharge,Recharge $2,USSD,,2,Successful,
TXN001860,2024-08-13,CUST00872,Melbourne,Prepaid,Data Bundle,Data 6GB Monthly,Web,6144,25,Successful,
TXN002438,2024-08-13,CUST00069,Sydney,Prepaid,Data Bundle,Data 1GB Daily,Mobile App,1024,3.5,Successful,
TXN002522,2024-08-13,CUST00141,Perth,Prepaid,Recharge,Recharge $2,Web,,2,Successful,
TXN003740,2024-08-13,CUST00251,Brisbane,Prepaid,Voice Bundle,Voice 100min,Agent,,4.5,Successful,
TXN003773,2024-08-13,CUST00196,Hobart,Prepaid,Recharge,Recharge $1,USSD,,1,Successful,
TXN000720,2024-08-14,CUST00498,Canberra,Prepaid,Voice Bundle,Voice 100min,Agent,,4.5,Successful,imputed
TXN001117,2024-08-14,CUST00086,Canberra,Prepaid,Data Bundle,Data 6GB Monthly,Mobile App,6144,25,Successful,
TXN001246,2024-08-14,CUST00855,Sydney,Postpaid,SMS Bundle,SMS 200,Agent,,2.5,Successful,
TXN001439,2024-08-14,CUST00608,Perth,Postpaid,Data Bundle,Data 2GB Weekly,Agent,2048,8,Successful,
TXN001489,2024-08-14,CUST00393,Sydney,Postpaid,Recharge,Recharge $5,Mobile App,,0,Failed,imputed
TXN001531,2024-08-14,CUST00670,Adelaide,Prepaid,Recharge,Recharge $2,Agent,,2,Successful,
TXN002217,2024-08-14,CUST00883,Sydney,Prepaid,Recharge,Recharge $1,USSD,,-1,Reversed,
TXN002647,2024-08-14,CUST00353,Sydney,Prepaid,Recharge,Recharge $5,Mobile App,,5,Successful,
TXN003020,2024-08-14,CUST00460,Perth,Prepaid,Data Bundle,Data 1GB Daily,Web,1024,3.5,Successful,
TXN003208,2024-08-14,CUST00434,Sydney,Prepaid,Data Bundle,Data 1GB Daily,Web,1024,0,Failed,
TXN003802,2024-08-14,CUST00750,Melbourne,Postpaid,Data Bundle,Data 2GB Weekly,Mobile App,2048,-8,Reversed,
TXN003830,2024-08-14,CUST00271,Adelaide,Postpaid,Data Bundle,Data 10GB Monthly,Web,10240,35,Successful,
TXN004054,2024-08-14,CUST00502,Brisbane,Postpaid,Data Bundle,Data 1GB Daily,Agent,1024,-3.5,Reversed,
TXN004193,2024-08-14,CUST00447,Sydney,Postpaid,Recharge,Recharge $20,Agent,,20,Successful,outlier_corrected
TXN000264,2024-08-15,CUST00822,Sydney,Prepaid,Recharge,Recharge $5,USSD,,-5,Reversed,
TXN000540,2024-08-15,CUST00118,Sydney,Prepaid,Recharge,Recharge $1,Agent,,1,Successful,
TXN000647,2024-08-15,CUST00819,Melbourne,Prepaid,Recharge,Recharge $1,USSD,,1,Successful,
TXN000659,2024-08-15,CUST00506,Perth,Prepaid,Data Bundle,Data 6GB Monthly,Agent,6144,25,Successful,
TXN000865,2024-08-15,CUST00698,Adelaide,Prepaid,Data Bundle,Data 2GB Weekly,USSD,2048,8,Successful,
TXN001792,2024-08-15,CUST00091,Perth,Prepaid,Recharge,Recharge $2,Agent,,2,Successful,
TXN002337,2024-08-15,CUST00761,Sydney,Prepaid,Recharge,Recharge $1,Web,,1,Successful,
TXN003124,2024-08-15,CUST00877,Unknown,Prepaid,Recharge,Recharge $10,USSD,,10,Successful,
TXN000149,2024-08-16,CUST00378,Canberra,Prepaid,Voice Bundle,Voice 100min,Mobile App,,4.5,Successful,
TXN000455,2024-08-16,CUST00493,Perth,Prepaid,Data Bundle,Data 1GB Daily,Mobile App,1024,3.5,Successful,
TXN001142,2024-08-16,CUST00581,Melbourne,Prepaid,Recharge,Recharge $1,Agent,,1,Successful,
TXN001304,2024-08-16,CUST00133,Adelaide,Prepaid,Data Bundle,Data 2GB Weekly,Mobile App,2048,-8,Reversed,
TXN001674,2024-08-16,CUST00089,Sydney,Prepaid,Recharge,Recharge $20,Web,,0,Failed,
TXN002132,2024-08-16,CUST00507,Brisbane,Prepaid,Recharge,Recharge $2,Web,,2,Successful,
TXN002418,2024-08-16,CUST00535,Sydney,Postpaid,Data Bundle,Data 10GB Monthly,Web,10240,35,Successful,
TXN002625,2024-08-16,CUST00588,Sydney,Prepaid,Recharge,Recharge $1,Web,,1,Successful,
TXN002636,2024-08-16,CUST00634,Brisbane,Prepaid,Data Bundle,Data 40GB Monthly,Agent,40960,110,Successful,
TXN003052,2024-08-16,CUST00232,Sydney,Prepaid,Recharge,Recharge $10,Agent,,10,Successful,
TXN003188,2024-08-16,CUST00138,Sydney,Prepaid,Recharge,Recharge $20,USSD,,20,Successful,
TXN003189,2024-08-16,CUST00364,Perth,Prepaid,Data Bundle,Data 2GB Weekly,Mobile App,2048,8,Successful,
TXN003455,2024-08-16,CUST00883,Sydney,Prepaid,Recharge,Recharge $10,Mobile App,,10,Successful,
TXN003729,2024-08-16,CUST00809,Melbourne,Prepaid,Recharge,Recharge $5,Web,,5,Successful,
TXN003964,2024-08-16,CUST00223,Hobart,Prepaid,Recharge,Recharge $5,USSD,,5,Successful,
TXN900033,2024-08-16,CUST00364,Perth,Prepaid,Data Bundle,Data 2GB Weekly,Mobile App,2048,8,Successful,
TXN000204,2024-08-17,CUST00515,Sydney,Prepaid,SMS Bundle,SMS 200,Web,,0,Failed,
TXN000585,2024-08-17,CUST00401,Sydney,Prepaid,Recharge,Recharge $20,USSD,,20,Successful,
TXN000801,2024-08-17,CUST00844,Canberra,Prepaid,Data Bundle,Data 1GB Daily,Agent,1024,3.5,Successful,
TXN000815,2024-08-17,CUST00524,Sydney,Prepaid,Data Bundle,Data 1GB Daily,Agent,1024,0,Failed,imputed
TXN001490,2024-08-17,CUST00142,Perth,Prepaid,Data Bundle,Data 1GB Daily,USSD,1024,3.5,Successful,
TXN001579,2024-08-17,CUST00685,Melbourne,Postpaid,Recharge,Recharge $10,Agent,,10,Successful,
TXN001772,2024-08-17,CUST00273,Sydney,Prepaid,Data Bundle,Data 10GB Monthly,Agent,10240,35,Successful,
TXN002594,2024-08-17,CUST00182,Brisbane,Prepaid,Data Bundle,Data 2GB Weekly,Agent,2048,8,Successful,
TXN003268,2024-08-17,CUST00841,Brisbane,Prepaid,SMS Bundle,SMS 200,Web,,2.5,Successful,
TXN003447,2024-08-17,CUST00068,Sydney,Prepaid,Recharge,Recharge $1,USSD,,1,Successful,
TXN003726,2024-08-17,CUST00615,Melbourne,Postpaid,Data Bundle,Data 2GB Weekly,Web,2048,8,Successful,
TXN000202,2024-08-18,CUST00775,Canberra,Prepaid,Recharge,Recharge $10,Web,,10,Successful,
TXN000316,2024-08-18,CUST00012,Melbourne,Prepaid,Recharge,Recharge $1,Web,,1,Successful,
TXN000328,2024-08-18,CUST00038,Perth,Prepaid,Data Bundle,Data 2GB Weekly,Web,2048,8,Successful,
TXN000700,2024-08-18,CUST00676,Melbourne,Prepaid,Recharge,Recharge $10,USSD,,10,Successful,
TXN000881,2024-08-18,CUST00319,Unknown,Prepaid,Recharge,Recharge $10,Agent,,10,Successful,
TXN001182,2024-08-18,CUST00029,Sydney,Prepaid,Recharge,Recharge $5,Mobile App,,5,Successful,imputed
TXN001244,2024-08-18,CUST00899,Brisbane,Prepaid,Data Bundle,Data 1GB Daily,Agent,1024,3.5,Successful,
TXN001291,2024-08-18,CUST00409,Adelaide,Prepaid,Recharge,Recharge $1,Agent,,1,Successful,
TXN001477,2024-08-18,CUST00651,Adelaide,Prepaid,Voice Bundle,Voice 300min,Agent,,0,Failed,imputed
TXN001515,2024-08-18,CUST00278,Hobart,Prepaid,Voice Bundle,Voice 100min,USSD,,4.5,Successful,
TXN001868,2024-08-18,CUST00095,Sydney,Prepaid,Recharge,Recharge $1,Web,,1,Successful,imputed
TXN001899,2024-08-18,CUST00265,Sydney,Prepaid,Data Bundle,Data 1GB Daily,Mobile App,1024,-3.5,Reversed,
TXN002124,2024-08-18,CUST00441,Sydney,Prepaid,Data Bundle,Data 1GB Daily,Mobile App,1024,0,Failed,imputed
TXN002737,2024-08-18,CUST00114,Brisbane,Postpaid,Voice Bundle,Voice 100min,Agent,,4.5,Successful,imputed
TXN002908,2024-08-18,CUST00604,Sydney,Prepaid,Recharge,Recharge $1,USSD,,1,Successful,
TXN003164,2024-08-18,CUST00506,Perth,Prepaid,Recharge,Recharge $5,Web,,5,Successful,
TXN003207,2024-08-18,CUST00276,Perth,Prepaid,Voice Bundle,Voice 100min,Web,,4.5,Successful,
TXN003877,2024-08-18,CUST00869,Canberra,Prepaid,Recharge,Recharge $5,Mobile App,,5,Successful,
TXN003952,2024-08-18,CUST00682,Hobart,Prepaid,Data Bundle,Data 40GB Monthly,Web,40960,110,Successful,imputed
TXN003990,2024-08-18,CUST00476,Perth,Postpaid,Data Bundle,Data 6GB Monthly,Agent,6144,25,Successful,
TXN000042,2024-08-19,CUST00268,Perth,Prepaid,Recharge,Recharge $10,Agent,,10,Successful,imputed
TXN000176,2024-08-19,CUST00582,Perth,Prepaid,SMS Bundle,SMS 200,Web,,2.5,Successful,
TXN001021,2024-08-19,CUST00024,Sydney,Prepaid,Data Bundle,Data 2GB Weekly,Mobile App,2048,0,Failed,imputed
TXN001259,2024-08-19,CUST00131,Hobart,Postpaid,Data Bundle,Data 40GB Monthly,Web,40960,110,Successful,
TXN001684,2024-08-19,CUST00781,Brisbane,Prepaid,Recharge,Recharge $1,Web,,1,Successful,
TXN001909,2024-08-19,CUST00164,Sydney,Postpaid,Recharge,Recharge $2,USSD,,0,Failed,
TXN002399,2024-08-19,CUST00499,Melbourne,Prepaid,Recharge,Recharge $1,USSD,,1,Successful,
TXN002864,2024-08-19,CUST00858,Melbourne,Prepaid,Recharge,Recharge $1,USSD,,1,Successful,
TXN003375,2024-08-19,CUST00424,Melbourne,Prepaid,Recharge,Recharge $5,USSD,,5,Successful,
TXN003580,2024-08-19,CUST00697,Sydney,Prepaid,Data Bundle,Data 10GB Monthly,Agent,10240,0,Failed,imputed
TXN003601,2024-08-19,CUST00009,Sydney,Prepaid,Recharge,Recharge $5,USSD,,-5,Reversed,
TXN000128,2024-08-20,CUST00255,Sydney,Prepaid,Recharge,Recharge $5,USSD,,5,Successful,
TXN000193,2024-08-20,CUST00347,Perth,Postpaid,Recharge,Recharge $1,Mobile App,,1,Successful,
TXN000506,2024-08-20,CUST00539,Perth,Prepaid,Recharge,Recharge $1,Web,,1,Successful,imputed
TXN000781,2024-08-20,CUST00311,Sydney,Prepaid,Data Bundle,Data 2GB Weekly,Web,2048,8,Successful,
TXN001154,2024-08-20,CUST00328,Adelaide,Prepaid,SMS Bundle,SMS 200,Web,,2.5,Successful,
TXN001400,2024-08-20,CUST00063,Sydney,Prepaid,Recharge,Recharge $5,Mobile App,,5,Successful,imputed
TXN001667,2024-08-20,CUST00146,Sydney,Prepaid,Voice Bundle,Voice 100min,Agent,,4.5,Successful,
TXN001744,2024-08-20,CUST00701,Sydney,Prepaid,Recharge,Recharge $1,Agent,,-1,Reversed,
TXN003111,2024-08-20,CUST00036,Sydney,Postpaid,Recharge,Recharge $20,Mobile App,,20,Successful,
TXN003138,2024-08-20,CUST00844,Canberra,Prepaid,Data Bundle,Data 40GB Monthly,Web,40960,110,Successful,imputed
TXN003840,2024-08-20,CUST00741,Brisbane,Prepaid,Voice Bundle,Voice 100min,Web,,4.5,Successful,
TXN004094,2024-08-20,CUST00631,Sydney,Prepaid,Data Bundle,Data 10GB Monthly,Agent,10240,35,Successful,
TXN000274,2024-08-21,CUST00521,Adelaide,Prepaid,SMS Bundle,SMS 200,USSD,,2.5,Successful,
TXN000548,2024-08-21,CUST00720,Brisbane,Postpaid,Data Bundle,Data 1GB Daily,Mobile App,1024,3.5,Successful,
TXN000638,2024-08-21,CUST00422,Perth,Postpaid,Data Bundle,Data 40GB Monthly,Web,40960,110,Successful,
TXN000895,2024-08-21,CUST00326,Sydney,Prepaid,Recharge,Recharge $1,Mobile App,,1,Successful,
TXN001078,2024-08-21,CUST00043,Melbourne,Prepaid,Data Bundle,Data 2GB Weekly,USSD,2048,8,Successful,
TXN001133,2024-08-21,CUST00193,Melbourne,Prepaid,Recharge,Recharge $2,USSD,,2,Successful,
TXN001199,2024-08-21,CUST00301,Sydney,Prepaid,Recharge,Recharge $10,Agent,,0,Failed,imputed
TXN001284,2024-08-21,CUST00089,Sydney,Prepaid,Recharge,Recharge $2,USSD,,2,Successful,
TXN002240,2024-08-21,CUST00828,Brisbane,Prepaid,Recharge,Recharge $20,Web,,20,Successful,
TXN003287,2024-08-21,CUST00534,Perth,Prepaid,Recharge,Recharge $1,Web,,-1,Reversed,
TXN003331,2024-08-21,CUST00631,Unknown,Prepaid,Recharge,Recharge $10,Web,,-10,Reversed,
TXN003559,2024-08-21,CUST00700,Sydney,Prepaid,Data Bundle,Data 6GB Monthly,USSD,6144,25,Successful,
TXN003988,2024-08-21,CUST00547,Adelaide,Prepaid,Recharge,Recharge $10,Agent,,-10,Reversed,
TXN900006,2024-08-21,CUST00422,Perth,Postpaid,Data Bundle,Data 40GB Monthly,Web,40960,110,Successful,
TXN000029,2024-08-22,CUST00592,Sydney,Postpaid,Recharge,Recharge $20,Mobile App,,0,Failed,imputed
TXN000094,2024-08-22,CUST00630,Sydney,Prepaid,Recharge,Recharge $1,Mobile App,,-1,Reversed,
TXN000288,2024-08-22,CUST00597,Sydney,Prepaid,Data Bundle,Data 2GB Weekly,Agent,2048,8,Successful,
TXN000494,2024-08-22,CUST00344,Brisbane,Prepaid,Voice Bundle,Voice 100min,USSD,,4.5,Successful,
TXN000862,2024-08-22,CUST00175,Perth,Prepaid,Data Bundle,Data 2GB Weekly,Mobile App,2048,8,Successful,
TXN000972,2024-08-22,CUST00254,Sydney,Prepaid,Recharge,Recharge $1,Web,,0,Failed,
TXN001254,2024-08-22,CUST00824,Sydney,Postpaid,Recharge,Recharge $5,Agent,,5,Successful,
TXN001622,2024-08-22,CUST00729,Unknown,Prepaid,Recharge,Recharge $2,Agent,,2,Successful,
TXN002675,2024-08-22,CUST00554,Perth,Postpaid,Voice Bundle,Voice 300min,Agent,,11,Successful,
TXN002744,2024-08-22,CUST00738,Brisbane,Postpaid,SMS Bundle,SMS 200,Agent,,2.5,Successful,
TXN003167,2024-08-22,CUST00244,Melbourne,Prepaid,Recharge,Recharge $1,USSD,,1,Successful,
TXN003359,2024-08-22,CUST00490,Sydney,Prepaid,Recharge,Recharge $10,Web,,10,Successful,
TXN000556,2024-08-23,CUST00116,Sydney,Prepaid,Data Bundle,Data 6GB Monthly,Agent,6144,25,Successful,imputed
TXN000993,2024-08-23,CUST00301,Sydney,Prepaid,Recharge,Recharge $20,USSD,,20,Successful,
TXN001044,2024-08-23,CUST00695,Sydney,Prepaid,Recharge,Recharge $10,Web,,-10,Reversed,
TXN001082,2024-08-23,CUST00171,Adelaide,Prepaid,Recharge,Recharge $1,Mobile App,,1,Successful,
TXN001203,2024-08-23,CUST00106,Sydney,Prepaid,Data Bundle,Data 10GB Monthly,Web,10240,35,Successful,
TXN001602,2024-08-23,CUST00437,Sydney,Prepaid,Data Bundle,Data 6GB Monthly,Mobile App,6144,25,Successful,
TXN001816,2024-08-23,CUST00260,Sydney,Prepaid,Recharge,Recharge $2,Mobile App,,2,Successful,
TXN001836,2024-08-23,CUST00068,Sydney,Prepaid,Data Bundle,Data 2GB Weekly,Web,2048,-8,Reversed,
TXN001879,2024-08-23,CUST00806,Perth,Prepaid,Data Bundle,Data 6GB Monthly,Web,6144,25,Successful,
TXN001916,2024-08-23,CUST00509,Sydney,Prepaid,Recharge,Recharge $10,Mobile App,,-10,Reversed,
TXN001950,2024-08-23,CUST00793,Sydney,Prepaid,Recharge,Recharge $2,Web,,2,Successful,
TXN002167,2024-08-23,CUST00601,Hobart,Prepaid,Recharge,Recharge $20,Mobile App,,20,Successful,
TXN002721,2024-08-23,CUST00707,Melbourne,Prepaid,Data Bundle,Data 1GB Daily,Agent,1024,3.5,Successful,
TXN002769,2024-08-23,CUST00291,Sydney,Postpaid,Data Bundle,Data 1GB Daily,USSD,1024,3.5,Successful,
TXN003434,2024-08-23,CUST00358,Melbourne,Prepaid,Recharge,Recharge $2,Agent,,2,Successful,
TXN003696,2024-08-23,CUST00509,Sydney,Prepaid,Recharge,Recharge $1,Mobile App,,-1,Reversed,
TXN004111,2024-08-23,CUST00035,Sydney,Prepaid,Recharge,Recharge $5,USSD,,5,Successful,
TXN000120,2024-08-24,CUST00406,Melbourne,Prepaid,Recharge,Recharge $2,USSD,,2,Successful,
TXN000195,2024-08-24,CUST00714,Perth,Postpaid,Data Bundle,Data 10GB Monthly,USSD,10240,35,Successful,
TXN000282,2024-08-24,CUST00709,Perth,Prepaid,Recharge,Recharge $10,Agent,,10,Successful,
TXN000476,2024-08-24,CUST00070,Adelaide,Prepaid,Recharge,Recharge $5,USSD,,5,Successful,
TXN000863,2024-08-24,CUST00067,Hobart,Postpaid,Recharge,Recharge $10,Mobile App,,10,Successful,
TXN001264,2024-08-24,CUST00309,Adelaide,Prepaid,Recharge,Recharge $20,USSD,,20,Successful,
TXN001536,2024-08-24,CUST00334,Adelaide,Prepaid,Recharge,Recharge $2,Agent,,2,Successful,
TXN002028,2024-08-24,CUST00804,Brisbane,Postpaid,Data Bundle,Data 10GB Monthly,USSD,10240,35,Successful,
TXN002242,2024-08-24,CUST00392,Perth,Prepaid,Recharge,Recharge $10,USSD,,10,Successful,
TXN002500,2024-08-24,CUST00235,Perth,Prepaid,Recharge,Recharge $5,Agent,,0,Failed,imputed
TXN002752,2024-08-24,CUST00403,Melbourne,Prepaid,Data Bundle,Data 10GB Monthly,Mobile App,10240,35,Successful,
TXN002760,2024-08-24,CUST00394,Canberra,Prepaid,Data Bundle,Data 10GB Monthly,Web,10240,35,Successful,
TXN002890,2024-08-24,CUST00356,Perth,Prepaid,Recharge,Recharge $2,Agent,,-2,Reversed,
TXN003008,2024-08-24,CUST00205,Perth,Prepaid,Data Bundle,Data 1GB Daily,Mobile App,1024,3.5,Successful,
TXN003520,2024-08-24,CUST00300,Sydney,Postpaid,Recharge,Recharge $10,Mobile App,,10,Successful,
TXN003626,2024-08-24,CUST00268,Perth,Prepaid,Recharge,Recharge $2,Agent,,2,Successful,imputed
TXN003718,2024-08-24,CUST00835,Brisbane,Postpaid,Data Bundle,Data 40GB Monthly,Mobile App,40960,110,Successful,
TXN000209,2024-08-25,CUST00581,Melbourne,Prepaid,Recharge,Recharge $1,Agent,,1,Successful,imputed
TXN001533,2024-08-25,CUST00436,Brisbane,Prepaid,Data Bundle,Data 6GB Monthly,Web,6144,25,Successful,
TXN001699,2024-08-25,CUST00324,Hobart,Prepaid,Data Bundle,Data 6GB Monthly,USSD,6144,25,Successful,
TXN001854,2024-08-25,CUST00634,Brisbane,Prepaid,Data Bundle,Data 1GB Daily,Mobile App,1024,3.5,Successful,
TXN001883,2024-08-25,CUST00886,Unknown,Prepaid,Data Bundle,Data 2GB Weekly,Mobile App,2048,-8,Reversed,
TXN002555,2024-08-25,CUST00625,Hobart,Prepaid,Voice Bundle,Voice 100min,Agent,,-4.5,Reversed,
TXN002701,2024-08-25,CUST00558,Sydney,Postpaid,Data Bundle,Data 1GB Daily,Mobile App,1024,-3.5,Reversed,
TXN002838,2024-08-25,CUST00240,Hobart,Prepaid,Recharge,Recharge $20,Agent,,20,Successful,imputed
TXN003258,2024-08-25,CUST00631,Sydney,Prepaid,Data Bundle,Data 2GB Weekly,Agent,2048,8,Successful,
TXN003695,2024-08-25,CUST00856,Brisbane,Prepaid,Recharge,Recharge $1,Agent,,1,Successful,
TXN003819,2024-08-25,CUST00387,Sydney,Prepaid,Recharge,Recharge $5,Mobile App,,0,Failed,imputed
TXN004043,2024-08-25,CUST00874,Perth,Prepaid,Data Bundle,Data 1GB Daily,Mobile App,1024,3.5,Successful,
TXN000106,2024-08-26,CUST00170,Unknown,Prepaid,Recharge,Recharge $2,Agent,,0,Failed,
TXN000185,2024-08-26,CUST00187,Adelaide,Prepaid,Data Bundle,Data 2GB Weekly,Web,2048,8,Successful,
TXN000617,2024-08-26,CUST00303,Perth,Prepaid,Voice Bundle,Voice 100min,Mobile App,,4.5,Successful,
TXN000633,2024-08-26,CUST00463,Perth,Prepaid,Data Bundle,Data 10GB Monthly,USSD,10240,35,Successful,
TXN001331,2024-08-26,CUST00109,Brisbane,Prepaid,Data Bundle,Data 2GB Weekly,Agent,2048,8,Successful,
TXN001834,2024-08-26,CUST00491,Sydney,Postpaid,Data Bundle,Data 1GB Daily,Mobile App,1024,3.5,Successful,
TXN002008,2024-08-26,CUST00177,Canberra,Prepaid,Recharge,Recharge $5,USSD,,5,Successful,
TXN002075,2024-08-26,CUST00786,Canberra,Prepaid,Data Bundle,Data 6GB Monthly,Web,6144,25,Successful,
TXN002157,2024-08-26,CUST00339,Adelaide,Postpaid,Recharge,Recharge $2,Web,,2,Successful,
TXN002351,2024-08-26,CUST00395,Brisbane,Prepaid,Data Bundle,Data 1GB Daily,Mobile App,1024,3.5,Successful,
TXN002823,2024-08-26,CUST00401,Sydney,Prepaid,Data Bundle,Data 2GB Weekly,Agent,2048,8,Successful,
TXN003102,2024-08-26,CUST00174,Canberra,Prepaid,Data Bundle,Data 1GB Daily,USSD,1024,-3.5,Reversed,
TXN003150,2024-08-26,CUST00860,Adelaide,Prepaid,Voice Bundle,Voice 100min,Agent,,4.5,Successful,imputed
TXN003897,2024-08-26,CUST00432,Perth,Postpaid,Recharge,Recharge $1,Agent,,0,Failed,
TXN003965,2024-08-26,CUST00598,Sydney,Postpaid,Data Bundle,Data 10GB Monthly,Web,10240,-35,Reversed,
TXN004000,2024-08-26,CUST00319,Sydney,Prepaid,Recharge,Recharge $2,Agent,,2,Successful,
TXN004006,2024-08-26,CUST00281,Melbourne,Prepaid,Data Bundle,Data 6GB Monthly,Web,6144,25,Successful,
TXN000567,2024-08-27,CUST00216,Sydney,Prepaid,Data Bundle,Data 2GB Weekly,USSD,2048,8,Successful,
TXN000786,2024-08-27,CUST00302,Melbourne,Prepaid,Recharge,Recharge $5,Web,,-5,Reversed,
TXN001467,2024-08-27,CUST00706,Sydney,Prepaid,Data Bundle,Data 1GB Daily,USSD,1024,3.5,Successful,
TXN001627,2024-08-27,CUST00879,Melbourne,Prepaid,Data Bundle,Data 1GB Daily,Mobile App,1024,3.5,Successful,
TXN001913,2024-08-27,CUST00041,Brisbane,Prepaid,Recharge,Recharge $2,Web,,2,Successful,
TXN002093,2024-08-27,CUST00834,Perth,Prepaid,SMS Bundle,SMS 200,USSD,,2.5,Successful,
TXN002528,2024-08-27,CUST00772,Melbourne,Prepaid,Recharge,Recharge $2,Agent,,2,Successful,
TXN003200,2024-08-27,CUST00723,Perth,Postpaid,Data Bundle,Data 10GB Monthly,Agent,10240,35,Successful,
TXN003502,2024-08-27,CUST00153,Sydney,Prepaid,Voice Bundle,Voice 100min,Agent,,4.5,Successful,
TXN003843,2024-08-27,CUST00584,Melbourne,Prepaid,Recharge,Recharge $5,Mobile App,,5,Successful,
TXN003966,2024-08-27,CUST00401,Sydney,Prepaid,Data Bundle,Data 10GB Monthly,Agent,10240,35,Successful,
TXN900036,2024-08-27,CUST00041,Brisbane,Prepaid,Recharge,Recharge $2,Web,,2,Successful,
TXN000988,2024-08-28,CUST00027,Sydney,Postpaid,SMS Bundle,SMS 200,Mobile App,,2.5,Successful,
TXN001027,2024-08-28,CUST00090,Melbourne,Prepaid,SMS Bundle,SMS 200,Agent,,2.5,Successful,
TXN001076,2024-08-28,CUST00700,Sydney,Prepaid,Recharge,Recharge $5,Agent,,5,Successful,
TXN001216,2024-08-28,CUST00772,Melbourne,Prepaid,Recharge,Recharge $10,Mobile App,,10,Successful,
TXN002639,2024-08-28,CUST00105,Melbourne,Postpaid,Data Bundle,Data 10GB Monthly,Agent,10240,0,Failed,
TXN002871,2024-08-28,CUST00386,Brisbane,Prepaid,Data Bundle,Data 10GB Monthly,Agent,10240,35,Successful,imputed
TXN004014,2024-08-28,CUST00130,Sydney,Postpaid,Recharge,Recharge $20,Mobile App,,20,Successful,
TXN000463,2024-09-01,CUST00712,Canberra,Prepaid,Voice Bundle,Voice 100min,Agent,,4.5,Successful,
TXN000584,2024-09-01,CUST00153,Unknown,Prepaid,Recharge,Recharge $10,Agent,,0,Failed,imputed
TXN000673,2024-09-01,CUST00177,Canberra,Prepaid,Recharge,Recharge $1,Mobile App,,1,Successful,
TXN001508,2024-09-01,CUST00264,Canberra,Prepaid,Recharge,Recharge $5,Agent,,5,Successful,
TXN001787,2024-09-01,CUST00408,Brisbane,Prepaid,Recharge,Recharge $10,Mobile App,,10,Successful,
TXN002248,2024-09-01,CUST00677,Canberra,Postpaid,Data Bundle,Data 10GB Monthly,USSD,10240,35,Successful,
TXN003497,2024-09-01,CUST00706,Sydney,Prepaid,Recharge,Recharge $1,USSD,,0,Failed,
TXN004117,2024-09-01,CUST00672,Adelaide,Prepaid,Recharge,Recharge $5,Agent,,5,Successful,
TXN000417,2024-09-02,CUST00163,Sydney,Prepaid,Data Bundle,Data 1GB Daily,Web,1024,0,Failed,
TXN000448,2024-09-02,CUST00610,Sydney,Prepaid,Data Bundle,Data 1GB Daily,USSD,1024,0,Failed,
TXN000542,2024-09-02,CUST00507,Brisbane,Prepaid,Data Bundle,Data 10GB Monthly,USSD,10240,35,Successful,
TXN001670,2024-09-02,CUST00642,Perth,Prepaid,Recharge,Recharge $10,Mobile App,,10,Successful,
TXN002010,2024-09-02,CUST00816,Sydney,Prepaid,Data Bundle,Data 2GB Weekly,USSD,2048,8,Successful,
TXN002044,2024-09-02,CUST00690,Melbourne,Prepaid,Data Bundle,Data 2GB Weekly,Agent,2048,8,Successful,
TXN002322,2024-09-02,CUST00783,Canberra,Prepaid,Recharge,Recharge $20,Web,,20,Successful,
TXN002804,2024-09-02,CUST00122,Brisbane,Postpaid,Voice Bundle,Voice 300min,Web,,11,Successful,
TXN003736,2024-09-02,CUST00447,Sydney,Postpaid,Voice Bundle,Voice 300min,USSD,,11,Successful,
TXN003857,2024-09-02,CUST00029,Unknown,Prepaid,Data Bundle,Data 1GB Daily,USSD,1024,0,Failed,
TXN003907,2024-09-02,CUST00742,Sydney,Prepaid,Recharge,Recharge $10,Agent,,-10,Reversed,
TXN004157,2024-09-02,CUST00053,Sydney,Prepaid,Data Bundle,Data 1GB Daily,Mobile App,1024,-3.5,Reversed,
TXN004163,2024-09-02,CUST00686,Unknown,Prepaid,Recharge,Recharge $10,Mobile App,,0,Failed,
TXN004176,2024-09-02,CUST00513,Sydney,Postpaid,Data Bundle,Data 10GB Monthly,Agent,10240,0,Failed,imputed
TXN000134,2024-09-03,CUST00434,Sydney,Prepaid,Data Bundle,Data 1GB Daily,USSD,1024,0,Failed,imputed
TXN000898,2024-09-03,CUST00810,Sydney,Postpaid,Data Bundle,Data 1GB Daily,Agent,1024,3.5,Successful,
TXN000973,2024-09-03,CUST00408,Brisbane,Prepaid,Recharge,Recharge $2,Web,,2,Successful,
TXN001138,2024-09-03,CUST00156,Hobart,Prepaid,SMS Bundle,SMS 200,Mobile App,,2.5,Successful,imputed
TXN001208,2024-09-03,CUST00346,Perth,Prepaid,Data Bundle,Data 10GB Monthly,Agent,10240,35,Successful,
TXN001343,2024-09-03,CUST00025,Perth,Prepaid,Voice Bundle,Voice 100min,Web,,4.5,Successful,
TXN002086,2024-09-03,CUST00445,Melbourne,Prepaid,Data Bundle,Data 1GB Daily,USSD,1024,3.5,Successful,
TXN002094,2024-09-03,CUST00627,Brisbane,Prepaid,Data Bundle,Data 1GB Daily,Agent,1024,3.5,Successful,
TXN002120,2024-09-03,CUST00336,Melbourne,Postpaid,Voice Bundle,Voice 300min,Agent,,11,Successful,
TXN002129,2024-09-03,CUST00712,Canberra,Prepaid,Recharge,Recharge $2,Web,,2,Successful,
TXN002374,2024-09-03,CUST00228,Sydney,Prepaid,Recharge,Recharge $5,Agent,,5,Successful,
TXN002941,2024-09-03,CUST00752,Sydney,Prepaid,SMS Bundle,SMS 200,Agent,,0,Failed,
TXN002977,2024-09-03,CUST00871,Sydney,Prepaid,Recharge,Recharge $2,USSD,,2,Successful,
TXN003075,2024-09-03,CUST00204,Sydney,Prepaid,Data Bundle,Data 2GB Weekly,USSD,2048,8,Successful,
TXN003463,2024-09-03,CUST00459,Perth,Prepaid,Recharge,Recharge $5,USSD,,5,Successful,
TXN003474,2024-09-03,CUST00349,Perth,Postpaid,Data Bundle,Data 1GB Daily,Web,1024,3.5,Successful,
TXN003538,2024-09-03,CUST00202,Melbourne,Postpaid,Data Bundle,Data 2GB Weekly,Web,2048,8,Successful,
TXN004150,2024-09-03,CUST00689,Sydney,Postpaid,Recharge,Recharge $1,USSD,,1,Successful,
TXN004190,2024-09-03,CUST00291,Sydney,Postpaid,Recharge,Recharge $20,Agent,,20,Successful,outlier_corrected
TXN000648,2024-09-04,CUST00143,Unknown,Postpaid,Data Bundle,Data 1GB Daily,Web,1024,3.5,Successful,
TXN000892,2024-09-04,CUST00389,Canberra,Postpaid,Recharge,Recharge $10,Agent,,10,Successful,
TXN001061,2024-09-04,CUST00892,Canberra,Postpaid,Recharge,Recharge $1,Agent,,1,Successful,
TXN001136,2024-09-04,CUST00133,Adelaide,Prepaid,Voice Bundle,Voice 100min,Mobile App,,4.5,Successful,
TXN001671,2024-09-04,CUST00073,Melbourne,Prepaid,Data Bundle,Data 6GB Monthly,Agent,6144,0,Failed,imputed
TXN002320,2024-09-04,CUST00247,Melbourne,Prepaid,Recharge,Recharge $10,Agent,,10,Successful,
TXN002447,2024-09-04,CUST00273,Sydney,Prepaid,Data Bundle,Data 40GB Monthly,USSD,40960,110,Successful,
TXN002601,2024-09-04,CUST00590,Perth,Prepaid,Recharge,Recharge $20,USSD,,20,Successful,
TXN002776,2024-09-04,CUST00565,Sydney,Prepaid,Data Bundle,Data 2GB Weekly,Mobile App,2048,8,Successful,
TXN003400,2024-09-04,CUST00535,Sydney,Postpaid,Data Bundle,Data 10GB Monthly,Web,10240,35,Successful,
TXN003542,2024-09-04,CUST00264,Canberra,Prepaid,Voice Bundle,Voice 300min,Web,,11,Successful,
TXN003882,2024-09-04,CUST00310,Perth,Prepaid,Recharge,Recharge $2,Web,,2,Successful,
TXN900013,2024-09-04,CUST00133,Adelaide,Prepaid,Voice Bundle,Voice 100min,Mobile App,,4.5,Successful,
TXN900026,2024-09-04,CUST00273,Sydney,Prepaid,Data Bundle,Data 40GB Monthly,USSD,40960,110,Successful,
TXN000155,2024-09-05,CUST00446,Perth,Prepaid,Recharge,Recharge $2,Web,,2,Successful,
TXN000958,2024-09-05,CUST00054,Sydney,Prepaid,Recharge,Recharge $1,Mobile App,,1,Successful,
TXN000971,2024-09-05,CUST00715,Sydney,Prepaid,Recharge,Recharge $10,Agent,,10,Successful,
TXN001139,2024-09-05,CUST00827,Adelaide,Prepaid,SMS Bundle,SMS 200,Agent,,2.5,Successful,imputed
TXN001215,2024-09-05,CUST00277,Sydney,Prepaid,Recharge,Recharge $1,Mobile App,,-1,Reversed,
TXN001502,2024-09-05,CUST00423,Hobart,Postpaid,Data Bundle,Data 2GB Weekly,Agent,2048,8,Successful,
TXN001534,2024-09-05,CUST00363,Canberra,Postpaid,Recharge,Recharge $10,Mobile App,,10,Successful,
TXN001717,2024-09-05,CUST00417,Brisbane,Prepaid,Recharge,Recharge $2,Agent,,2,Successful,
TXN001745,2024-09-05,CUST00827,Adelaide,Prepaid,SMS Bundle,SMS 200,Web,,0,Failed,imputed
TXN002415,2024-09-05,CUST00026,Melbourne,Prepaid,Recharge,Recharge $10,Agent,,-10,Reversed,
TXN002546,2024-09-05,CUST00728,Brisbane,Postpaid,Recharge,Recharge $10,USSD,,10,Successful,
TXN003693,2024-09-05,CUST00164,Sydney,Postpaid,Data Bundle,Data 1GB Daily,Mobile App,1024,0,Failed,
TXN003895,2024-09-05,CUST00103,Melbourne,Prepaid,Recharge,Recharge $1,Web,,1,Successful,
TXN003974,2024-09-05,CUST00674,Canberra,Postpaid,Data Bundle,Data 2GB Weekly,Mobile App,2048,8,Successful,
TXN000081,2024-09-06,CUST00674,Canberra,Postpaid,Recharge,Recharge $1,Web,,1,Successful,
TXN000269,2024-09-06,CUST00012,Melbourne,Prepaid,Recharge,Recharge $10,Mobile App,,10,Successful,
TXN000539,2024-09-06,CUST00558,Sydney,Postpaid,Recharge,Recharge $2,Web,,2,Successful,
TXN000625,2024-09-06,CUST00896,Melbourne,Prepaid,Recharge,Recharge $10,USSD,,10,Successful,imputed
TXN000797,2024-09-06,CUST00366,Melbourne,Prepaid,Data Bundle,Data 10GB Monthly,USSD,10240,35,Successful,
TXN001429,2024-09-06,CUST00389,Canberra,Postpaid,Data Bundle,Data 6GB Monthly,Mobile App,6144,25,Successful,
TXN001435,2024-09-06,CUST00530,Perth,Prepaid,Recharge,Recharge $10,Web,,10,Successful,imputed
TXN001473,2024-09-06,CUST00765,Unknown,Postpaid,Data Bundle,Data 10GB Monthly,Mobile App,10240,35,Successful,
TXN002081,2024-09-06,CUST00032,Brisbane,Prepaid,Recharge,Recharge $5,Mobile App,,5,Successful,
TXN002122,2024-09-06,CUST00536,Brisbane,Prepaid,Recharge,Recharge $2,Web,,2,Successful,
TXN002471,2024-09-06,CUST00199,Melbourne,Prepaid,Data Bundle,Data 10GB Monthly,Web,10240,0,Failed,
TXN002853,2024-09-06,CUST00606,Sydney,Prepaid,Recharge,Recharge $5,Mobile App,,5,Successful,
TXN003522,2024-09-06,CUST00703,Melbourne,Prepaid,Recharge,Recharge $20,USSD,,-20,Reversed,
TXN003594,2024-09-06,CUST00012,Melbourne,Prepaid,Data Bundle,Data 2GB Weekly,Agent,2048,8,Successful,
TXN003734,2024-09-06,CUST00668,Perth,Prepaid,Recharge,Recharge $1,Mobile App,,1,Successful,
TXN003864,2024-09-06,CUST00081,Sydney,Prepaid,Recharge,Recharge $5,Mobile App,,5,Successful,
TXN004159,2024-09-06,CUST00721,Unknown,Prepaid,Recharge,Recharge $1,Web,,1,Successful,imputed
TXN000215,2024-09-07,CUST00620,Sydney,Prepaid,Voice Bundle,Voice 300min,Web,,11,Successful,
TXN000416,2024-09-07,CUST00534,Perth,Prepaid,Data Bundle,Data 2GB Weekly,Agent,2048,8,Successful,
TXN000629,2024-09-07,CUST00575,Sydney,Prepaid,Recharge,Recharge $2,Web,,0,Failed,imputed
TXN001077,2024-09-07,CUST00244,Melbourne,Prepaid,Recharge,Recharge $1,USSD,,-1,Reversed,
TXN001550,2024-09-07,CUST00625,Hobart,Prepaid,Data Bundle,Data 2GB Weekly,Web,2048,8,Successful,
TXN001663,2024-09-07,CUST00698,Adelaide,Prepaid,SMS Bundle,SMS 200,Agent,,2.5,Successful,
TXN001724,2024-09-07,CUST00811,Melbourne,Postpaid,Recharge,Recharge $2,Mobile App,,2,Successful,
TXN001776,2024-09-07,CUST00853,Sydney,Postpaid,Recharge,Recharge $20,Mobile App,,20,Successful,
TXN001977,2024-09-07,CUST00879,Melbourne,Prepaid,Recharge,Recharge $2,Mobile App,,2,Successful,
TXN002643,2024-09-07,CUST00116,Sydney,Prepaid,Voice Bundle,Voice 100min,Mobile App,,0,Failed,
TXN002728,2024-09-07,CUST00102,Hobart,Prepaid,Recharge,Recharge $1,Web,,1,Successful,imputed
TXN003365,2024-09-07,CUST00720,Brisbane,Postpaid,Data Bundle,Data 1GB Daily,Web,1024,3.5,Successful,imputed
TXN003367,2024-09-07,CUST00503,Melbourne,Prepaid,Recharge,Recharge $10,Agent,,10,Successful,
TXN004059,2024-09-07,CUST00003,Perth,Prepaid,Data Bundle,Data 2GB Weekly,Agent,2048,8,Successful,
TXN001283,2024-09-08,CUST00449,Melbourne,Prepaid,Recharge,Recharge $2,Mobile App,,2,Successful,
TXN002025,2024-09-08,CUST00003,Perth,Prepaid,Data Bundle,Data 2GB Weekly,Agent,2048,0,Failed,
TXN002430,2024-09-08,CUST00732,Hobart,Prepaid,Data Bundle,Data 2GB Weekly,Mobile App,2048,8,Successful,
TXN002874,2024-09-08,CUST00112,Brisbane,Prepaid,Recharge,Recharge $2,Mobile App,,2,Successful,
TXN003011,2024-09-08,CUST00759,Brisbane,Prepaid,Recharge,Recharge $5,USSD,,5,Successful,
TXN003202,2024-09-08,CUST00296,Hobart,Prepaid,SMS Bundle,SMS 200,Web,,2.5,Successful,
TXN003799,2024-09-08,CUST00268,Perth,Prepaid,Recharge,Recharge $5,USSD,,5,Successful,
TXN003977,2024-09-08,CUST00088,Adelaide,Prepaid,Data Bundle,Data 1GB Daily,USSD,1024,3.5,Successful,
TXN004129,2024-09-08,CUST00774,Hobart,Prepaid,Data Bundle,Data 1GB Daily,Mobile App,1024,3.5,Successful,
TXN000119,2024-09-09,CUST00096,Melbourne,Prepaid,Data Bundle,Data 2GB Weekly,USSD,2048,8,Successful,imputed
TXN000578,2024-09-09,CUST00114,Brisbane,Postpaid,Data Bundle,Data 10GB Monthly,Web,10240,35,Successful,
TXN000946,2024-09-09,CUST00068,Sydney,Prepaid,Recharge,Recharge $5,Mobile App,,0,Failed,imputed
TXN001034,2024-09-09,CUST00073,Melbourne,Prepaid,Data Bundle,Data 2GB Weekly,Mobile App,2048,8,Successful,
TXN001318,2024-09-09,CUST00819,Melbourne,Prepaid,Data Bundle,Data 6GB Monthly,Web,6144,25,Successful,
TXN001411,2024-09-09,CUST00502,Brisbane,Postpaid,Data Bundle,Data 6GB Monthly,Agent,6144,25,Successful,
TXN001535,2024-09-09,CUST00214,Perth,Prepaid,Recharge,Recharge $5,Web,,5,Successful,
TXN001840,2024-09-09,CUST00258,Adelaide,Postpaid,Data Bundle,Data 2GB Weekly,Agent,2048,8,Successful,
TXN001982,2024-09-09,CUST00206,Adelaide,Prepaid,Recharge,Recharge $2,Web,,2,Successful,
TXN001989,2024-09-09,CUST00258,Adelaide,Postpaid,Data Bundle,Data 6GB Monthly,Agent,6144,25,Successful,
TXN002288,2024-09-09,CUST00385,Sydney,Postpaid,Data Bundle,Data 6GB Monthly,Web,6144,25,Successful,
TXN002797,2024-09-09,CUST00410,Adelaide,Prepaid,Data Bundle,Data 10GB Monthly,USSD,10240,35,Successful,
TXN002803,2024-09-09,CUST00201,Melbourne,Prepaid,Data Bundle,Data 2GB Weekly,USSD,2048,8,Successful,
TXN002867,2024-09-09,CUST00189,Perth,Prepaid,Recharge,Recharge $1,USSD,,1,Successful,
TXN002904,2024-09-09,CUST00384,Melbourne,Prepaid,SMS Bundle,SMS 200,Mobile App,,2.5,Successful,
TXN003061,2024-09-09,CUST00663,Adelaide,Prepaid,Data Bundle,Data 1GB Daily,Mobile App,1024,3.5,Successful,
TXN003793,2024-09-09,CUST00271,Adelaide,Postpaid,Data Bundle,Data 1GB Daily,Agent,1024,3.5,Successful,
TXN004118,2024-09-09,CUST00255,Sydney,Prepaid,Recharge,Recharge $5,Agent,,5,Successful,
TXN000255,2024-09-10,CUST00367,Hobart,Prepaid,Data Bundle,Data 1GB Daily,Web,1024,3.5,Successful,
TXN000637,2024-09-10,CUST00756,Brisbane,Prepaid,Recharge,Recharge $1,Agent,,1,Successful,
TXN000717,2024-09-10,CUST00765,Melbourne,Postpaid,Recharge,Recharge $20,USSD,,20,Successful,imputed
TXN001685,2024-09-10,CUST00586,Sydney,Prepaid,Recharge,Recharge $10,Mobile App,,10,Successful,imputed
TXN002960,2024-09-10,CUST00865,Brisbane,Prepaid,Recharge,Recharge $2,Web,,2,Successful,imputed
TXN003014,2024-09-10,CUST00853,Sydney,Postpaid,Data Bundle,Data 40GB Monthly,Mobile App,40960,110,Successful,
TXN003388,2024-09-10,CUST00738,Brisbane,Postpaid,Recharge,Recharge $10,Agent,,10,Successful,
TXN003599,2024-09-10,CUST00008,Unknown,Prepaid,Recharge,Recharge $5,USSD,,5,Successful,
TXN900018,2024-09-10,CUST00756,Brisbane,Prepaid,Recharge,Recharge $1,Agent,,1,Successful,
TXN000086,2024-09-11,CUST00740,Brisbane,Postpaid,Recharge,Recharge $2,USSD,,2,Successful,
TXN000304,2024-09-11,CUST00041,Brisbane,Prepaid,Data Bundle,Data 10GB Monthly,Agent,10240,35,Successful,
TXN000511,2024-09-11,CUST00117,Brisbane,Prepaid,Data Bundle,Data 1GB Daily,Mobile App,1024,3.5,Successful,
TXN000713,2024-09-11,CUST00444,Sydney,Prepaid,Recharge,Recharge $10,Web,,10,Successful,
TXN000765,2024-09-11,CUST00609,Adelaide,Prepaid,Data Bundle,Data 1GB Daily,Mobile App,1024,3.5,Successful,
TXN000803,2024-09-11,CUST00158,Adelaide,Postpaid,Voice Bundle,Voice 100min,Web,,4.5,Successful,
TXN001112,2024-09-11,CUST00797,Sydney,Prepaid,Recharge,Recharge $10,Web,,10,Successful,imputed
TXN001504,2024-09-11,CUST00303,Perth,Prepaid,Recharge,Recharge $2,USSD,,2,Successful,
TXN001732,2024-09-11,CUST00763,Melbourne,Prepaid,Voice Bundle,Voice 300min,USSD,,11,Successful,
TXN001924,2024-09-11,CUST00803,Brisbane,Postpaid,Voice Bundle,Voice 100min,Web,,4.5,Successful,
TXN002040,2024-09-11,CUST00739,Perth,Prepaid,Recharge,Recharge $2,USSD,,2,Successful,
TXN002115,2024-09-11,CUST00557,Perth,Prepaid,Recharge,Recharge $5,Web,,5,Successful,
TXN002691,2024-09-11,CUST00138,Sydney,Prepaid,Recharge,Recharge $2,USSD,,2,Successful,imputed
TXN002777,2024-09-11,CUST00806,Perth,Prepaid,Recharge,Recharge $1,Web,,1,Successful,
TXN003288,2024-09-11,CUST00872,Melbourne,Prepaid,Recharge,Recharge $20,Mobile App,,20,Successful,imputed
TXN003480,2024-09-11,CUST00026,Melbourne,Prepaid,Data Bundle,Data 6GB Monthly,Agent,6144,-25,Reversed,
TXN003874,2024-09-11,CUST00760,Melbourne,Prepaid,Recharge,Recharge $1,USSD,,1,Successful,imputed
TXN004156,2024-09-11,CUST00086,Canberra,Prepaid,Recharge,Recharge $1,USSD,,1,Successful,
TXN000188,2024-09-12,CUST00256,Sydney,Prepaid,Recharge,Recharge $1,Web,,0,Failed,
TXN000245,2024-09-12,CUST00232,Sydney,Prepaid,Recharge,Recharge $1,Agent,,1,Successful,
TXN000424,2024-09-12,CUST00022,Sydney,Prepaid,Recharge,Recharge $2,Web,,0,Failed,
TXN001614,2024-09-12,CUST00839,Brisbane,Prepaid,Recharge,Recharge $10,Web,,0,Failed,
TXN001619,2024-09-12,CUST00877,Brisbane,Prepaid,Recharge,Recharge $10,Mobile App,,10,Successful,
TXN002145,2024-09-12,CUST00574,Adelaide,Prepaid,SMS Bundle,SMS 200,Agent,,2.5,Successful,
TXN002618,2024-09-12,CUST00516,Sydney,Prepaid,Data Bundle,Data 1GB Daily,Mobile App,1024,3.5,Successful,
TXN002619,2024-09-12,CUST00555,Brisbane,Prepaid,Recharge,Recharge $2,Mobile App,,2,Successful,
TXN003130,2024-09-12,CUST00299,Perth,Prepaid,Recharge,Recharge $5,USSD,,5,Successful,
TXN003214,2024-09-12,CUST00628,Hobart,Prepaid,Recharge,Recharge $2,Web,,2,Successful,
TXN003266,2024-09-12,CUST00863,Adelaide,Prepaid,Voice Bundle,Voice 300min,USSD,,11,Successful,
TXN003495,2024-09-12,CUST00277,Sydney,Prepaid,SMS Bundle,SMS 200,USSD,,0,Failed,
TXN003589,2024-09-12,CUST00713,Melbourne,Prepaid,Recharge,Recharge $10,USSD,,10,Successful,
TXN003654,2024-09-12,CUST00671,Brisbane,Prepaid,SMS Bundle,SMS 200,Mobile App,,2.5,Successful,
TXN003941,2024-09-12,CUST00106,Sydney,Prepaid,Data Bundle,Data 1GB Daily,USSD,1024,3.5,Successful,
TXN004136,2024-09-12,CUST00426,Hobart,Prepaid,Recharge,Recharge $5,Agent,,5,Successful,
TXN000271,2024-09-13,CUST00564,Canberra,Postpaid,Data Bundle,Data 2GB Weekly,Web,2048,8,Successful,
TXN000292,2024-09-13,CUST00761,Sydney,Prepaid,Data Bundle,Data 6GB Monthly,Agent,6144,25,Successful,
TXN000293,2024-09-13,CUST00710,Canberra,Prepaid,SMS Bundle,SMS 200,Agent,,2.5,Successful,
TXN000569,2024-09-13,CUST00389,Canberra,Postpaid,Recharge,Recharge $5,USSD,,5,Successful,
TXN000587,2024-09-13,CUST00342,Sydney,Prepaid,SMS Bundle,SMS 200,Agent,,2.5,Successful,
TXN001130,2024-09-13,CUST00321,Canberra,Prepaid,Recharge,Recharge $1,Web,,1,Successful,
TXN001348,2024-09-13,CUST00691,Canberra,Postpaid,Recharge,Recharge $5,Agent,,5,Successful,
TXN002034,2024-09-13,CUST00542,Sydney,Prepaid,Recharge,Recharge $2,Web,,0,Failed,
TXN002421,2024-09-13,CUST00721,Sydney,Prepaid,Recharge,Recharge $1,Agent,,0,Failed,
TXN002849,2024-09-13,CUST00457,Sydney,Prepaid,Recharge,Recharge $2,Mobile App,,2,Successful,
TXN003121,2024-09-13,CUST00590,Perth,Prepaid,Data Bundle,Data 6GB Monthly,Agent,6144,25,Successful,
TXN003154,2024-09-13,CUST00198,Sydney,Prepaid,Data Bundle,Data 40GB Monthly,USSD,40960,0,Failed,imputed
TXN003198,2024-09-13,CUST00526,Adelaide,Postpaid,Recharge,Recharge $2,Agent,,2,Successful,
TXN003717,2024-09-13,CUST00130,Sydney,Postpaid,Voice Bundle,Voice 100min,Web,,-4.5,Reversed,
TXN003809,2024-09-13,CUST00624,Sydney,Postpaid,Data Bundle,Data 40GB Monthly,Web,40960,0,Failed,imputed
TXN004037,2024-09-13,CUST00790,Sydney,Postpaid,Recharge,Recharge $5,Web,,5,Successful,
TXN004108,2024-09-13,CUST00842,Sydney,Postpaid,Recharge,Recharge $5,Agent,,0,Failed,
TXN000099,2024-09-14,CUST00419,Perth,Prepaid,Recharge,Recharge $10,USSD,,10,Successful,
TXN000251,2024-09-14,CUST00050,Canberra,Postpaid,Recharge,Recharge $5,Mobile App,,5,Successful,
TXN001212,2024-09-14,CUST00883,Sydney,Prepaid,Recharge,Recharge $1,Agent,,1,Successful,
TXN001546,2024-09-14,CUST00123,Sydney,Prepaid,Recharge,Recharge $20,USSD,,0,Failed,
TXN001604,2024-09-14,CUST00857,Sydney,Postpaid,Data Bundle,Data 6GB Monthly,Agent,6144,25,Successful,
TXN001735,2024-09-14,CUST00044,Canberra,Prepaid,Recharge,Recharge $10,Web,,10,Successful,
TXN001975,2024-09-14,CUST00850,Melbourne,Prepaid,Recharge,Recharge $2,USSD,,2,Successful,
TXN002712,2024-09-14,CUST00022,Sydney,Prepaid,SMS Bundle,SMS 200,Web,,2.5,Successful,
TXN003431,2024-09-14,CUST00490,Sydney,Prepaid,Recharge,Recharge $1,USSD,,1,Successful,
TXN000011,2024-09-15,CUST00064,Sydney,Postpaid,Data Bundle,Data 1GB Daily,Agent,1024,3.5,Successful,
TXN000125,2024-09-15,CUST00625,Hobart,Prepaid,Recharge,Recharge $2,Web,,2,Successful,
TXN000749,2024-09-15,CUST00597,Sydney,Prepaid,Recharge,Recharge $10,Web,,10,Successful,
TXN000927,2024-09-15,CUST00295,Melbourne,Prepaid,Data Bundle,Data 40GB Monthly,Web,40960,110,Successful,
TXN000940,2024-09-15,CUST00400,Brisbane,Postpaid,Recharge,Recharge $1,Mobile App,,1,Successful,
TXN001060,2024-09-15,CUST00450,Brisbane,Prepaid,Recharge,Recharge $5,Agent,,5,Successful,imputed
TXN001189,2024-09-15,CUST00322,Perth,Prepaid,Recharge,Recharge $5,USSD,,5,Successful,
TXN001503,2024-09-15,CUST00658,Sydney,Prepaid,Data Bundle,Data 6GB Monthly,Agent,6144,25,Successful,
TXN001517,2024-09-15,CUST00234,Sydney,Prepaid,SMS Bundle,SMS 200,Agent,,-2.5,Reversed,
TXN003869,2024-09-15,CUST00698,Adelaide,Prepaid,Recharge,Recharge $2,Web,,0,Failed,imputed
TXN000092,2024-09-16,CUST00269,Sydney,Prepaid,Recharge,Recharge $5,Web,,5,Successful,
TXN000182,2024-09-16,CUST00811,Unknown,Postpaid,Recharge,Recharge $5,Agent,,5,Successful,
TXN000590,2024-09-16,CUST00646,Sydney,Prepaid,Data Bundle,Data 1GB Daily,Mobile App,1024,3.5,Successful,
TXN000646,2024-09-16,CUST00663,Adelaide,Prepaid,SMS Bundle,SMS 200,Mobile App,,2.5,Successful,
TXN000785,2024-09-16,CUST00757,Perth,Postpaid,Voice Bundle,Voice 100min,Mobile App,,4.5,Successful,
TXN001279,2024-09-16,CUST00099,Brisbane,Prepaid,Recharge,Recharge $5,Mobile App,,5,Successful,
TXN001829,2024-09-16,CUST00194,Sydney,Prepaid,Recharge,Recharge $1,USSD,,1,Successful,imputed
TXN002019,2024-09-16,CUST00085,Sydney,Prepaid,Data Bundle,Data 6GB Monthly,Agent,6144,25,Successful,imputed
TXN002453,2024-09-16,CUST00869,Canberra,Prepaid,Recharge,Recharge $5,Agent,,5,Successful,
TXN002626,2024-09-16,CUST00315,Unknown,Prepaid,Recharge,Recharge $5,Agent,,5,Successful,
TXN002735,2024-09-16,CUST00078,Sydney,Prepaid,Recharge,Recharge $1,Agent,,1,Successful,imputed
TXN002798,2024-09-16,CUST00687,Melbourne,Prepaid,Data Bundle,Data 1GB Daily,Web,1024,3.5,Successful,
TXN003023,2024-09-16,CUST00075,Sydney,Prepaid,Recharge,Recharge $5,USSD,,5,Successful,
TXN003355,2024-09-16,CUST00083,Hobart,Prepaid,Data Bundle,Data 2GB Weekly,Agent,2048,8,Successful,
TXN003561,2024-09-16,CUST00678,Adelaide,Prepaid,Recharge,Recharge $5,USSD,,5,Successful,
TXN004087,2024-09-16,CUST00008,Perth,Prepaid,Voice Bundle,Voice 100min,Mobile App,,4.5,Successful,
TXN000095,2024-09-17,CUST00383,Brisbane,Postpaid,Voice Bundle,Voice 300min,Web,,11,Successful,
TXN000223,2024-09-17,CUST00276,Perth,Prepaid,Data Bundle,Data 6GB Monthly,USSD,6144,25,Successful,
TXN000974,2024-09-17,CUST00259,Sydney,Prepaid,Voice Bundle,Voice 100min,Web,,4.5,Successful,
TXN001086,2024-09-17,CUST00516,Sydney,Prepaid,Data Bundle,Data 40GB Monthly,Agent,40960,-110,Reversed,
TXN001277,2024-09-17,CUST00590,Perth,Prepaid,Recharge,Recharge $2,Agent,,2,Successful,
TXN001656,2024-09-17,CUST00680,Hobart,Prepaid,Data Bundle,Data 2GB Weekly,Mobile App,2048,8,Successful,
TXN003069,2024-09-17,CUST00357,Canberra,Prepaid,Voice Bundle,Voice 100min,Agent,,4.5,Successful,
TXN003503,2024-09-17,CUST00114,Brisbane,Postpaid,Recharge,Recharge $10,Agent,,10,Successful,
TXN003595,2024-09-17,CUST00097,Sydney,Postpaid,Data Bundle,Data 10GB Monthly,Mobile App,10240,35,Successful,
TXN003600,2024-09-17,CUST00121,Melbourne,Prepaid,Recharge,Recharge $1,Agent,,1,Successful,
TXN003702,2024-09-17,CUST00340,Sydney,Prepaid,Data Bundle,Data 2GB Weekly,Web,2048,0,Failed,imputed
TXN000024,2024-09-18,CUST00475,Canberra,Postpaid,Data Bundle,Data 1GB Daily,Web,1024,3.5,Successful,
TXN000387,2024-09-18,CUST00870,Sydney,Prepaid,Data Bundle,Data 6GB Monthly,USSD,6144,-25,Reversed,
TXN000402,2024-09-18,CUST00537,Brisbane,Prepaid,Recharge,Recharge $5,USSD,,5,Successful,
TXN000408,2024-09-18,CUST00292,Adelaide,Prepaid,Recharge,Recharge $2,Mobile App,,0,Failed,
TXN000875,2024-09-18,CUST00105,Melbourne,Postpaid,Voice Bundle,Voice 100min,Web,,4.5,Successful,
TXN001000,2024-09-18,CUST00670,Adelaide,Prepaid,Recharge,Recharge $2,Agent,,2,Successful,
TXN002080,2024-09-18,CUST00638,Sydney,Prepaid,Recharge,Recharge $10,Web,,0,Failed,
TXN002616,2024-09-18,CUST00007,Sydney,Prepaid,Data Bundle,Data 40GB Monthly,Mobile App,40960,110,Successful,
TXN002656,2024-09-18,CUST00730,Adelaide,Prepaid,Recharge,Recharge $2,Mobile App,,2,Successful,
TXN003169,2024-09-18,CUST00581,Melbourne,Prepaid,Recharge,Recharge $10,USSD,,10,Successful,
TXN003245,2024-09-18,CUST00284,Sydney,Postpaid,Data Bundle,Data 1GB Daily,Mobile App,1024,3.5,Successful,imputed
TXN004070,2024-09-18,CUST00137,Perth,Postpaid,Data Bundle,Data 2GB Weekly,Web,2048,8,Successful,
TXN000208,2024-09-19,CUST00806,Perth,Prepaid,Recharge,Recharge $10,Mobile App,,10,Successful,imputed
TXN000232,2024-09-19,CUST00598,Sydney,Postpaid,Voice Bundle,Voice 300min,Web,,11,Successful,
TXN000393,2024-09-19,CUST00432,Perth,Postpaid,Voice Bundle,Voice 300min,Agent,,0,Failed,imputed
TXN000561,2024-09-19,CUST00063,Sydney,Prepaid,Recharge,Recharge $1,USSD,,1,Successful,
TXN000850,2024-09-19,CUST00863,Adelaide,Prepaid,Recharge,Recharge $1,USSD,,1,Successful,
TXN001004,2024-09-19,CUST00533,Sydney,Prepaid,Recharge,Recharge $10,Web,,10,Successful,
TXN001013,2024-09-19,CUST00469,Brisbane,Postpaid,Data Bundle,Data 10GB Monthly,Mobile App,10240,35,Successful,
TXN002392,2024-09-19,CUST00363,Canberra,Postpaid,Data Bundle,Data 6GB Monthly,USSD,6144,25,Successful,
TXN002394,2024-09-19,CUST00209,Unknown,Prepaid,Recharge,Recharge $5,USSD,,0,Failed,
TXN002585,2024-09-19,CUST00776,Adelaide,Prepaid,Recharge,Recharge $10,Mobile App,,10,Successful,
TXN002678,2024-09-19,CUST00337,Canberra,Prepaid,Recharge,Recharge $20,USSD,,20,Successful,
TXN003425,2024-09-19,CUST00124,Sydney,Prepaid,Recharge,Recharge $1,Web,,-1,Reversed,
TXN003479,2024-09-19,CUST00266,Sydney,Prepaid,Recharge,Recharge $2,Agent,,2,Successful,
TXN000450,2024-09-20,CUST00766,Sydney,Postpaid,Data Bundle,Data 40GB Monthly,Agent,40960,110,Successful,
TXN000523,2024-09-20,CUST00046,Sydney,Prepaid,Recharge,Recharge $10,Agent,,0,Failed,imputed
TXN000627,2024-09-20,CUST00807,Perth,Prepaid,SMS Bundle,SMS 200,Agent,,2.5,Successful,
TXN001390,2024-09-20,CUST00330,Sydney,Prepaid,Recharge,Recharge $1,Web,,1,Successful,
TXN001529,2024-09-20,CUST00106,Sydney,Prepaid,Data Bundle,Data 2GB Weekly,Mobile App,2048,-8,Reversed,
TXN002071,2024-09-20,CUST00240,Hobart,Prepaid,Recharge,Recharge $1,Web,,1,Successful,
TXN002072,2024-09-20,CUST00708,Sydney,Prepaid,Recharge,Recharge $5,USSD,,5,Successful,imputed
TXN002211,2024-09-20,CUST00733,Sydney,Prepaid,Data Bundle,Data 6GB Monthly,USSD,6144,25,Successful,
TXN002270,2024-09-20,CUST00367,Hobart,Prepaid,Recharge,Recharge $2,Mobile App,,2,Successful,
TXN002280,2024-09-20,CUST00632,Sydney,Postpaid,SMS Bundle,SMS 200,Web,,2.5,Successful,
TXN002390,2024-09-20,CUST00451,Canberra,Prepaid,Recharge,Recharge $10,Web,,0,Failed,imputed
TXN002417,2024-09-20,CUST00102,Hobart,Prepaid,Recharge,Recharge $2,USSD,,2,Successful,
TXN003338,2024-09-20,CUST00227,Melbourne,Prepaid,Data Bundle,Data 1GB Daily,Mobile App,1024,3.5,Successful,
TXN003392,2024-09-20,CUST00656,Sydney,Prepaid,Recharge,Recharge $10,Mobile App,,10,Successful,
TXN003449,2024-09-20,CUST00640,Adelaide,Prepaid,Recharge,Recharge $1,Mobile App,,1,Successful,imputed
TXN003603,2024-09-20,CUST00096,Melbourne,Prepaid,Voice Bundle,Voice 300min,USSD,,11,Successful,
TXN000187,2024-09-21,CUST00842,Sydney,Postpaid,Recharge,Recharge $20,Mobile App,,0,Failed,imputed
TXN000252,2024-09-21,CUST00211,Melbourne,Prepaid,Recharge,Recharge $10,Agent,,-10,Reversed,
TXN000768,2024-09-21,CUST00292,Adelaide,Prepaid,Recharge,Recharge $5,Agent,,5,Successful,
TXN000772,2024-09-21,CUST00475,Canberra,Postpaid,Recharge,Recharge $5,USSD,,5,Successful,
TXN000835,2024-09-21,CUST00575,Unknown,Prepaid,Recharge,Recharge $2,USSD,,2,Successful,
TXN000969,2024-09-21,CUST00522,Adelaide,Prepaid,Data Bundle,Data 2GB Weekly,Web,2048,8,Successful,
TXN002489,2024-09-21,CUST00572,Melbourne,Prepaid,Recharge,Recharge $1,Web,,1,Successful,
TXN002988,2024-09-21,CUST00646,Sydney,Prepaid,SMS Bundle,SMS 200,Web,,2.5,Successful,
TXN003356,2024-09-21,CUST00182,Brisbane,Prepaid,Recharge,Recharge $1,Mobile App,,1,Successful,imputed
TXN003697,2024-09-21,CUST00143,Melbourne,Postpaid,SMS Bundle,SMS 200,Web,,2.5,Successful,
TXN004025,2024-09-21,CUST00065,Hobart,Postpaid,Voice Bundle,Voice 100min,Web,,4.5,Successful,
TXN004095,2024-09-21,CUST00474,Canberra,Prepaid,Voice Bundle,Voice 100min,USSD,,4.5,Successful,
TXN900039,2024-09-21,CUST00474,Canberra,Prepaid,Voice Bundle,Voice 100min,USSD,,4.5,Successful,
TXN001049,2024-09-22,CUST00528,Canberra,Prepaid,Recharge,Recharge $1,Mobile App,,0,Failed,
TXN001169,2024-09-22,CUST00866,Brisbane,Prepaid,Recharge,Recharge $5,USSD,,5,Successful,
TXN001433,2024-09-22,CUST00356,Perth,Prepaid,Recharge,Recharge $5,Agent,,5,Successful,
TXN001642,2024-09-22,CUST00588,Sydney,Prepaid,Recharge,Recharge $10,Mobile App,,10,Successful,
TXN003032,2024-09-22,CUST00495,Adelaide,Prepaid,Data Bundle,Data 1GB Daily,Agent,1024,3.5,Successful,
TXN003178,2024-09-22,CUST00349,Perth,Postpaid,Data Bundle,Data 10GB Monthly,Mobile App,10240,0,Failed,
TXN003598,2024-09-22,CUST00160,Sydney,Postpaid,Data Bundle,Data 10GB Monthly,Agent,10240,0,Failed,imputed
TXN000078,2024-09-23,CUST00259,Sydney,Prepaid,Recharge,Recharge $5,Web,,5,Successful,
TXN000138,2024-09-23,CUST00013,Canberra,Prepaid,Recharge,Recharge $20,Agent,,20,Successful,
TXN000354,2024-09-23,CUST00385,Sydney,Postpaid,Data Bundle,Data 1GB Daily,Agent,1024,0,Failed,
TXN000501,2024-09-23,CUST00626,Brisbane,Prepaid,Data Bundle,Data 6GB Monthly,Web,6144,25,Successful,imputed
TXN001545,2024-09-23,CUST00204,Sydney,Prepaid,Data Bundle,Data 1GB Daily,Mobile App,1024,3.5,Successful,
TXN001716,2024-09-23,CUST00712,Canberra,Prepaid,Recharge,Recharge $5,Web,,5,Successful,
TXN001767,2024-09-23,CUST00054,Unknown,Prepaid,Recharge,Recharge $1,Mobile App,,0,Failed,
TXN001822,2024-09-23,CUST00022,Sydney,Prepaid,Data Bundle,Data 1GB Daily,USSD,1024,3.5,Successful,
TXN001900,2024-09-23,CUST00684,Hobart,Prepaid,Data Bundle,Data 2GB Weekly,Mobile App,2048,8,Successful,
TXN002193,2024-09-23,CUST00358,Melbourne,Prepaid,Data Bundle,Data 2GB Weekly,Agent,2048,8,Successful,
TXN002361,2024-09-23,CUST00165,Adelaide,Postpaid,Recharge,Recharge $2,USSD,,2,Successful,
TXN002568,2024-09-23,CUST00242,Melbourne,Prepaid,Data Bundle,Data 10GB Monthly,USSD,10240,35,Successful,
TXN002949,2024-09-23,CUST00377,Melbourne,Prepaid,Recharge,Recharge $5,USSD,,5,Successful,
TXN003326,2024-09-23,CUST00581,Melbourne,Prepaid,Voice Bundle,Voice 100min,Web,,4.5,Successful,
TXN004020,2024-09-23,CUST00783,Canberra,Prepaid,Recharge,Recharge $10,Mobile App,,10,Successful,imputed
TXN000136,2024-09-24,CUST00318,Sydney,Prepaid,Recharge,Recharge $2,USSD,,2,Successful,
TXN001346,2024-09-24,CUST00419,Perth,Prepaid,Data Bundle,Data 6GB Monthly,Mobile App,6144,25,Successful,
TXN001577,2024-09-24,CUST00231,Sydney,Prepaid,Recharge,Recharge $10,USSD,,10,Successful,
TXN002035,2024-09-24,CUST00634,Brisbane,Prepaid,Data Bundle,Data 1GB Daily,Agent,1024,3.5,Successful,
TXN002449,2024-09-24,CUST00152,Adelaide,Prepaid,Data Bundle,Data 10GB Monthly,Web,10240,-35,Reversed,
TXN003203,2024-09-24,CUST00874,Perth,Prepaid,Data Bundle,Data 2GB Weekly,Mobile App,2048,8,Successful,
TXN000573,2024-09-25,CUST00752,Sydney,Prepaid,Recharge,Recharge $5,Mobile App,,5,Successful,
TXN000737,2024-09-25,CUST00465,Perth,Prepaid,Data Bundle,Data 2GB Weekly,Mobile App,2048,8,Successful,
TXN000954,2024-09-25,CUST00326,Sydney,Prepaid,Data Bundle,Data 6GB Monthly,Agent,6144,25,Successful,
TXN001183,2024-09-25,CUST00465,Perth,Prepaid,Recharge,Recharge $2,Agent,,2,Successful,
TXN001697,2024-09-25,CUST00764,Sydney,Prepaid,Recharge,Recharge $10,Mobile App,,10,Successful,
TXN002293,2024-09-25,CUST00875,Sydney,Prepaid,Data Bundle,Data 2GB Weekly,Web,2048,0,Failed,
TXN002363,2024-09-25,CUST00576,Sydney,Prepaid,Recharge,Recharge $1,USSD,,1,Successful,
TXN002614,2024-09-25,CUST00334,Adelaide,Prepaid,Recharge,Recharge $1,Web,,1,Successful,
TXN000130,2024-09-26,CUST00303,Perth,Prepaid,Recharge,Recharge $5,USSD,,5,Successful,
TXN000169,2024-09-26,CUST00205,Perth,Prepaid,Data Bundle,Data 1GB Daily,USSD,1024,3.5,Successful,
TXN000558,2024-09-26,CUST00701,Sydney,Prepaid,Data Bundle,Data 1GB Daily,USSD,1024,3.5,Successful,
TXN000603,2024-09-26,CUST00427,Sydney,Prepaid,Recharge,Recharge $1,Agent,,0,Failed,imputed
TXN001790,2024-09-26,CUST00241,Melbourne,Prepaid,Recharge,Recharge $1,Web,,1,Successful,
TXN002021,2024-09-26,CUST00389,Canberra,Postpaid,Recharge,Recharge $20,Mobile App,,20,Successful,
TXN002369,2024-09-26,CUST00831,Canberra,Prepaid,Recharge,Recharge $10,Mobile App,,10,Successful,
TXN002513,2024-09-26,CUST00525,Canberra,Prepaid,Recharge,Recharge $5,Mobile App,,5,Successful,
TXN002631,2024-09-26,CUST00679,Sydney,Prepaid,Recharge,Recharge $1,USSD,,1,Successful,
TXN002852,2024-09-26,CUST00688,Sydney,Prepaid,Voice Bundle,Voice 300min,Web,,11,Successful,
TXN000077,2024-09-27,CUST00852,Sydney,Prepaid,Recharge,Recharge $20,Mobile App,,20,Successful,
TXN000122,2024-09-27,CUST00009,Sydney,Prepaid,Recharge,Recharge $10,USSD,,0,Failed,
TXN000183,2024-09-27,CUST00229,Adelaide,Prepaid,Recharge,Recharge $5,Mobile App,,5,Successful,
TXN000265,2024-09-27,CUST00884,Unknown,Postpaid,Recharge,Recharge $5,USSD,,5,Successful,
TXN000308,2024-09-27,CUST00886,Sydney,Prepaid,Data Bundle,Data 1GB Daily,Web,1024,3.5,Successful,
TXN000336,2024-09-27,CUST00602,Brisbane,Prepaid,Recharge,Recharge $2,Mobile App,,2,Successful,
TXN000715,2024-09-27,CUST00219,Sydney,Postpaid,Recharge,Recharge $10,Web,,10,Successful,
TXN000939,2024-09-27,CUST00453,Sydney,Prepaid,Data Bundle,Data 1GB Daily,USSD,1024,3.5,Successful,imputed
TXN001161,2024-09-27,CUST00332,Canberra,Prepaid,Data Bundle,Data 10GB Monthly,USSD,10240,35,Successful,
TXN001305,2024-09-27,CUST00507,Brisbane,Prepaid,Voice Bundle,Voice 300min,Agent,,11,Successful,
TXN001424,2024-09-27,CUST00178,Unknown,Prepaid,Recharge,Recharge $5,Agent,,5,Successful,
TXN001707,2024-09-27,CUST00601,Hobart,Prepaid,Recharge,Recharge $10,Web,,10,Successful,imputed
TXN002788,2024-09-27,CUST00768,Hobart,Prepaid,SMS Bundle,SMS 200,USSD,,2.5,Successful,
TXN002907,2024-09-27,CUST00505,Hobart,Prepaid,SMS Bundle,SMS 200,Mobile App,,2.5,Successful,
TXN003470,2024-09-27,CUST00083,Hobart,Prepaid,Recharge,Recharge $10,Agent,,-10,Reversed,
TXN003578,2024-09-27,CUST00318,Sydney,Prepaid,Recharge,Recharge $10,Agent,,0,Failed,
TXN003609,2024-09-27,CUST00624,Sydney,Postpaid,Recharge,Recharge $10,Mobile App,,10,Successful,imputed
TXN004123,2024-09-27,CUST00739,Perth,Prepaid,Voice Bundle,Voice 100min,Mobile App,,4.5,Successful,
TXN000027,2024-09-28,CUST00613,Adelaide,Prepaid,Data Bundle,Data 6GB Monthly,Mobile App,6144,25,Successful,
TXN000053,2024-09-28,CUST00308,Brisbane,Prepaid,SMS Bundle,SMS 200,USSD,,2.5,Successful,
TXN000126,2024-09-28,CUST00631,Sydney,Prepaid,Voice Bundle,Voice 100min,USSD,,0,Failed,imputed
TXN000285,2024-09-28,CUST00864,Brisbane,Prepaid,Data Bundle,Data 6GB Monthly,Mobile App,6144,25,Successful,
TXN001497,2024-09-28,CUST00699,Perth,Prepaid,Data Bundle,Data 40GB Monthly,Web,40960,0,Failed,imputed
TXN001830,2024-09-28,CUST00150,Sydney,Postpaid,Voice Bundle,Voice 100min,USSD,,0,Failed,
TXN002219,2024-09-28,CUST00228,Sydney,Prepaid,Recharge,Recharge $2,Agent,,0,Failed,
TXN003084,2024-09-28,CUST00764,Sydney,Prepaid,Data Bundle,Data 6GB Monthly,Mobile App,6144,25,Successful,
TXN003104,2024-09-28,CUST00019,Adelaide,Prepaid,Data Bundle,Data 6GB Monthly,Mobile App,6144,25,Successful,
TXN003610,2024-09-28,CUST00288,Sydney,Postpaid,Recharge,Recharge $1,Mobile App,,1,Successful,
TXN000026,2024-10-01,CUST00630,Sydney,Prepaid,Recharge,Recharge $1,Web,,1,Successful,
TXN000076,2024-10-01,CUST00699,Perth,Prepaid,SMS Bundle,SMS 200,Agent,,2.5,Successful,
TXN000305,2024-10-01,CUST00554,Perth,Postpaid,Data Bundle,Data 40GB Monthly,Web,40960,110,Successful,
TXN000469,2024-10-01,CUST00403,Melbourne,Prepaid,Recharge,Recharge $5,Mobile App,,5,Successful,imputed
TXN001236,2024-10-01,CUST00696,Melbourne,Prepaid,SMS Bundle,SMS 200,Web,,2.5,Successful,
TXN001570,2024-10-01,CUST00113,Sydney,Prepaid,Recharge,Recharge $5,Agent,,5,Successful,imputed
TXN001680,2024-10-01,CUST00674,Canberra,Postpaid,Voice Bundle,Voice 100min,Agent,,4.5,Successful,
TXN001865,2024-10-01,CUST00464,Melbourne,Prepaid,Recharge,Recharge $5,Web,,5,Successful,
TXN001953,2024-10-01,CUST00426,Hobart,Prepaid,Recharge,Recharge $10,USSD,,10,Successful,
TXN002516,2024-10-01,CUST00008,Perth,Prepaid,SMS Bundle,SMS 200,Agent,,2.5,Successful,
TXN002575,2024-10-01,CUST00200,Perth,Prepaid,Data Bundle,Data 10GB Monthly,Agent,10240,35,Successful,
TXN002899,2024-10-01,CUST00829,Sydney,Prepaid,Data Bundle,Data 1GB Daily,Agent,1024,3.5,Successful,
TXN002962,2024-10-01,CUST00700,Sydney,Prepaid,Recharge,Recharge $2,USSD,,2,Successful,imputed
TXN003628,2024-10-01,CUST00332,Canberra,Prepaid,Data Bundle,Data 6GB Monthly,Mobile App,6144,25,Successful,
TXN003748,2024-10-01,CUST00296,Hobart,Prepaid,Data Bundle,Data 1GB Daily,Web,1024,3.5,Successful,
TXN000621,2024-10-02,CUST00752,Sydney,Prepaid,Recharge,Recharge $10,USSD,,10,Successful,
TXN000640,2024-10-02,CUST00296,Unknown,Prepaid,Recharge,Recharge $5,Mobile App,,5,Successful,
TXN000716,2024-10-02,CUST00580,Adelaide,Prepaid,Recharge,Recharge $5,Mobile App,,5,Successful,imputed
TXN002365,2024-10-02,CUST00083,Hobart,Prepaid,Recharge,Recharge $2,Web,,2,Successful,
TXN002465,2024-10-02,CUST00219,Sydney,Postpaid,Data Bundle,Data 1GB Daily,Web,1024,3.5,Successful,
TXN002535,2024-10-02,CUST00880,Adelaide,Prepaid,Recharge,Recharge $1,Web,,1,Successful,
TXN002762,2024-10-02,CUST00758,Melbourne,Prepaid,Data Bundle,Data 1GB Daily,Agent,1024,3.5,Successful,
TXN003358,2024-10-02,CUST00817,Perth,Postpaid,Recharge,Recharge $10,Web,,10,Successful,
TXN003533,2024-10-02,CUST00464,Melbourne,Prepaid,Data Bundle,Data 6GB Monthly,Mobile App,6144,25,Successful,
TXN003930,2024-10-02,CUST00764,Sydney,Prepaid,Recharge,Recharge $1,Web,,-1,Reversed,
TXN004016,2024-10-02,CUST00684,Hobart,Prepaid,Recharge,Recharge $5,USSD,,5,Successful,
TXN000052,2024-10-03,CUST00274,Canberra,Prepaid,Recharge,Recharge $10,Mobile App,,10,Successful,
TXN000492,2024-10-03,CUST00736,Canberra,Prepaid,Recharge,Recharge $10,Web,,10,Successful,
TXN000872,2024-10-03,CUST00533,Sydney,Prepaid,Recharge,Recharge $10,Web,,0,Failed,
TXN001047,2024-10-03,CUST00079,Sydney,Prepaid,Recharge,Recharge $1,Web,,1,Successful,
TXN001520,2024-10-03,CUST00327,Canberra,Prepaid,Recharge,Recharge $1,Mobile App,,-1,Reversed,
TXN001543,2024-10-03,CUST00144,Hobart,Prepaid,Data Bundle,Data 6GB Monthly,Agent,6144,25,Successful,
TXN001730,2024-10-03,CUST00289,Brisbane,Prepaid,Recharge,Recharge $20,USSD,,20,Successful,
TXN001981,2024-10-03,CUST00805,Sydney,Prepaid,Recharge,Recharge $5,Web,,5,Successful,
TXN002771,2024-10-03,CUST00724,Sydney,Prepaid,Recharge,Recharge $2,Mobile App,,0,Failed,
TXN003451,2024-10-03,CUST00525,Canberra,Prepaid,Data Bundle,Data 2GB Weekly,USSD,2048,8,Successful,
TXN003684,2024-10-03,CUST00303,Perth,Prepaid,Recharge,Recharge $1,Agent,,1,Successful,
TXN003784,2024-10-03,CUST00453,Sydney,Prepaid,Recharge,Recharge $20,USSD,,0,Failed,
TXN003788,2024-10-03,CUST00725,Melbourne,Prepaid,Recharge,Recharge $20,Web,,20,Successful,
TXN004187,2024-10-03,CUST00463,Perth,Prepaid,Recharge,Recharge $1,Mobile App,,1,Successful,
TXN000297,2024-10-04,CUST00178,Canberra,Prepaid,Recharge,Recharge $10,Mobile App,,10,Successful,
TXN000478,2024-10-04,CUST00156,Hobart,Prepaid,Recharge,Recharge $1,Agent,,1,Successful,
TXN001802,2024-10-04,CUST00705,Sydney,Prepaid,Data Bundle,Data 2GB Weekly,Mobile App,2048,0,Failed,
TXN002561,2024-10-04,CUST00748,Canberra,Postpaid,Data Bundle,Data 6GB Monthly,Agent,6144,25,Successful,
TXN002810,2024-10-04,CUST00047,Adelaide,Prepaid,Recharge,Recharge $10,Agent,,10,Successful,
TXN002974,2024-10-04,CUST00478,Melbourne,Prepaid,Recharge,Recharge $20,Web,,20,Successful,
TXN003080,2024-10-04,CUST00327,Canberra,Prepaid,Data Bundle,Data 6GB Monthly,Web,6144,25,Successful,
TXN003500,2024-10-04,CUST00817,Perth,Postpaid,Recharge,Recharge $10,USSD,,10,Successful,
TXN003925,2024-10-04,CUST00861,Perth,Prepaid,Recharge,Recharge $1,Agent,,1,Successful,
TXN004114,2024-10-04,CUST00114,Brisbane,Postpaid,Recharge,Recharge $10,USSD,,10,Successful,
TXN000060,2024-10-05,CUST00394,Canberra,Prepaid,Recharge,Recharge $1,Agent,,1,Successful,imputed
TXN000480,2024-10-05,CUST00705,Sydney,Prepaid,Data Bundle,Data 1GB Daily,Agent,1024,3.5,Successful,
TXN001251,2024-10-05,CUST00089,Sydney,Prepaid,Recharge,Recharge $10,Agent,,10,Successful,
TXN001443,2024-10-05,CUST00582,Perth,Prepaid,Data Bundle,Data 6GB Monthly,USSD,6144,0,Failed,
TXN001444,2024-10-05,CUST00317,Sydney,Prepaid,Recharge,Recharge $10,Mobile App,,10,Successful,
TXN001446,2024-10-05,CUST00093,Melbourne,Prepaid,Data Bundle,Data 40GB Monthly,Web,40960,110,Successful,
TXN001449,2024-10-05,CUST00326,Sydney,Prepaid,Recharge,Recharge $5,Web,,-5,Reversed,
TXN001595,2024-10-05,CUST00061,Adelaide,Prepaid,Data Bundle,Data 10GB Monthly,Mobile App,10240,35,Successful,
TXN001706,2024-10-05,CUST00100,Canberra,Postpaid,Data Bundle,Data 1GB Daily,USSD,1024,3.5,Successful,
TXN001964,2024-10-05,CUST00276,Perth,Prepaid,SMS Bundle,SMS 200,USSD,,2.5,Successful,
TXN002826,2024-10-05,CUST00714,Perth,Postpaid,Recharge,Recharge $2,Web,,-2,Reversed,
TXN003087,2024-10-05,CUST00218,Brisbane,Prepaid,SMS Bundle,SMS 200,Agent,,2.5,Successful,
TXN003201,2024-10-05,CUST00027,Sydney,Postpaid,Data Bundle,Data 10GB Monthly,Web,10240,0,Failed,
TXN003440,2024-10-05,CUST00150,Sydney,Postpaid,Data Bundle,Data 6GB Monthly,Mobile App,6144,-25,Reversed,
TXN000189,2024-10-06,CUST00449,Melbourne,Prepaid,Voice Bundle,Voice 100min,Web,,4.5,Successful,
TXN000714,2024-10-06,CUST00688,Sydney,Prepaid,Data Bundle,Data 2GB Weekly,Web,2048,8,Successful,imputed
TXN001426,2024-10-06,CUST00187,Adelaide,Prepaid,Data Bundle,Data 1GB Daily,Mobile App,1024,0,Failed,imputed
TXN002425,2024-10-06,CUST00740,Brisbane,Postpaid,Recharge,Recharge $5,Agent,,5,Successful,
TXN002863,2024-10-06,CUST00059,Sydney,Prepaid,Data Bundle,Data 1GB Daily,Agent,1024,0,Failed,
TXN002937,2024-10-06,CUST00080,Sydney,Prepaid,Recharge,Recharge $5,Mobile App,,5,Successful,
TXN003325,2024-10-06,CUST00558,Sydney,Postpaid,Data Bundle,Data 40GB Monthly,Web,40960,110,Successful,
TXN003461,2024-10-06,CUST00795,Melbourne,Postpaid,Data Bundle,Data 1GB Daily,Mobile App,1024,3.5,Successful,
TXN000291,2024-10-07,CUST00708,Sydney,Prepaid,Recharge,Recharge $5,Mobile App,,5,Successful,
TXN000296,2024-10-07,CUST00795,Melbourne,Postpaid,Recharge,Recharge $5,Mobile App,,5,Successful,
TXN000931,2024-10-07,CUST00715,Sydney,Prepaid,SMS Bundle,SMS 200,Agent,,2.5,Successful,
TXN001314,2024-10-07,CUST00830,Canberra,Prepaid,Data Bundle,Data 2GB Weekly,Web,2048,8,Successful,
TXN001863,2024-10-07,CUST00173,Unknown,Postpaid,Recharge,Recharge $20,Agent,,-20,Reversed,
TXN001894,2024-10-07,CUST00146,Sydney,Prepaid,Recharge,Recharge $5,USSD,,5,Successful,
TXN002844,2024-10-07,CUST00681,Sydney,Postpaid,Recharge,Recharge $20,USSD,,20,Successful,
TXN003273,2024-10-07,CUST00780,Melbourne,Postpaid,Recharge,Recharge $10,Web,,10,Successful,
TXN003591,2024-10-07,CUST00652,Adelaide,Prepaid,SMS Bundle,SMS 200,Web,,2.5,Successful,
TXN004040,2024-10-07,CUST00405,Unknown,Prepaid,Recharge,Recharge $5,USSD,,5,Successful,
TXN000375,2024-10-08,CUST00511,Sydney,Prepaid,Voice Bundle,Voice 100min,Mobile App,,0,Failed,imputed
TXN000460,2024-10-08,CUST00116,Sydney,Prepaid,Recharge,Recharge $2,Agent,,2,Successful,
TXN000726,2024-10-08,CUST00826,Brisbane,Prepaid,Recharge,Recharge $2,Agent,,2,Successful,imputed
TXN000804,2024-10-08,CUST00788,Melbourne,Postpaid,Recharge,Recharge $10,Agent,,10,Successful,
TXN001202,2024-10-08,CUST00582,Perth,Prepaid,Recharge,Recharge $5,Mobile App,,5,Successful,
TXN001338,2024-10-08,CUST00460,Perth,Prepaid,Data Bundle,Data 10GB Monthly,Mobile App,10240,-35,Reversed,
TXN001353,2024-10-08,CUST00621,Sydney,Prepaid,Recharge,Recharge $2,Mobile App,,0,Failed,imputed
TXN001973,2024-10-08,CUST00136,Adelaide,Prepaid,Recharge,Recharge $1,Web,,-1,Reversed,
TXN002654,2024-10-08,CUST00735,Hobart,Prepaid,Data Bundle,Data 1GB Daily,Mobile App,1024,3.5,Successful,
TXN000389,2024-10-09,CUST00461,Perth,Postpaid,Data Bundle,Data 6GB Monthly,Agent,6144,25,Successful,
TXN000864,2024-10-09,CUST00536,Brisbane,Prepaid,Data Bundle,Data 2GB Weekly,Agent,2048,8,Successful,
TXN000964,2024-10-09,CUST00567,Sydney,Prepaid,Recharge,Recharge $5,Web,,-5,Reversed,
TXN001389,2024-10-09,CUST00061,Adelaide,Prepaid,Data Bundle,Data 6GB Monthly,USSD,6144,25,Successful,
TXN001605,2024-10-09,CUST00863,Adelaide,Prepaid,Recharge,Recharge $20,Agent,,20,Successful,
TXN001872,2024-10-09,CUST00069,Sydney,Prepaid,Recharge,Recharge $1,Agent,,1,Successful,
TXN002259,2024-10-09,CUST00235,Perth,Prepaid,Data Bundle,Data 1GB Daily,Web,1024,-3.5,Reversed,
TXN002354,2024-10-09,CUST00739,Perth,Prepaid,Data Bundle,Data 10GB Monthly,Agent,10240,35,Successful,
TXN002649,2024-10-09,CUST00451,Canberra,Prepaid,Recharge,Recharge $20,Agent,,20,Successful,
TXN002672,2024-10-09,CUST00645,Sydney,Prepaid,Data Bundle,Data 1GB Daily,USSD,1024,3.5,Successful,
TXN002912,2024-10-09,CUST00019,Adelaide,Prepaid,Recharge,Recharge $1,Mobile App,,1,Successful,
TXN003001,2024-10-09,CUST00139,Sydney,Prepaid,Data Bundle,Data 1GB Daily,Web,1024,0,Failed,
TXN003144,2024-10-09,CUST00173,Sydney,Postpaid,Data Bundle,Data 10GB Monthly,USSD,10240,35,Successful,
TXN003378,2024-10-09,CUST00599,Brisbane,Postpaid,Recharge,Recharge $10,Mobile App,,10,Successful,imputed
TXN003611,2024-10-09,CUST00525,Canberra,Prepaid,Recharge,Recharge $2,Mobile App,,2,Successful,
TXN003755,2024-10-09,CUST00311,Sydney,Prepaid,Data Bundle,Data 2GB Weekly,Agent,2048,8,Successful,
TXN003770,2024-10-09,CUST00649,Canberra,Prepaid,Data Bundle,Data 2GB Weekly,Mobile App,2048,8,Successful,
TXN003775,2024-10-09,CUST00587,Sydney,Prepaid,Recharge,Recharge $20,Mobile App,,20,Successful,
TXN004044,2024-10-09,CUST00261,Canberra,Prepaid,Recharge,Recharge $1,Mobile App,,1,Successful,
TXN004092,2024-10-09,CUST00560,Brisbane,Postpaid,Data Bundle,Data 2GB Weekly,USSD,2048,8,Successful,
TXN004149,2024-10-09,CUST00780,Melbourne,Postpaid,Data Bundle,Data 10GB Monthly,Agent,10240,35,Successful,
TXN000100,2024-10-10,CUST00815,Sydney,Prepaid,Recharge,Recharge $2,Web,,-2,Reversed,
TXN000733,2024-10-10,CUST00843,Perth,Prepaid,Voice Bundle,Voice 100min,Agent,,4.5,Successful,
TXN000842,2024-10-10,CUST00028,Perth,Prepaid,Recharge,Recharge $5,Agent,,5,Successful,
TXN001306,2024-10-10,CUST00376,Sydney,Postpaid,Data Bundle,Data 2GB Weekly,USSD,2048,-8,Reversed,
TXN001843,2024-10-10,CUST00822,Sydney,Prepaid,Data Bundle,Data 2GB Weekly,Agent,2048,8,Successful,
TXN002407,2024-10-10,CUST00225,Adelaide,Prepaid,Recharge,Recharge $1,USSD,,0,Failed,
TXN003597,2024-10-10,CUST00665,Adelaide,Prepaid,Recharge,Recharge $5,Agent,,5,Successful,
TXN003766,2024-10-10,CUST00498,Canberra,Prepaid,Voice Bundle,Voice 300min,Web,,-11,Reversed,
TXN000236,2024-10-11,CUST00431,Hobart,Prepaid,Data Bundle,Data 1GB Daily,USSD,1024,3.5,Successful,
TXN000270,2024-10-11,CUST00077,Melbourne,Prepaid,SMS Bundle,SMS 200,Mobile App,,0,Failed,imputed
TXN000612,2024-10-11,CUST00236,Melbourne,Prepaid,Recharge,Recharge $2,Mobile App,,2,Successful,
TXN000683,2024-10-11,CUST00116,Sydney,Prepaid,Recharge,Recharge $1,Agent,,0,Failed,
TXN001102,2024-10-11,CUST00556,Brisbane,Prepaid,Recharge,Recharge $2,Web,,2,Successful,
TXN001115,2024-10-11,CUST00617,Unknown,Postpaid,SMS Bundle,SMS 200,Web,,2.5,Successful,
TXN001140,2024-10-11,CUST00459,Perth,Prepaid,Data Bundle,Data 1GB Daily,USSD,1024,3.5,Successful,
TXN001204,2024-10-11,CUST00699,Perth,Prepaid,Recharge,Recharge $2,Web,,2,Successful,
TXN001275,2024-10-11,CUST00672,Adelaide,Prepaid,Data Bundle,Data 40GB Monthly,Agent,40960,110,Successful,
TXN001372,2024-10-11,CUST00498,Canberra,Prepaid,Recharge,Recharge $1,Mobile App,,1,Successful,
TXN001584,2024-10-11,CUST00672,Adelaide,Prepaid,Recharge,Recharge $2,Web,,2,Successful,
TXN002227,2024-10-11,CUST00890,Perth,Prepaid,Recharge,Recharge $10,USSD,,10,Successful,imputed
TXN003414,2024-10-11,CUST00156,Hobart,Prepaid,Voice Bundle,Voice 100min,Web,,4.5,Successful,
TXN003753,2024-10-11,CUST00530,Perth,Prepaid,Recharge,Recharge $10,Web,,10,Successful,
TXN004065,2024-10-11,CUST00298,Melbourne,Postpaid,Recharge,Recharge $2,USSD,,2,Successful,
TXN000127,2024-10-12,CUST00604,Sydney,Prepaid,Data Bundle,Data 6GB Monthly,USSD,6144,0,Failed,
TXN000170,2024-10-12,CUST00392,Perth,Prepaid,Data Bundle,Data 6GB Monthly,Agent,6144,25,Successful,
TXN000261,2024-10-12,CUST00900,Sydney,Prepaid,Recharge,Recharge $1,Web,,1,Successful,
TXN000332,2024-10-12,CUST00754,Sydney,Prepaid,Data Bundle,Data 6GB Monthly,Agent,6144,0,Failed,
TXN000351,2024-10-12,CUST00809,Melbourne,Prepaid,Data Bundle,Data 6GB Monthly,USSD,6144,25,Successful,
TXN000384,2024-10-12,CUST00718,Adelaide,Prepaid,Recharge,Recharge $10,Mobile App,,10,Successful,
TXN000395,2024-10-12,CUST00456,Melbourne,Postpaid,Data Bundle,Data 2GB Weekly,Mobile App,2048,8,Successful,
TXN001114,2024-10-12,CUST00187,Adelaide,Prepaid,Recharge,Recharge $10,Web,,10,Successful,
TXN001200,2024-10-12,CUST00440,Sydney,Prepaid,Recharge,Recharge $2,Mobile App,,2,Successful,
TXN001232,2024-10-12,CUST00176,Canberra,Prepaid,Data Bundle,Data 2GB Weekly,USSD,2048,8,Successful,
TXN002347,2024-10-12,CUST00719,Sydney,Prepaid,SMS Bundle,SMS 200,Mobile App,,2.5,Successful,
TXN002494,2024-10-12,CUST00183,Melbourne,Prepaid,Recharge,Recharge $5,Agent,,5,Successful,
TXN002650,2024-10-12,CUST00702,Melbourne,Prepaid,Data Bundle,Data 1GB Daily,USSD,1024,3.5,Successful,
TXN002796,2024-10-12,CUST00620,Sydney,Prepaid,Recharge,Recharge $2,USSD,,2,Successful,
TXN003152,2024-10-12,CUST00032,Brisbane,Prepaid,Recharge,Recharge $5,Agent,,5,Successful,
TXN003301,2024-10-12,CUST00137,Perth,Postpaid,Recharge,Recharge $1,USSD,,1,Successful,
TXN003328,2024-10-12,CUST00464,Melbourne,Prepaid,Recharge,Recharge $1,Mobile App,,1,Successful,
TXN003923,2024-10-12,CUST00879,Melbourne,Prepaid,Voice Bundle,Voice 100min,Mobile App,,4.5,Successful,
TXN000580,2024-10-13,CUST00284,Sydney,Postpaid,SMS Bundle,SMS 200,Agent,,-2.5,Reversed,
TXN000813,2024-10-13,CUST00832,Melbourne,Prepaid,Recharge,Recharge $5,Agent,,0,Failed,imputed
TXN000923,2024-10-13,CUST00490,Sydney,Prepaid,Voice Bundle,Voice 100min,Web,,-4.5,Reversed,
TXN001084,2024-10-13,CUST00449,Melbourne,Prepaid,Recharge,Recharge $10,Mobile App,,10,Successful,
TXN001135,2024-10-13,CUST00366,Melbourne,Prepaid,Recharge,Recharge $5,Agent,,5,Successful,
TXN001141,2024-10-13,CUST00730,Adelaide,Prepaid,SMS Bundle,SMS 200,Mobile App,,2.5,Successful,
TXN001538,2024-10-13,CUST00048,Sydney,Prepaid,Data Bundle,Data 2GB Weekly,Web,2048,0,Failed,imputed
TXN001951,2024-10-13,CUST00571,Adelaide,Prepaid,Recharge,Recharge $5,USSD,,5,Successful,
TXN002455,2024-10-13,CUST00339,Adelaide,Postpaid,Voice Bundle,Voice 300min,Agent,,11,Successful,
TXN002653,2024-10-13,CUST00004,Hobart,Prepaid,Recharge,Recharge $2,USSD,,2,Successful,
TXN003123,2024-10-13,CUST00581,Melbourne,Prepaid,Data Bundle,Data 2GB Weekly,USSD,2048,8,Successful,
TXN003426,2024-10-13,CUST00359,Sydney,Prepaid,Recharge,Recharge $5,Web,,5,Successful,
TXN000734,2024-10-14,CUST00832,Unknown,Prepaid,Voice Bundle,Voice 100min,Web,,4.5,Successful,
TXN000805,2024-10-14,CUST00382,Adelaide,Prepaid,Data Bundle,Data 2GB Weekly,Web,2048,8,Successful,
TXN000963,2024-10-14,CUST00021,Perth,Prepaid,Voice Bundle,Voice 100min,Mobile App,,4.5,Successful,
TXN001095,2024-10-14,CUST00238,Melbourne,Postpaid,Voice Bundle,Voice 300min,Mobile App,,-11,Reversed,
TXN001586,2024-10-14,CUST00065,Hobart,Postpaid,SMS Bundle,SMS 200,Mobile App,,2.5,Successful,
TXN001731,2024-10-14,CUST00635,Sydney,Prepaid,Data Bundle,Data 6GB Monthly,USSD,6144,25,Successful,
TXN002624,2024-10-14,CUST00147,Perth,Prepaid,SMS Bundle,SMS 200,Web,,2.5,Successful,imputed
TXN003596,2024-10-14,CUST00190,Sydney,Postpaid,Voice Bundle,Voice 300min,USSD,,0,Failed,
TXN003846,2024-10-14,CUST00677,Canberra,Postpaid,Data Bundle,Data 10GB Monthly,Mobile App,10240,35,Successful,
TXN900031,2024-10-14,CUST00677,Canberra,Postpaid,Data Bundle,Data 10GB Monthly,Mobile App,10240,35,Successful,
TXN000415,2024-10-15,CUST00395,Brisbane,Prepaid,SMS Bundle,SMS 200,USSD,,2.5,Successful,
TXN000522,2024-10-15,CUST00211,Melbourne,Prepaid,Voice Bundle,Voice 100min,Agent,,-4.5,Reversed,
TXN000596,2024-10-15,CUST00841,Brisbane,Prepaid,Data Bundle,Data 10GB Monthly,USSD,10240,-35,Reversed,
TXN001239,2024-10-15,CUST00824,Sydney,Postpaid,Recharge,Recharge $20,Web,,20,Successful,
TXN001600,2024-10-15,CUST00555,Brisbane,Prepaid,Voice Bundle,Voice 100min,Agent,,4.5,Successful,
TXN002468,2024-10-15,CUST00378,Canberra,Prepaid,SMS Bundle,SMS 200,Mobile App,,2.5,Successful,
TXN002711,2024-10-15,CUST00551,Sydney,Prepaid,Recharge,Recharge $20,Mobile App,,20,Successful,
TXN003636,2024-10-15,CUST00871,Sydney,Prepaid,Recharge,Recharge $5,Mobile App,,-5,Reversed,
TXN000044,2024-10-16,CUST00264,Canberra,Prepaid,Data Bundle,Data 6GB Monthly,Agent,6144,25,Successful,
TXN000166,2024-10-16,CUST00842,Sydney,Postpaid,Data Bundle,Data 10GB Monthly,Mobile App,10240,0,Failed,
TXN000325,2024-10-16,CUST00368,Brisbane,Prepaid,Recharge,Recharge $2,Agent,,2,Successful,
TXN000551,2024-10-16,CUST00148,Adelaide,Prepaid,SMS Bundle,SMS 200,Mobile App,,2.5,Successful,
TXN000831,2024-10-16,CUST00346,Perth,Prepaid,Data Bundle,Data 1GB Daily,Web,1024,3.5,Successful,
TXN000935,2024-10-16,CUST00687,Melbourne,Prepaid,Recharge,Recharge $1,Web,,1,Successful,
TXN001398,2024-10-16,CUST00537,Brisbane,Prepaid,Recharge,Recharge $10,USSD,,10,Successful,
TXN001417,2024-10-16,CUST00884,Sydney,Postpaid,Data Bundle,Data 2GB Weekly,USSD,2048,0,Failed,
TXN001664,2024-10-16,CUST00075,Sydney,Prepaid,Data Bundle,Data 2GB Weekly,Web,2048,0,Failed,imputed
TXN001752,2024-10-16,CUST00869,Canberra,Prepaid,Data Bundle,Data 1GB Daily,Web,1024,3.5,Successful,
TXN002192,2024-10-16,CUST00272,Sydney,Prepaid,SMS Bundle,SMS 200,Web,,2.5,Successful,
TXN002809,2024-10-16,CUST00110,Sydney,Prepaid,Data Bundle,Data 1GB Daily,Web,1024,3.5,Successful,
TXN003295,2024-10-16,CUST00180,Sydney,Prepaid,Voice Bundle,Voice 100min,Agent,,0,Failed,
TXN003306,2024-10-16,CUST00824,Sydney,Postpaid,Recharge,Recharge $5,Mobile App,,5,Successful,
TXN003424,2024-10-16,CUST00358,Melbourne,Prepaid,Recharge,Recharge $10,Web,,10,Successful,
TXN000217,2024-10-17,CUST00139,Unknown,Prepaid,Recharge,Recharge $2,Mobile App,,2,Successful,
TXN000244,2024-10-17,CUST00330,Sydney,Prepaid,Data Bundle,Data 2GB Weekly,Mobile App,2048,8,Successful,
TXN000398,2024-10-17,CUST00027,Sydney,Postpaid,Recharge,Recharge $10,Web,,0,Failed,imputed
TXN000493,2024-10-17,CUST00745,Melbourne,Prepaid,Recharge,Recharge $5,Mobile App,,5,Successful,
TXN000789,2024-10-17,CUST00238,Melbourne,Postpaid,Data Bundle,Data 6GB Monthly,Agent,6144,25,Successful,
TXN000932,2024-10-17,CUST00079,Sydney,Prepaid,Recharge,Recharge $10,USSD,,-10,Reversed,
TXN001861,2024-10-17,CUST00448,Sydney,Prepaid,Recharge,Recharge $1,Web,,1,Successful,
TXN002037,2024-10-17,CUST00740,Brisbane,Postpaid,Recharge,Recharge $2,Agent,,2,Successful,
TXN002314,2024-10-17,CUST00333,Adelaide,Prepaid,Data Bundle,Data 1GB Daily,Mobile App,1024,3.5,Successful,
TXN002419,2024-10-17,CUST00109,Brisbane,Prepaid,Data Bundle,Data 1GB Daily,USSD,1024,3.5,Successful,imputed
TXN002715,2024-10-17,CUST00668,Perth,Prepaid,Recharge,Recharge $2,Web,,2,Successful,
TXN003315,2024-10-17,CUST00614,Adelaide,Prepaid,Recharge,Recharge $1,USSD,,1,Successful,
TXN004019,2024-10-17,CUST00671,Brisbane,Prepaid,SMS Bundle,SMS 200,USSD,,2.5,Successful,
TXN004024,2024-10-17,CUST00219,Unknown,Postpaid,Voice Bundle,Voice 100min,Web,,0,Failed,
TXN000300,2024-10-18,CUST00503,Melbourne,Prepaid,Data Bundle,Data 6GB Monthly,Mobile App,6144,25,Successful,
TXN000766,2024-10-18,CUST00057,Brisbane,Prepaid,Recharge,Recharge $1,Mobile App,,1,Successful,
TXN001269,2024-10-18,CUST00524,Sydney,Prepaid,Recharge,Recharge $20,USSD,,-20,Reversed,
TXN001375,2024-10-18,CUST00362,Adelaide,Prepaid,Recharge,Recharge $1,Mobile App,,1,Successful,
TXN001394,2024-10-18,CUST00144,Hobart,Prepaid,Recharge,Recharge $1,Agent,,1,Successful,
TXN001465,2024-10-18,CUST00366,Melbourne,Prepaid,Recharge,Recharge $2,USSD,,-2,Reversed,
TXN001549,2024-10-18,CUST00572,Melbourne,Prepaid,Recharge,Recharge $20,Web,,20,Successful,
TXN001889,2024-10-18,CUST00150,Sydney,Postpaid,Recharge,Recharge $1,Agent,,0,Failed,
TXN002016,2024-10-18,CUST00433,Sydney,Prepaid,Data Bundle,Data 6GB Monthly,Agent,6144,25,Successful,
TXN002158,2024-10-18,CUST00812,Perth,Prepaid,Recharge,Recharge $5,Web,,5,Successful,
TXN002300,2024-10-18,CUST00493,Perth,Prepaid,Voice Bundle,Voice 100min,Agent,,4.5,Successful,
TXN002490,2024-10-18,CUST00725,Melbourne,Prepaid,Recharge,Recharge $10,Web,,10,Successful,
TXN002655,2024-10-18,CUST00436,Brisbane,Prepaid,Data Bundle,Data 6GB Monthly,Agent,6144,25,Successful,
TXN002724,2024-10-18,CUST00602,Brisbane,Prepaid,Data Bundle,Data 6GB Monthly,Web,6144,25,Successful,
TXN003224,2024-10-18,CUST00103,Melbourne,Prepaid,Recharge,Recharge $1,USSD,,1,Successful,
TXN003255,2024-10-18,CUST00202,Melbourne,Postpaid,Recharge,Recharge $10,Agent,,10,Successful,
TXN003535,2024-10-18,CUST00246,Sydney,Prepaid,Recharge,Recharge $1,Mobile App,,1,Successful,
TXN003698,2024-10-18,CUST00133,Adelaide,Prepaid,Recharge,Recharge $1,Mobile App,,1,Successful,
TXN000142,2024-10-19,CUST00262,Perth,Prepaid,Recharge,Recharge $1,USSD,,1,Successful,
TXN000335,2024-10-19,CUST00855,Sydney,Postpaid,Recharge,Recharge $5,Agent,,5,Successful,
TXN000531,2024-10-19,CUST00774,Hobart,Prepaid,Data Bundle,Data 10GB Monthly,Web,10240,35,Successful,
TXN000662,2024-10-19,CUST00614,Adelaide,Prepaid,Recharge,Recharge $10,Web,,10,Successful,
TXN001285,2024-10-19,CUST00369,Melbourne,Prepaid,Recharge,Recharge $1,Web,,1,Successful,
TXN001471,2024-10-19,CUST00120,Brisbane,Prepaid,Data Bundle,Data 1GB Daily,Mobile App,1024,3.5,Successful,
TXN002879,2024-10-19,CUST00639,Sydney,Prepaid,Recharge,Recharge $10,Web,,0,Failed,
TXN002963,2024-10-19,CUST00412,Perth,Postpaid,Voice Bundle,Voice 300min,Mobile App,,11,Successful,
TXN002968,2024-10-19,CUST00212,Sydney,Prepaid,SMS Bundle,SMS 200,USSD,,0,Failed,
TXN003234,2024-10-19,CUST00328,Adelaide,Prepaid,Recharge,Recharge $1,Web,,1,Successful,
TXN003263,2024-10-19,CUST00396,Canberra,Prepaid,Recharge,Recharge $1,Agent,,1,Successful,imputed
TXN003264,2024-10-19,CUST00408,Brisbane,Prepaid,Data Bundle,Data 6GB Monthly,Agent,6144,25,Successful,
TXN000441,2024-10-20,CUST00846,Canberra,Prepaid,Data Bundle,Data 1GB Daily,Agent,1024,3.5,Successful,
TXN000505,2024-10-20,CUST00496,Melbourne,Prepaid,Recharge,Recharge $10,Agent,,10,Successful,
TXN001069,2024-10-20,CUST00718,Adelaide,Prepaid,SMS Bundle,SMS 200,Mobile App,,2.5,Successful,
TXN001171,2024-10-20,CUST00509,Sydney,Prepaid,Data Bundle,Data 1GB Daily,USSD,1024,3.5,Successful,
TXN001281,2024-10-20,CUST00453,Sydney,Prepaid,Recharge,Recharge $1,USSD,,0,Failed,
TXN001750,2024-10-20,CUST00394,Canberra,Prepaid,Data Bundle,Data 1GB Daily,Agent,1024,3.5,Successful,
TXN002309,2024-10-20,CUST00293,Unknown,Prepaid,SMS Bundle,SMS 200,USSD,,2.5,Successful,
TXN002433,2024-10-20,CUST00353,Sydney,Prepaid,Data Bundle,Data 10GB Monthly,Agent,10240,35,Successful,imputed
TXN002448,2024-10-20,CUST00547,Adelaide,Prepaid,Recharge,Recharge $1,Web,,1,Successful,
TXN002831,2024-10-20,CUST00110,Sydney,Prepaid,Recharge,Recharge $1,USSD,,1,Successful,
TXN002888,2024-10-20,CUST00712,Canberra,Prepaid,Data Bundle,Data 6GB Monthly,Mobile App,6144,25,Successful,
TXN002921,2024-10-20,CUST00020,Hobart,Prepaid,Data Bundle,Data 6GB Monthly,Mobile App,6144,25,Successful,
TXN003323,2024-10-20,CUST00842,Sydney,Postpaid,Recharge,Recharge $20,Agent,,-20,Reversed,
TXN003354,2024-10-20,CUST00802,Perth,Prepaid,Recharge,Recharge $5,USSD,,5,Successful,
TXN003429,2024-10-20,CUST00201,Melbourne,Prepaid,Recharge,Recharge $2,USSD,,2,Successful,
TXN003735,2024-10-20,CUST00313,Brisbane,Prepaid,Recharge,Recharge $5,Agent,,5,Successful,
TXN003971,2024-10-20,CUST00270,Unknown,Prepaid,Data Bundle,Data 1GB Daily,USSD,1024,0,Failed,imputed
TXN004079,2024-10-20,CUST00677,Canberra,Postpaid,Recharge,Recharge $20,Web,,20,Successful,
TXN004120,2024-10-20,CUST00499,Melbourne,Prepaid,Voice Bundle,Voice 300min,Mobile App,,11,Successful,
TXN000691,2024-10-21,CUST00775,Canberra,Prepaid,Recharge,Recharge $10,Web,,10,Successful,
TXN000846,2024-10-21,CUST00253,Sydney,Prepaid,Data Bundle,Data 1GB Daily,Mobile App,1024,3.5,Successful,
TXN001466,2024-10-21,CUST00130,Sydney,Postpaid,Voice Bundle,Voice 300min,Web,,-11,Reversed,
TXN001596,2024-10-21,CUST00401,Sydney,Prepaid,Data Bundle,Data 1GB Daily,Agent,1024,0,Failed,imputed
TXN002000,2024-10-21,CUST00028,Perth,Prepaid,Data Bundle,Data 2GB Weekly,Mobile App,2048,8,Successful,
TXN002197,2024-10-21,CUST00024,Sydney,Prepaid,Data Bundle,Data 6GB Monthly,Agent,6144,25,Successful,
TXN002456,2024-10-21,CUST00740,Brisbane,Postpaid,Data Bundle,Data 1GB Daily,Agent,1024,3.5,Successful,
TXN003021,2024-10-21,CUST00157,Sydney,Prepaid,SMS Bundle,SMS 200,USSD,,-2.5,Reversed,
TXN003244,2024-10-21,CUST00448,Sydney,Prepaid,Data Bundle,Data 1GB Daily,Mobile App,1024,3.5,Successful,
TXN003391,2024-10-21,CUST00511,Sydney,Prepaid,Recharge,Recharge $2,Agent,,0,Failed,
TXN003637,2024-10-21,CUST00002,Sydney,Prepaid,Recharge,Recharge $5,Web,,5,Successful,
TXN000607,2024-10-22,CUST00476,Perth,Postpaid,Recharge,Recharge $2,Mobile App,,-2,Reversed,
TXN001025,2024-10-22,CUST00772,Melbourne,Prepaid,Data Bundle,Data 40GB Monthly,USSD,40960,110,Successful,
TXN002847,2024-10-22,CUST00790,Sydney,Postpaid,SMS Bundle,SMS 200,Mobile App,,2.5,Successful,
TXN002915,2024-10-22,CUST00362,Adelaide,Prepaid,Recharge,Recharge $2,Agent,,2,Successful,
TXN003722,2024-10-22,CUST00549,Adelaide,Prepaid,Voice Bundle,Voice 100min,USSD,,4.5,Successful,
TXN004101,2024-10-22,CUST00520,Sydney,Prepaid,Recharge,Recharge $10,USSD,,10,Successful,
TXN000112,2024-10-23,CUST00528,Canberra,Prepaid,SMS Bundle,SMS 200,USSD,,2.5,Successful,
TXN000184,2024-10-23,CUST00182,Brisbane,Prepaid,Data Bundle,Data 40GB Monthly,USSD,40960,110,Successful,
TXN000279,2024-10-23,CUST00845,Adelaide,Prepaid,Data Bundle,Data 6GB Monthly,USSD,6144,0,Failed,
TXN000444,2024-10-23,CUST00023,Sydney,Prepaid,Data Bundle,Data 1GB Daily,Mobile App,1024,3.5,Successful,
TXN000490,2024-10-23,CUST00185,Sydney,Postpaid,Data Bundle,Data 1GB Daily,USSD,1024,-3.5,Reversed,
TXN000579,2024-10-23,CUST00284,Sydney,Postpaid,Data Bundle,Data 40GB Monthly,USSD,40960,-110,Reversed,
TXN000802,2024-10-23,CUST00161,Hobart,Postpaid,Data Bundle,Data 2GB Weekly,USSD,2048,8,Successful,
TXN001050,2024-10-23,CUST00852,Sydney,Prepaid,Data Bundle,Data 1GB Daily,USSD,1024,-3.5,Reversed,
TXN001218,2024-10-23,CUST00271,Adelaide,Postpaid,Data Bundle,Data 6GB Monthly,Mobile App,6144,25,Successful,
TXN001299,2024-10-23,CUST00397,Hobart,Postpaid,Data Bundle,Data 10GB Monthly,USSD,10240,35,Successful,
TXN001342,2024-10-23,CUST00270,Adelaide,Prepaid,Recharge,Recharge $1,Web,,1,Successful,
TXN001765,2024-10-23,CUST00658,Sydney,Prepaid,Data Bundle,Data 10GB Monthly,Web,10240,35,Successful,
TXN002015,2024-10-23,CUST00823,Melbourne,Prepaid,Recharge,Recharge $20,USSD,,20,Successful,
TXN002391,2024-10-23,CUST00103,Melbourne,Prepaid,Recharge,Recharge $1,USSD,,1,Successful,
TXN004026,2024-10-23,CUST00269,Sydney,Prepaid,Data Bundle,Data 1GB Daily,Mobile App,1024,3.5,Successful,
TXN004144,2024-10-23,CUST00704,Hobart,Prepaid,Recharge,Recharge $5,USSD,,5,Successful,imputed
TXN900001,2024-10-23,CUST00182,Brisbane,Prepaid,Data Bundle,Data 40GB Monthly,USSD,40960,110,Successful,
TXN000411,2024-10-24,CUST00129,Sydney,Prepaid,Recharge,Recharge $1,Mobile App,,0,Failed,
TXN000814,2024-10-24,CUST00400,Brisbane,Postpaid,SMS Bundle,SMS 200,USSD,,2.5,Successful,
TXN000909,2024-10-24,CUST00876,Sydney,Prepaid,Recharge,Recharge $2,Agent,,2,Successful,
TXN001064,2024-10-24,CUST00514,Sydney,Postpaid,Recharge,Recharge $2,USSD,,0,Failed,imputed
TXN001196,2024-10-24,CUST00170,Melbourne,Prepaid,Voice Bundle,Voice 100min,Agent,,4.5,Successful,
TXN001315,2024-10-24,CUST00802,Perth,Prepaid,Recharge,Recharge $1,Agent,,1,Successful,
TXN001509,2024-10-24,CUST00373,Sydney,Postpaid,Data Bundle,Data 2GB Weekly,Agent,2048,8,Successful,
TXN001518,2024-10-24,CUST00094,Hobart,Prepaid,Voice Bundle,Voice 100min,USSD,,4.5,Successful,
TXN001682,2024-10-24,CUST00634,Brisbane,Prepaid,Recharge,Recharge $1,Mobile App,,1,Successful,
TXN001852,2024-10-24,CUST00131,Unknown,Postpaid,Recharge,Recharge $10,USSD,,10,Successful,
TXN002001,2024-10-24,CUST00240,Hobart,Prepaid,Data Bundle,Data 10GB Monthly,Agent,10240,35,Successful,
TXN002020,2024-10-24,CUST00059,Sydney,Prepaid,Data Bundle,Data 2GB Weekly,Agent,2048,8,Successful,
TXN002191,2024-10-24,CUST00407,Sydney,Prepaid,Recharge,Recharge $2,USSD,,0,Failed,
TXN002688,2024-10-24,CUST00773,Brisbane,Postpaid,Voice Bundle,Voice 100min,Mobile App,,4.5,Successful,
TXN003187,2024-10-24,CUST00840,Brisbane,Prepaid,Data Bundle,Data 10GB Monthly,Mobile App,10240,-35,Reversed,
TXN004107,2024-10-24,CUST00699,Perth,Prepaid,Recharge,Recharge $1,Mobile App,,1,Successful,
TXN004166,2024-10-24,CUST00816,Sydney,Prepaid,Data Bundle,Data 6GB Monthly,Web,6144,25,Successful,
TXN000101,2024-10-25,CUST00580,Adelaide,Prepaid,Recharge,Recharge $20,Agent,,20,Successful,
TXN000124,2024-10-25,CUST00392,Perth,Prepaid,SMS Bundle,SMS 200,USSD,,2.5,Successful,
TXN000242,2024-10-25,CUST00502,Brisbane,Postpaid,Data Bundle,Data 6GB Monthly,Web,6144,25,Successful,
TXN000695,2024-10-25,CUST00677,Canberra,Postpaid,Data Bundle,Data 2GB Weekly,Web,2048,8,Successful,
TXN000739,2024-10-25,CUST00529,Melbourne,Prepaid,Recharge,Recharge $1,Web,,1,Successful,
TXN000778,2024-10-25,CUST00602,Brisbane,Prepaid,Data Bundle,Data 1GB Daily,Mobile App,1024,3.5,Successful,
TXN000916,2024-10-25,CUST00703,Melbourne,Prepaid,Recharge,Recharge $5,USSD,,5,Successful,imputed
TXN001381,2024-10-25,CUST00517,Perth,Prepaid,Recharge,Recharge $1,Mobile App,,1,Successful,
TXN001528,2024-10-25,CUST00199,Melbourne,Prepaid,Recharge,Recharge $5,Web,,5,Successful,
TXN001944,2024-10-25,CUST00798,Brisbane,Prepaid,Recharge,Recharge $1,USSD,,1,Successful,
TXN001945,2024-10-25,CUST00513,Sydney,Postpaid,Data Bundle,Data 2GB Weekly,Agent,2048,8,Successful,
TXN002098,2024-10-25,CUST00144,Hobart,Prepaid,Recharge,Recharge $1,USSD,,1,Successful,
TXN002238,2024-10-25,CUST00841,Brisbane,Prepaid,Data Bundle,Data 2GB Weekly,USSD,2048,8,Successful,
TXN002334,2024-10-25,CUST00432,Perth,Postpaid,Recharge,Recharge $5,Web,,5,Successful,
TXN002811,2024-10-25,CUST00701,Sydney,Prepaid,Recharge,Recharge $20,Agent,,0,Failed,imputed
TXN003141,2024-10-25,CUST00772,Melbourne,Prepaid,Recharge,Recharge $5,USSD,,5,Successful,
TXN003252,2024-10-25,CUST00131,Hobart,Postpaid,Voice Bundle,Voice 300min,Mobile App,,11,Successful,
TXN000007,2024-10-26,CUST00015,Hobart,Prepaid,Data Bundle,Data 2GB Weekly,Web,2048,8,Successful,
TXN000315,2024-10-26,CUST00140,Sydney,Prepaid,SMS Bundle,SMS 200,Agent,,0,Failed,
TXN000730,2024-10-26,CUST00862,Melbourne,Postpaid,Voice Bundle,Voice 300min,Agent,,11,Successful,
TXN001382,2024-10-26,CUST00098,Melbourne,Postpaid,Voice Bundle,Voice 100min,Agent,,4.5,Successful,
TXN001492,2024-10-26,CUST00024,Sydney,Prepaid,Data Bundle,Data 1GB Daily,Mobile App,1024,3.5,Successful,
TXN001820,2024-10-26,CUST00235,Perth,Prepaid,Recharge,Recharge $1,Mobile App,,1,Successful,
TXN001897,2024-10-26,CUST00272,Sydney,Prepaid,Recharge,Recharge $10,Web,,10,Successful,
TXN002973,2024-10-26,CUST00675,Melbourne,Prepaid,Recharge,Recharge $2,USSD,,2,Successful,
TXN003647,2024-10-26,CUST00457,Sydney,Prepaid,Data Bundle,Data 10GB Monthly,Mobile App,10240,0,Failed,
TXN000735,2024-10-27,CUST00483,Sydney,Prepaid,Recharge,Recharge $10,USSD,,10,Successful,imputed
TXN001347,2024-10-27,CUST00742,Sydney,Prepaid,Recharge,Recharge $2,Agent,,0,Failed,
TXN001979,2024-10-27,CUST00063,Sydney,Prepaid,Recharge,Recharge $10,Web,,-10,Reversed,
TXN003170,2024-10-27,CUST00524,Sydney,Prepaid,Data Bundle,Data 10GB Monthly,Web,10240,0,Failed,imputed
TXN003228,2024-10-27,CUST00339,Adelaide,Postpaid,Data Bundle,Data 6GB Monthly,USSD,6144,25,Successful,
TXN003733,2024-10-27,CUST00406,Melbourne,Prepaid,Data Bundle,Data 6GB Monthly,Web,6144,25,Successful,
TXN001006,2024-10-28,CUST00150,Sydney,Postpaid,Data Bundle,Data 6GB Monthly,USSD,6144,-25,Reversed,
TXN001009,2024-10-28,CUST00718,Adelaide,Prepaid,Recharge,Recharge $20,Mobile App,,20,Successful,
TXN001015,2024-10-28,CUST00695,Sydney,Prepaid,SMS Bundle,SMS 200,Mobile App,,2.5,Successful,
TXN001023,2024-10-28,CUST00066,Sydney,Prepaid,Recharge,Recharge $10,Web,,10,Successful,
TXN001334,2024-10-28,CUST00552,Melbourne,Prepaid,Recharge,Recharge $1,Web,,1,Successful,
TXN001460,2024-10-28,CUST00545,Melbourne,Prepaid,Recharge,Recharge $2,Agent,,2,Successful,
TXN001813,2024-10-28,CUST00566,Perth,Prepaid,Data Bundle,Data 1GB Daily,Mobile App,1024,-3.5,Reversed,
TXN001959,2024-10-28,CUST00190,Sydney,Postpaid,Data Bundle,Data 2GB Weekly,USSD,2048,8,Successful,
TXN003248,2024-10-28,CUST00379,Brisbane,Prepaid,Recharge,Recharge $1,Web,,1,Successful,
TXN003745,2024-10-28,CUST00329,Sydney,Prepaid,Data Bundle,Data 2GB Weekly,USSD,2048,8,Successful,
TXN003852,2024-10-28,CUST00034,Sydney,Prepaid,Data Bundle,Data 1GB Daily,Agent,1024,3.5,Successful,
TXN000143,2024-11-01,CUST00046,Sydney,Prepaid,Recharge,Recharge $10,Mobile App,,10,Successful,
TXN000341,2024-11-01,CUST00663,Adelaide,Prepaid,Recharge,Recharge $1,Mobile App,,1,Successful,imputed
TXN000977,2024-11-01,CUST00173,Sydney,Postpaid,Data Bundle,Data 40GB Monthly,Web,40960,110,Successful,
TXN001149,2024-11-01,CUST00717,Perth,Prepaid,Recharge,Recharge $1,Web,,1,Successful,
TXN001650,2024-11-01,CUST00834,Perth,Prepaid,SMS Bundle,SMS 200,USSD,,2.5,Successful,imputed
TXN002018,2024-11-01,CUST00884,Sydney,Postpaid,Recharge,Recharge $5,USSD,,5,Successful,
TXN002273,2024-11-01,CUST00799,Sydney,Prepaid,Voice Bundle,Voice 100min,Agent,,-4.5,Reversed,
TXN003303,2024-11-01,CUST00114,Brisbane,Postpaid,Data Bundle,Data 10GB Monthly,Mobile App,10240,35,Successful,
TXN003615,2024-11-01,CUST00349,Perth,Postpaid,Recharge,Recharge $20,Agent,,20,Successful,
TXN000191,2024-11-02,CUST00076,Canberra,Prepaid,Recharge,Recharge $5,USSD,,5,Successful,
TXN000334,2024-11-02,CUST00466,Sydney,Prepaid,Recharge,Recharge $1,Agent,,1,Successful,
TXN001611,2024-11-02,CUST00588,Sydney,Prepaid,Data Bundle,Data 10GB Monthly,Web,10240,35,Successful,
TXN001851,2024-11-02,CUST00779,Sydney,Prepaid,Recharge,Recharge $1,Agent,,0,Failed,
TXN002778,2024-11-02,CUST00118,Sydney,Prepaid,Recharge,Recharge $2,Web,,0,Failed,
TXN002886,2024-11-02,CUST00353,Sydney,Prepaid,Voice Bundle,Voice 100min,Agent,,0,Failed,
TXN003376,2024-11-02,CUST00147,Perth,Prepaid,Recharge,Recharge $1,Web,,1,Successful,
TXN000309,2024-11-03,CUST00663,Adelaide,Prepaid,Recharge,Recharge $2,Agent,,2,Successful,
TXN000767,2024-11-03,CUST00790,Sydney,Postpaid,Recharge,Recharge $10,Web,,10,Successful,
TXN002056,2024-11-03,CUST00138,Sydney,Prepaid,Recharge,Recharge $1,Agent,,0,Failed,
TXN002269,2024-11-03,CUST00639,Sydney,Prepaid,Recharge,Recharge $2,Mobile App,,2,Successful,
TXN002371,2024-11-03,CUST00424,Melbourne,Prepaid,Data Bundle,Data 2GB Weekly,Web,2048,8,Successful,imputed
TXN002496,2024-11-03,CUST00886,Sydney,Prepaid,Data Bundle,Data 1GB Daily,Web,1024,-3.5,Reversed,
TXN002518,2024-11-03,CUST00317,Sydney,Prepaid,Recharge,Recharge $2,Web,,2,Successful,
TXN003583,2024-11-03,CUST00572,Melbourne,Prepaid,Data Bundle,Data 40GB Monthly,Agent,40960,110,Successful,
TXN003790,2024-11-03,CUST00816,Sydney,Prepaid,Data Bundle,Data 2GB Weekly,Mobile App,2048,-8,Reversed,
TXN003867,2024-11-03,CUST00675,Melbourne,Prepaid,Voice Bundle,Voice 100min,Mobile App,,4.5,Successful,
TXN003880,2024-11-03,CUST00331,Brisbane,Prepaid,Recharge,Recharge $2,Web,,2,Successful,
TXN000697,2024-11-04,CUST00441,Sydney,Prepaid,Recharge,Recharge $5,Web,,5,Successful,
TXN000711,2024-11-04,CUST00735,Unknown,Prepaid,Recharge,Recharge $5,Web,,5,Successful,
TXN001166,2024-11-04,CUST00515,Sydney,Prepaid,Data Bundle,Data 2GB Weekly,Web,2048,8,Successful,
TXN001170,2024-11-04,CUST00090,Melbourne,Prepaid,Recharge,Recharge $1,USSD,,1,Successful,
TXN001173,2024-11-04,CUST00201,Unknown,Prepaid,Voice Bundle,Voice 300min,Web,,11,Successful,
TXN001587,2024-11-04,CUST00469,Brisbane,Postpaid,Recharge,Recharge $20,Agent,,20,Successful,
TXN002295,2024-11-04,CUST00165,Adelaide,Postpaid,Recharge,Recharge $20,Web,,20,Successful,
TXN002590,2024-11-04,CUST00182,Brisbane,Prepaid,Recharge,Recharge $1,USSD,,1,Successful,
TXN003114,2024-11-04,CUST00677,Canberra,Postpaid,Recharge,Recharge $10,Mobile App,,10,Successful,imputed
TXN003835,2024-11-04,CUST00424,Melbourne,Prepaid,Recharge,Recharge $20,Web,,20,Successful,
TXN004084,2024-11-04,CUST00040,Sydney,Prepaid,Voice Bundle,Voice 300min,USSD,,0,Failed,
TXN000033,2024-11-05,CUST00308,Brisbane,Prepaid,Recharge,Recharge $1,Web,,1,Successful,
TXN000109,2024-11-05,CUST00284,Sydney,Postpaid,Recharge,Recharge $5,Agent,,0,Failed,imputed
TXN000160,2024-11-05,CUST00856,Brisbane,Prepaid,Recharge,Recharge $2,USSD,,2,Successful,
TXN000324,2024-11-05,CUST00284,Sydney,Postpaid,Recharge,Recharge $20,Web,,20,Successful,
TXN000396,2024-11-05,CUST00189,Perth,Prepaid,Data Bundle,Data 2GB Weekly,USSD,2048,8,Successful,
TXN000413,2024-11-05,CUST00083,Hobart,Prepaid,Data Bundle,Data 6GB Monthly,Web,6144,25,Successful,
TXN000431,2024-11-05,CUST00045,Sydney,Prepaid,Recharge,Recharge $1,Mobile App,,0,Failed,
TXN000577,2024-11-05,CUST00089,Sydney,Prepaid,Data Bundle,Data 6GB Monthly,Mobile App,6144,25,Successful,
TXN001271,2024-11-05,CUST00427,Sydney,Prepaid,Recharge,Recharge $10,USSD,,10,Successful,
TXN001635,2024-11-05,CUST00489,Sydney,Postpaid,Recharge,Recharge $20,Agent,,20,Successful,
TXN001828,2024-11-05,CUST00311,Sydney,Prepaid,Recharge,Recharge $2,Mobile App,,2,Successful,
TXN001980,2024-11-05,CUST00114,Brisbane,Postpaid,Recharge,Recharge $5,Web,,5,Successful,
TXN002366,2024-11-05,CUST00055,Melbourne,Postpaid,Recharge,Recharge $1,Web,,0,Failed,imputed
TXN002657,2024-11-05,CUST00698,Adelaide,Prepaid,Recharge,Recharge $5,Agent,,5,Successful,
TXN002751,2024-11-05,CUST00635,Sydney,Prepaid,Recharge,Recharge $5,Mobile App,,0,Failed,
TXN002822,2024-11-05,CUST00199,Melbourne,Prepaid,Recharge,Recharge $10,USSD,,10,Successful,
TXN003286,2024-11-05,CUST00868,Perth,Prepaid,Recharge,Recharge $10,Mobile App,,10,Successful,
TXN003423,2024-11-05,CUST00734,Hobart,Prepaid,Data Bundle,Data 2GB Weekly,USSD,2048,8,Successful,
TXN003433,2024-11-05,CUST00726,Sydney,Prepaid,Recharge,Recharge $1,Web,,0,Failed,imputed
TXN003526,2024-11-05,CUST00235,Perth,Prepaid,Data Bundle,Data 1GB Daily,USSD,1024,3.5,Successful,
TXN003950,2024-11-05,CUST00013,Canberra,Prepaid,Recharge,Recharge $1,Agent,,1,Successful,
TXN004028,2024-11-05,CUST00016,Adelaide,Prepaid,Data Bundle,Data 1GB Daily,Mobile App,1024,0,Failed,imputed
TXN900029,2024-11-05,CUST00856,Brisbane,Prepaid,Recharge,Recharge $2,USSD,,2,Successful,
TXN000240,2024-11-06,CUST00324,Hobart,Prepaid,Recharge,Recharge $5,Agent,,5,Successful,
TXN000930,2024-11-06,CUST00246,Sydney,Prepaid,Data Bundle,Data 1GB Daily,USSD,1024,-3.5,Reversed,
TXN001430,2024-11-06,CUST00280,Adelaide,Prepaid,Data Bundle,Data 2GB Weekly,Web,2048,8,Successful,
TXN001451,2024-11-06,CUST00228,Sydney,Prepaid,Recharge,Recharge $5,USSD,,5,Successful,
TXN002104,2024-11-06,CUST00210,Hobart,Prepaid,Recharge,Recharge $1,Web,,1,Successful,
TXN002389,2024-11-06,CUST00220,Melbourne,Postpaid,Data Bundle,Data 10GB Monthly,Agent,10240,35,Successful,
TXN002917,2024-11-06,CUST00093,Melbourne,Prepaid,Voice Bundle,Voice 300min,Mobile App,,-11,Reversed,
TXN003510,2024-11-06,CUST00264,Canberra,Prepaid,Recharge,Recharge $20,Web,,20,Successful,
TXN003899,2024-11-06,CUST00460,Perth,Prepaid,Data Bundle,Data 1GB Daily,Agent,1024,3.5,Successful,
TXN000105,2024-11-07,CUST00795,Melbourne,Postpaid,Data Bundle,Data 10GB Monthly,Web,10240,35,Successful,
TXN001341,2024-11-07,CUST00648,Melbourne,Prepaid,Recharge,Recharge $10,Web,,10,Successful,
TXN001754,2024-11-07,CUST00844,Canberra,Prepaid,Recharge,Recharge $1,Mobile App,,1,Successful,
TXN002543,2024-11-07,CUST00035,Unknown,Prepaid,Recharge,Recharge $5,Mobile App,,-5,Reversed,
TXN003397,2024-11-07,CUST00554,Perth,Postpaid,Data Bundle,Data 2GB Weekly,USSD,2048,8,Successful,imputed
TXN003427,2024-11-07,CUST00537,Brisbane,Prepaid,Recharge,Recharge $2,Agent,,0,Failed,
TXN003573,2024-11-07,CUST00588,Sydney,Prepaid,Data Bundle,Data 2GB Weekly,USSD,2048,8,Successful,imputed
TXN004047,2024-11-07,CUST00748,Canberra,Postpaid,Data Bundle,Data 40GB Monthly,Agent,40960,110,Successful,imputed
TXN000047,2024-11-08,CUST00141,Perth,Prepaid,Recharge,Recharge $2,Web,,2,Successful,
TXN000497,2024-11-08,CUST00623,Sydney,Postpaid,Data Bundle,Data 10GB Monthly,Web,10240,35,Successful,
TXN000725,2024-11-08,CUST00509,Sydney,Prepaid,Data Bundle,Data 6GB Monthly,Web,6144,-25,Reversed,
TXN001918,2024-11-08,CUST00429,Adelaide,Prepaid,Recharge,Recharge $5,Mobile App,,5,Successful,
TXN001961,2024-11-08,CUST00597,Sydney,Prepaid,Recharge,Recharge $5,USSD,,5,Successful,
TXN002222,2024-11-08,CUST00436,Brisbane,Prepaid,Data Bundle,Data 40GB Monthly,Agent,40960,110,Successful,
TXN002431,2024-11-08,CUST00713,Melbourne,Prepaid,Recharge,Recharge $2,Mobile App,,2,Successful,
TXN002651,2024-11-08,CUST00869,Canberra,Prepaid,Recharge,Recharge $5,USSD,,5,Successful,
TXN002805,2024-11-08,CUST00005,Melbourne,Prepaid,Recharge,Recharge $1,Web,,1,Successful,
TXN003050,2024-11-08,CUST00167,Adelaide,Prepaid,Recharge,Recharge $1,Web,,1,Successful,imputed
TXN003159,2024-11-08,CUST00156,Hobart,Prepaid,Data Bundle,Data 10GB Monthly,Web,10240,-35,Reversed,
TXN003185,2024-11-08,CUST00895,Melbourne,Prepaid,Data Bundle,Data 10GB Monthly,Agent,10240,35,Successful,
TXN003370,2024-11-08,CUST00456,Melbourne,Postpaid,Voice Bundle,Voice 100min,Agent,,4.5,Successful,
TXN003512,2024-11-08,CUST00618,Brisbane,Prepaid,Data Bundle,Data 40GB Monthly,Agent,40960,110,Successful,
TXN003531,2024-11-08,CUST00761,Sydney,Prepaid,Data Bundle,Data 1GB Daily,Mobile App,1024,0,Failed,
TXN003777,2024-11-08,CUST00593,Sydney,Prepaid,Data Bundle,Data 6GB Monthly,Web,6144,25,Successful,
TXN000140,2024-11-09,CUST00344,Brisbane,Prepaid,Recharge,Recharge $2,USSD,,2,Successful,
TXN000221,2024-11-09,CUST00168,Hobart,Postpaid,Data Bundle,Data 10GB Monthly,Web,10240,35,Successful,
TXN000746,2024-11-09,CUST00883,Sydney,Prepaid,Recharge,Recharge $20,Mobile App,,0,Failed,imputed
TXN000756,2024-11-09,CUST00628,Hobart,Prepaid,Recharge,Recharge $10,Web,,10,Successful,
TXN001090,2024-11-09,CUST00723,Perth,Postpaid,Data Bundle,Data 1GB Daily,Agent,1024,3.5,Successful,
TXN001310,2024-11-09,CUST00511,Sydney,Prepaid,Recharge,Recharge $5,USSD,,5,Successful,
TXN001420,2024-11-09,CUST00100,Canberra,Postpaid,Data Bundle,Data 6GB Monthly,Agent,6144,0,Failed,
TXN001673,2024-11-09,CUST00292,Adelaide,Prepaid,Recharge,Recharge $1,Mobile App,,1,Successful,
TXN002313,2024-11-09,CUST00253,Sydney,Prepaid,Data Bundle,Data 1GB Daily,Mobile App,1024,0,Failed,
TXN002462,2024-11-09,CUST00465,Perth,Prepaid,Recharge,Recharge $5,USSD,,5,Successful,
TXN002713,2024-11-09,CUST00860,Adelaide,Prepaid,Data Bundle,Data 10GB Monthly,Mobile App,10240,35,Successful,
TXN002790,2024-11-09,CUST00157,Sydney,Prepaid,Data Bundle,Data 1GB Daily,Web,1024,3.5,Successful,
TXN002900,2024-11-09,CUST00323,Hobart,Prepaid,Recharge,Recharge $2,Agent,,2,Successful,
TXN003180,2024-11-09,CUST00728,Brisbane,Postpaid,Data Bundle,Data 1GB Daily,Mobile App,1024,3.5,Successful,
TXN003215,2024-11-09,CUST00385,Sydney,Postpaid,Data Bundle,Data 6GB Monthly,Agent,6144,0,Failed,
TXN003794,2024-11-09,CUST00703,Melbourne,Prepaid,Recharge,Recharge $1,Agent,,1,Successful,
TXN004127,2024-11-09,CUST00599,Brisbane,Postpaid,Recharge,Recharge $1,Web,,1,Successful,
TXN004178,2024-11-09,CUST00673,Adelaide,Prepaid,Data Bundle,Data 1GB Daily,Mobile App,1024,3.5,Successful,
TXN900010,2024-11-09,CUST00628,Hobart,Prepaid,Recharge,Recharge $10,Web,,10,Successful,
TXN900035,2024-11-09,CUST00860,Adelaide,Prepaid,Data Bundle,Data 10GB Monthly,Mobile App,10240,35,Successful,
TXN000129,2024-11-10,CUST00869,Canberra,Prepaid,Data Bundle,Data 1GB Daily,Web,1024,3.5,Successful,
TXN000816,2024-11-10,CUST00248,Sydney,Prepaid,SMS Bundle,SMS 200,USSD,,0,Failed,
TXN001046,2024-11-10,CUST00651,Adelaide,Prepaid,Recharge,Recharge $5,USSD,,-5,Reversed,
TXN001445,2024-11-10,CUST00206,Adelaide,Prepaid,Recharge,Recharge $2,Web,,2,Successful,
TXN002402,2024-11-10,CUST00584,Melbourne,Prepaid,SMS Bundle,SMS 200,Mobile App,,2.5,Successful,
TXN002542,2024-11-10,CUST00050,Canberra,Postpaid,Voice Bundle,Voice 100min,Mobile App,,4.5,Successful,
TXN002936,2024-11-10,CUST00043,Melbourne,Prepaid,Recharge,Recharge $10,Agent,,10,Successful,
TXN002981,2024-11-10,CUST00667,Melbourne,Prepaid,Data Bundle,Data 1GB Daily,USSD,1024,3.5,Successful,
TXN003382,2024-11-10,CUST00120,Brisbane,Prepaid,Recharge,Recharge $1,Mobile App,,0,Failed,
TXN000156,2024-11-11,CUST00718,Adelaide,Prepaid,Recharge,Recharge $2,Mobile App,,-2,Reversed,
TXN000165,2024-11-11,CUST00868,Perth,Prepaid,SMS Bundle,SMS 200,Web,,0,Failed,
TXN000179,2024-11-11,CUST00822,Sydney,Prepaid,Recharge,Recharge $2,Mobile App,,2,Successful,
TXN000534,2024-11-11,CUST00808,Melbourne,Prepaid,Recharge,Recharge $1,Agent,,1,Successful,
TXN001035,2024-11-11,CUST00430,Sydney,Prepaid,Recharge,Recharge $1,USSD,,1,Successful,
TXN003139,2024-11-11,CUST00139,Sydney,Prepaid,Recharge,Recharge $2,Web,,0,Failed,
TXN004036,2024-11-11,CUST00088,Adelaide,Prepaid,Data Bundle,Data 1GB Daily,USSD,1024,3.5,Successful,
TXN000663,2024-11-12,CUST00711,Unknown,Prepaid,Data Bundle,Data 1GB Daily,Mobile App,1024,3.5,Successful,
TXN000986,2024-11-12,CUST00323,Hobart,Prepaid,Recharge,Recharge $5,Agent,,-5,Reversed,
TXN001110,2024-11-12,CUST00640,Adelaide,Prepaid,Voice Bundle,Voice 300min,Agent,,11,Successful,
TXN001472,2024-11-12,CUST00711,Brisbane,Prepaid,Recharge,Recharge $2,Agent,,2,Successful,
TXN001555,2024-11-12,CUST00789,Adelaide,Prepaid,Data Bundle,Data 1GB Daily,Mobile App,1024,3.5,Successful,
TXN001688,2024-11-12,CUST00264,Canberra,Prepaid,Recharge,Recharge $10,USSD,,10,Successful,
TXN002229,2024-11-12,CUST00833,Melbourne,Postpaid,Data Bundle,Data 2GB Weekly,Web,2048,8,Successful,
TXN002370,2024-11-12,CUST00886,Sydney,Prepaid,Recharge,Recharge $2,USSD,,2,Successful,
TXN002582,2024-11-12,CUST00083,Unknown,Prepaid,Recharge,Recharge $2,USSD,,2,Successful,
TXN003060,2024-11-12,CUST00445,Melbourne,Prepaid,Data Bundle,Data 6GB Monthly,USSD,6144,25,Successful,
TXN001376,2024-11-13,CUST00161,Hobart,Postpaid,Recharge,Recharge $20,Agent,,20,Successful,
TXN002074,2024-11-13,CUST00597,Sydney,Prepaid,Data Bundle,Data 1GB Daily,Web,1024,3.5,Successful,
TXN002233,2024-11-13,CUST00261,Canberra,Prepaid,Recharge,Recharge $2,USSD,,2,Successful,
TXN002336,2024-11-13,CUST00469,Brisbane,Postpaid,Data Bundle,Data 1GB Daily,Agent,1024,3.5,Successful,
TXN002378,2024-11-13,CUST00326,Sydney,Prepaid,Recharge,Recharge $5,USSD,,5,Successful,
TXN002827,2024-11-13,CUST00306,Perth,Prepaid,Recharge,Recharge $20,Mobile App,,0,Failed,imputed
TXN002889,2024-11-13,CUST00302,Melbourne,Prepaid,Recharge,Recharge $10,USSD,,0,Failed,imputed
TXN002985,2024-11-13,CUST00176,Canberra,Prepaid,Recharge,Recharge $1,Mobile App,,0,Failed,imputed
TXN003444,2024-11-13,CUST00508,Adelaide,Prepaid,Data Bundle,Data 6GB Monthly,Mobile App,6144,25,Successful,
TXN003741,2024-11-13,CUST00766,Sydney,Postpaid,Recharge,Recharge $5,Agent,,0,Failed,imputed
TXN003896,2024-11-13,CUST00189,Perth,Prepaid,Recharge,Recharge $1,Agent,,1,Successful,
TXN000283,2024-11-14,CUST00517,Perth,Prepaid,Data Bundle,Data 2GB Weekly,Web,2048,8,Successful,
TXN000355,2024-11-14,CUST00268,Perth,Prepaid,Data Bundle,Data 1GB Daily,Web,1024,3.5,Successful,
TXN001048,2024-11-14,CUST00828,Brisbane,Prepaid,SMS Bundle,SMS 200,Web,,2.5,Successful,
TXN001194,2024-11-14,CUST00764,Sydney,Prepaid,Voice Bundle,Voice 300min,Mobile App,,-11,Reversed,
TXN001328,2024-11-14,CUST00850,Melbourne,Prepaid,Recharge,Recharge $10,USSD,,10,Successful,
TXN001901,2024-11-14,CUST00232,Sydney,Prepaid,Recharge,Recharge $5,Web,,5,Successful,
TXN002005,2024-11-14,CUST00701,Sydney,Prepaid,Data Bundle,Data 6GB Monthly,Mobile App,6144,0,Failed,imputed
TXN002126,2024-11-14,CUST00679,Sydney,Prepaid,Data Bundle,Data 2GB Weekly,Agent,2048,-8,Reversed,
TXN002880,2024-11-14,CUST00309,Adelaide,Prepaid,SMS Bundle,SMS 200,USSD,,2.5,Successful,
TXN003125,2024-11-14,CUST00588,Sydney,Prepaid,Recharge,Recharge $10,Web,,0,Failed,
TXN003856,2024-11-14,CUST00571,Adelaide,Prepaid,Data Bundle,Data 2GB Weekly,Web,2048,8,Successful,
TXN003904,2024-11-14,CUST00308,Brisbane,Prepaid,Data Bundle,Data 10GB Monthly,Mobile App,10240,35,Successful,
TXN004077,2024-11-14,CUST00121,Melbourne,Prepaid,Voice Bundle,Voice 100min,Mobile App,,4.5,Successful,
TXN000272,2024-11-15,CUST00091,Perth,Prepaid,SMS Bundle,SMS 200,USSD,,2.5,Successful,
TXN000338,2024-11-15,CUST00514,Sydney,Postpaid,Recharge,Recharge $2,Mobile App,,2,Successful,
TXN001198,2024-11-15,CUST00648,Melbourne,Prepaid,Recharge,Recharge $1,Web,,1,Successful,
TXN001266,2024-11-15,CUST00026,Melbourne,Prepaid,Voice Bundle,Voice 300min,Web,,11,Successful,imputed
TXN001736,2024-11-15,CUST00475,Canberra,Postpaid,Recharge,Recharge $5,Web,,5,Successful,
TXN001885,2024-11-15,CUST00381,Adelaide,Prepaid,SMS Bundle,SMS 200,Mobile App,,2.5,Successful,
TXN002152,2024-11-15,CUST00244,Melbourne,Prepaid,Recharge,Recharge $1,Mobile App,,1,Successful,
TXN002316,2024-11-15,CUST00733,Sydney,Prepaid,Recharge,Recharge $5,Web,,5,Successful,
TXN002860,2024-11-15,CUST00768,Hobart,Prepaid,Recharge,Recharge $2,Mobile App,,2,Successful,
TXN002966,2024-11-15,CUST00792,Sydney,Prepaid,Data Bundle,Data 6GB Monthly,Web,6144,25,Successful,
TXN002982,2024-11-15,CUST00677,Canberra,Postpaid,Data Bundle,Data 2GB Weekly,Agent,2048,8,Successful,imputed
TXN003571,2024-11-15,CUST00376,Sydney,Postpaid,Voice Bundle,Voice 300min,Web,,11,Successful,
TXN003844,2024-11-15,CUST00764,Sydney,Prepaid,Data Bundle,Data 6GB Monthly,Web,6144,0,Failed,imputed
TXN000172,2024-11-16,CUST00060,Brisbane,Prepaid,Data Bundle,Data 6GB Monthly,Mobile App,6144,25,Successful,imputed
TXN000203,2024-11-16,CUST00587,Sydney,Prepaid,Recharge,Recharge $10,USSD,,10,Successful,
TXN000481,2024-11-16,CUST00189,Perth,Prepaid,Recharge,Recharge $2,Web,,2,Successful,imputed
TXN000608,2024-11-16,CUST00702,Melbourne,Prepaid,Recharge,Recharge $2,USSD,,2,Successful,
TXN000660,2024-11-16,CUST00656,Sydney,Prepaid,Data Bundle,Data 2GB Weekly,Mobile App,2048,-8,Reversed,
TXN000770,2024-11-16,CUST00457,Sydney,Prepaid,Data Bundle,Data 1GB Daily,Web,1024,0,Failed,imputed
TXN000961,2024-11-16,CUST00279,Sydney,Postpaid,Data Bundle,Data 1GB Daily,Web,1024,0,Failed,
TXN001039,2024-11-16,CUST00603,Melbourne,Prepaid,Recharge,Recharge $5,Agent,,5,Successful,
TXN001083,2024-11-16,CUST00759,Brisbane,Prepaid,Voice Bundle,Voice 100min,Mobile App,,4.5,Successful,
TXN001487,2024-11-16,CUST00231,Sydney,Prepaid,Data Bundle,Data 10GB Monthly,Mobile App,10240,35,Successful,
TXN001749,2024-11-16,CUST00833,Melbourne,Postpaid,Voice Bundle,Voice 300min,USSD,,11,Successful,
TXN003013,2024-11-16,CUST00651,Adelaide,Prepaid,Data Bundle,Data 1GB Daily,Agent,1024,3.5,Successful,
TXN003276,2024-11-16,CUST00073,Melbourne,Prepaid,Recharge,Recharge $1,USSD,,1,Successful,
TXN000219,2024-11-17,CUST00378,Canberra,Prepaid,Voice Bundle,Voice 300min,Mobile App,,11,Successful,
TXN000267,2024-11-17,CUST00686,Sydney,Prepaid,Data Bundle,Data 2GB Weekly,Mobile App,2048,0,Failed,
TXN000347,2024-11-17,CUST00536,Brisbane,Prepaid,Data Bundle,Data 10GB Monthly,Mobile App,10240,35,Successful,
TXN001590,2024-11-17,CUST00577,Perth,Prepaid,Data Bundle,Data 1GB Daily,Mobile App,1024,3.5,Successful,
TXN001638,2024-11-17,CUST00584,Unknown,Prepaid,Data Bundle,Data 6GB Monthly,Agent,6144,25,Successful,
TXN001771,2024-11-17,CUST00596,Perth,Prepaid,Recharge,Recharge $2,Agent,,2,Successful,
TXN002156,2024-11-17,CUST00241,Melbourne,Prepaid,Data Bundle,Data 6GB Monthly,Mobile App,6144,25,Successful,
TXN002664,2024-11-17,CUST00246,Sydney,Prepaid,Recharge,Recharge $10,Web,,0,Failed,
TXN002800,2024-11-17,CUST00513,Sydney,Postpaid,Recharge,Recharge $2,Web,,2,Successful,
TXN002821,2024-11-17,CUST00477,Canberra,Postpaid,Recharge,Recharge $5,Agent,,5,Successful,
TXN002859,2024-11-17,CUST00248,Sydney,Prepaid,Data Bundle,Data 40GB Monthly,Web,40960,110,Successful,
TXN000326,2024-11-18,CUST00880,Adelaide,Prepaid,Data Bundle,Data 6GB Monthly,USSD,6144,25,Successful,
TXN001129,2024-11-18,CUST00189,Perth,Prepaid,Recharge,Recharge $1,Web,,1,Successful,
TXN001373,2024-11-18,CUST00587,Sydney,Prepaid,Data Bundle,Data 1GB Daily,Agent,1024,3.5,Successful,
TXN001498,2024-11-18,CUST00267,Brisbane,Prepaid,Data Bundle,Data 6GB Monthly,USSD,6144,25,Successful,imputed
TXN002070,2024-11-18,CUST00489,Sydney,Postpaid,Data Bundle,Data 2GB Weekly,Mobile App,2048,8,Successful,
TXN002376,2024-11-18,CUST00416,Hobart,Prepaid,Data Bundle,Data 6GB Monthly,Mobile App,6144,25,Successful,
TXN002750,2024-11-18,CUST00449,Melbourne,Prepaid,Recharge,Recharge $1,Agent,,0,Failed,imputed
TXN003419,2024-11-18,CUST00784,Brisbane,Prepaid,Recharge,Recharge $2,Web,,2,Successful,
TXN004005,2024-11-18,CUST00675,Melbourne,Prepaid,Recharge,Recharge $1,Mobile App,,1,Successful,
TXN001286,2024-11-19,CUST00195,Canberra,Prepaid,Recharge,Recharge $5,Mobile App,,5,Successful,imputed
TXN001647,2024-11-19,CUST00029,Sydney,Prepaid,Data Bundle,Data 40GB Monthly,Mobile App,40960,110,Successful,
TXN001844,2024-11-19,CUST00210,Unknown,Prepaid,Recharge,Recharge $1,Agent,,1,Successful,
TXN001891,2024-11-19,CUST00053,Sydney,Prepaid,Recharge,Recharge $10,USSD,,10,Successful,imputed
TXN002621,2024-11-19,CUST00627,Brisbane,Prepaid,Recharge,Recharge $5,Mobile App,,5,Successful,
TXN002938,2024-11-19,CUST00514,Sydney,Postpaid,Data Bundle,Data 6GB Monthly,Mobile App,6144,25,Successful,imputed
TXN002944,2024-11-19,CUST00856,Brisbane,Prepaid,Data Bundle,Data 1GB Daily,Web,1024,3.5,Successful,
TXN003247,2024-11-19,CUST00380,Sydney,Prepaid,Recharge,Recharge $20,Mobile App,,20,Successful,
TXN004031,2024-11-19,CUST00620,Sydney,Prepaid,Data Bundle,Data 40GB Monthly,Agent,40960,110,Successful,
TXN000507,2024-11-20,CUST00505,Hobart,Prepaid,Recharge,Recharge $5,USSD,,5,Successful,
TXN000533,2024-11-20,CUST00148,Adelaide,Prepaid,Recharge,Recharge $5,Agent,,5,Successful,
TXN000838,2024-11-20,CUST00087,Melbourne,Prepaid,Data Bundle,Data 1GB Daily,USSD,1024,3.5,Successful,
TXN000920,2024-11-20,CUST00033,Hobart,Prepaid,Recharge,Recharge $2,Web,,2,Successful,
TXN002381,2024-11-20,CUST00747,Canberra,Prepaid,SMS Bundle,SMS 200,Agent,,2.5,Successful,
TXN002807,2024-11-20,CUST00564,Canberra,Postpaid,SMS Bundle,SMS 200,Agent,,-2.5,Reversed,
TXN002935,2024-11-20,CUST00856,Brisbane,Prepaid,Recharge,Recharge $2,Mobile App,,2,Successful,
TXN002967,2024-11-20,CUST00843,Perth,Prepaid,Recharge,Recharge $10,USSD,,10,Successful,
TXN003322,2024-11-20,CUST00228,Sydney,Prepaid,Data Bundle,Data 2GB Weekly,Mobile App,2048,-8,Reversed,
TXN003690,2024-11-20,CUST00629,Adelaide,Prepaid,Recharge,Recharge $2,USSD,,2,Successful,
TXN004012,2024-11-20,CUST00868,Perth,Prepaid,Recharge,Recharge $2,USSD,,-2,Reversed,
TXN004088,2024-11-20,CUST00749,Sydney,Prepaid,Data Bundle,Data 1GB Daily,Mobile App,1024,3.5,Successful,
TXN000197,2024-11-21,CUST00302,Melbourne,Prepaid,Recharge,Recharge $2,Mobile App,,0,Failed,
TXN000303,2024-11-21,CUST00575,Sydney,Prepaid,Data Bundle,Data 2GB Weekly,Mobile App,2048,8,Successful,
TXN000327,2024-11-21,CUST00020,Hobart,Prepaid,Data Bundle,Data 1GB Daily,Mobile App,1024,3.5,Successful,
TXN001324,2024-11-21,CUST00151,Hobart,Prepaid,Recharge,Recharge $1,Web,,0,Failed,imputed
TXN001428,2024-11-21,CUST00316,Canberra,Prepaid,Data Bundle,Data 6GB Monthly,USSD,6144,25,Successful,
TXN002547,2024-11-21,CUST00157,Sydney,Prepaid,Data Bundle,Data 2GB Weekly,Agent,2048,8,Successful,
TXN002905,2024-11-21,CUST00726,Sydney,Prepaid,Data Bundle,Data 2GB Weekly,USSD,2048,8,Successful,
TXN003804,2024-11-21,CUST00706,Sydney,Prepaid,SMS Bundle,SMS 200,USSD,,2.5,Successful,
TXN003807,2024-11-21,CUST00397,Hobart,Postpaid,Data Bundle,Data 1GB Daily,Web,1024,3.5,Successful,
TXN004147,2024-11-21,CUST00707,Melbourne,Prepaid,Recharge,Recharge $5,Agent,,5,Successful,
TXN000260,2024-11-22,CUST00010,Adelaide,Prepaid,Recharge,Recharge $5,Agent,,5,Successful,
TXN000942,2024-11-22,CUST00346,Unknown,Prepaid,Recharge,Recharge $2,Mobile App,,2,Successful,
TXN001041,2024-11-22,CUST00354,Adelaide,Prepaid,Data Bundle,Data 1GB Daily,Web,1024,3.5,Successful,
TXN001148,2024-11-22,CUST00270,Adelaide,Prepaid,SMS Bundle,SMS 200,Mobile App,,0,Failed,
TXN001422,2024-11-22,CUST00427,Sydney,Prepaid,Recharge,Recharge $2,Mobile App,,2,Successful,
TXN001655,2024-11-22,CUST00831,Canberra,Prepaid,Data Bundle,Data 10GB Monthly,USSD,10240,-35,Reversed,
TXN003928,2024-11-22,CUST00513,Sydney,Postpaid,Data Bundle,Data 6GB Monthly,USSD,6144,25,Successful,
TXN001195,2024-11-23,CUST00704,Hobart,Prepaid,Recharge,Recharge $1,Agent,,1,Successful,
TXN001725,2024-11-23,CUST00488,Sydney,Prepaid,Data Bundle,Data 2GB Weekly,USSD,2048,8,Successful,
TXN002479,2024-11-23,CUST00542,Sydney,Prepaid,SMS Bundle,SMS 200,Mobile App,,2.5,Successful,
TXN002736,2024-11-23,CUST00324,Hobart,Prepaid,Recharge,Recharge $10,Web,,10,Successful,
TXN002829,2024-11-23,CUST00289,Brisbane,Prepaid,Recharge,Recharge $1,Mobile App,,1,Successful,
TXN002992,2024-11-23,CUST00415,Brisbane,Postpaid,Data Bundle,Data 6GB Monthly,Web,6144,25,Successful,
TXN003662,2024-11-23,CUST00561,Hobart,Postpaid,Data Bundle,Data 40GB Monthly,Agent,40960,110,Successful,
TXN004069,2024-11-23,CUST00338,Brisbane,Prepaid,Recharge,Recharge $2,Mobile App,,2,Successful,
TXN004100,2024-11-23,CUST00474,Canberra,Prepaid,Recharge,Recharge $5,Web,,5,Successful,
TXN000598,2024-11-24,CUST00831,Canberra,Prepaid,Recharge,Recharge $5,Mobile App,,5,Successful,
TXN000690,2024-11-24,CUST00239,Brisbane,Prepaid,Data Bundle,Data 6GB Monthly,Agent,6144,25,Successful,
TXN000787,2024-11-24,CUST00426,Hobart,Prepaid,Data Bundle,Data 6GB Monthly,USSD,6144,25,Successful,
TXN000793,2024-11-24,CUST00135,Perth,Prepaid,SMS Bundle,SMS 200,Agent,,2.5,Successful,
TXN000975,2024-11-24,CUST00771,Hobart,Prepaid,Data Bundle,Data 1GB Daily,Agent,1024,3.5,Successful,
TXN001363,2024-11-24,CUST00529,Melbourne,Prepaid,Recharge,Recharge $10,Mobile App,,10,Successful,
TXN001775,2024-11-24,CUST00397,Hobart,Postpaid,Data Bundle,Data 40GB Monthly,Agent,40960,110,Successful,
TXN002099,2024-11-24,CUST00569,Melbourne,Prepaid,Data Bundle,Data 1GB Daily,Web,1024,3.5,Successful,
TXN003168,2024-11-24,CUST00648,Melbourne,Prepaid,Voice Bundle,Voice 100min,Mobile App,,4.5,Successful,
TXN003529,2024-11-24,CUST00355,Sydney,Prepaid,Data Bundle,Data 6GB Monthly,Mobile App,6144,25,Successful,
TXN003797,2024-11-24,CUST00456,Melbourne,Postpaid,Recharge,Recharge $20,Agent,,-20,Reversed,
TXN003937,2024-11-24,CUST00161,Hobart,Postpaid,Recharge,Recharge $5,Agent,,5,Successful,
TXN001501,2024-11-25,CUST00150,Unknown,Postpaid,Data Bundle,Data 40GB Monthly,Agent,40960,110,Successful,
TXN001720,2024-11-25,CUST00586,Sydney,Prepaid,Recharge,Recharge $1,Agent,,1,Successful,
TXN001809,2024-11-25,CUST00882,Brisbane,Prepaid,Recharge,Recharge $1,Agent,,1,Successful,
TXN001814,2024-11-25,CUST00608,Perth,Postpaid,Data Bundle,Data 2GB Weekly,Mobile App,2048,0,Failed,
TXN001949,2024-11-25,CUST00107,Melbourne,Prepaid,Recharge,Recharge $2,Web,,2,Successful,
TXN002283,2024-11-25,CUST00060,Brisbane,Prepaid,Recharge,Recharge $2,USSD,,2,Successful,
TXN002747,2024-11-25,CUST00554,Perth,Postpaid,Data Bundle,Data 10GB Monthly,Web,10240,35,Successful,
TXN002939,2024-11-25,CUST00368,Brisbane,Prepaid,Data Bundle,Data 6GB Monthly,Mobile App,6144,25,Successful,
TXN003112,2024-11-25,CUST00147,Perth,Prepaid,Recharge,Recharge $2,Mobile App,,-2,Reversed,
TXN003118,2024-11-25,CUST00066,Sydney,Prepaid,Recharge,Recharge $2,Mobile App,,2,Successful,imputed
TXN003143,2024-11-25,CUST00599,Brisbane,Postpaid,Recharge,Recharge $5,USSD,,5,Successful,
TXN003312,2024-11-25,CUST00846,Canberra,Prepaid,Recharge,Recharge $5,Web,,5,Successful,
TXN003549,2024-11-25,CUST00784,Brisbane,Prepaid,Recharge,Recharge $2,Agent,,0,Failed,
TXN003774,2024-11-25,CUST00675,Melbourne,Prepaid,Data Bundle,Data 6GB Monthly,Web,6144,25,Successful,imputed
TXN003954,2024-11-25,CUST00208,Sydney,Prepaid,Data Bundle,Data 1GB Daily,USSD,1024,3.5,Successful,
TXN900023,2024-11-25,CUST00599,Brisbane,Postpaid,Recharge,Recharge $5,USSD,,5,Successful,
TXN000190,2024-11-26,CUST00104,Melbourne,Prepaid,Data Bundle,Data 6GB Monthly,Web,6144,25,Successful,
TXN000230,2024-11-26,CUST00825,Sydney,Prepaid,Data Bundle,Data 2GB Weekly,USSD,2048,8,Successful,
TXN000289,2024-11-26,CUST00899,Brisbane,Prepaid,Recharge,Recharge $1,USSD,,1,Successful,
TXN000599,2024-11-26,CUST00330,Sydney,Prepaid,Recharge,Recharge $1,USSD,,0,Failed,
TXN000876,2024-11-26,CUST00239,Brisbane,Prepaid,Recharge,Recharge $1,Web,,1,Successful,
TXN001024,2024-11-26,CUST00570,Perth,Prepaid,Recharge,Recharge $1,USSD,,1,Successful,
TXN001143,2024-11-26,CUST00561,Hobart,Postpaid,Recharge,Recharge $2,Agent,,2,Successful,imputed
TXN001175,2024-11-26,CUST00315,Melbourne,Prepaid,Recharge,Recharge $2,Web,,2,Successful,
TXN001456,2024-11-26,CUST00672,Adelaide,Prepaid,Recharge,Recharge $5,Web,,5,Successful,
TXN001693,2024-11-26,CUST00562,Adelaide,Prepaid,Data Bundle,Data 2GB Weekly,Mobile App,2048,8,Successful,
TXN001719,2024-11-26,CUST00024,Sydney,Prepaid,Recharge,Recharge $1,Mobile App,,1,Successful,
TXN001722,2024-11-26,CUST00647,Canberra,Prepaid,Data Bundle,Data 1GB Daily,Mobile App,1024,0,Failed,
TXN001737,2024-11-26,CUST00026,Melbourne,Prepaid,SMS Bundle,SMS 200,Web,,2.5,Successful,
TXN002012,2024-11-26,CUST00552,Melbourne,Prepaid,Voice Bundle,Voice 100min,USSD,,4.5,Successful,
TXN002113,2024-11-26,CUST00753,Adelaide,Prepaid,Data Bundle,Data 1GB Daily,Web,1024,3.5,Successful,
TXN002153,2024-11-26,CUST00714,Perth,Postpaid,SMS Bundle,SMS 200,USSD,,2.5,Successful,
TXN002372,2024-11-26,CUST00208,Sydney,Prepaid,Recharge,Recharge $2,USSD,,2,Successful,
TXN003107,2024-11-26,CUST00650,Melbourne,Prepaid,SMS Bundle,SMS 200,Web,,2.5,Successful,
TXN003478,2024-11-26,CUST00140,Sydney,Prepaid,Recharge,Recharge $5,Mobile App,,5,Successful,
TXN003613,2024-11-26,CUST00795,Melbourne,Postpaid,Recharge,Recharge $10,Mobile App,,10,Successful,
TXN003779,2024-11-26,CUST00377,Melbourne,Prepaid,Data Bundle,Data 1GB Daily,Web,1024,3.5,Successful,
TXN003861,2024-11-26,CUST00258,Adelaide,Postpaid,Data Bundle,Data 1GB Daily,USSD,1024,3.5,Successful,
TXN001267,2024-11-27,CUST00189,Perth,Prepaid,Data Bundle,Data 10GB Monthly,USSD,10240,35,Successful,
TXN001369,2024-11-27,CUST00793,Sydney,Prepaid,Recharge,Recharge $10,Agent,,0,Failed,
TXN002164,2024-11-27,CUST00659,Sydney,Postpaid,Recharge,Recharge $20,Mobile App,,-20,Reversed,
TXN002255,2024-11-27,CUST00849,Sydney,Prepaid,Data Bundle,Data 1GB Daily,Web,1024,-3.5,Reversed,
TXN002545,2024-11-27,CUST00801,Canberra,Prepaid,Data Bundle,Data 1GB Daily,Agent,1024,3.5,Successful,
TXN002964,2024-11-27,CUST00786,Canberra,Prepaid,Data Bundle,Data 2GB Weekly,Mobile App,2048,8,Successful,
TXN003072,2024-11-27,CUST00106,Sydney,Prepaid,Data Bundle,Data 1GB Daily,USSD,1024,0,Failed,imputed
TXN003212,2024-11-27,CUST00890,Perth,Prepaid,Data Bundle,Data 1GB Daily,Mobile App,1024,3.5,Successful,
TXN003229,2024-11-27,CUST00147,Perth,Prepaid,Recharge,Recharge $2,USSD,,2,Successful,
TXN003781,2024-11-27,CUST00237,Melbourne,Prepaid,Recharge,Recharge $2,Agent,,0,Failed,
TXN000147,2024-11-28,CUST00071,Melbourne,Prepaid,Data Bundle,Data 40GB Monthly,Web,40960,110,Successful,
TXN000552,2024-11-28,CUST00658,Sydney,Prepaid,Data Bundle,Data 6GB Monthly,Web,6144,25,Successful,
TXN000928,2024-11-28,CUST00628,Hobart,Prepaid,Recharge,Recharge $2,Web,,2,Successful,
TXN001122,2024-11-28,CUST00489,Sydney,Postpaid,Recharge,Recharge $5,Mobile App,,0,Failed,imputed
TXN001662,2024-11-28,CUST00844,Canberra,Prepaid,Recharge,Recharge $20,Agent,,20,Successful,
TXN002114,2024-11-28,CUST00888,Unknown,Prepaid,Voice Bundle,Voice 100min,Mobile App,,4.5,Successful,
TXN002187,2024-11-28,CUST00619,Sydney,Prepaid,Recharge,Recharge $1,Web,,1,Successful,
TXN002246,2024-11-28,CUST00170,Melbourne,Prepaid,Recharge,Recharge $1,Web,,1,Successful,
TXN002538,2024-11-28,CUST00342,Sydney,Prepaid,Data Bundle,Data 2GB Weekly,Agent,2048,8,Successful,
TXN002661,2024-11-28,CUST00115,Sydney,Postpaid,Data Bundle,Data 1GB Daily,Web,1024,-3.5,Reversed,
TXN003160,2024-11-28,CUST00324,Hobart,Prepaid,Data Bundle,Data 1GB Daily,Agent,1024,3.5,Successful,
TXN003332,2024-11-28,CUST00793,Sydney,Prepaid,Data Bundle,Data 10GB Monthly,Agent,10240,35,Successful,
TXN003452,2024-11-28,CUST00358,Melbourne,Prepaid,Data Bundle,Data 6GB Monthly,Agent,6144,25,Successful,
TXN003622,2024-11-28,CUST00894,Perth,Prepaid,Recharge,Recharge $1,Web,,1,Successful,
TXN000050,2024-12-01,CUST00549,Adelaide,Prepaid,Data Bundle,Data 2GB Weekly,Mobile App,2048,8,Successful,
TXN000131,2024-12-01,CUST00541,Melbourne,Prepaid,Recharge,Recharge $5,Web,,5,Successful,
TXN000468,2024-12-01,CUST00575,Sydney,Prepaid,Voice Bundle,Voice 300min,Web,,-11,Reversed,
TXN000693,2024-12-01,CUST00644,Hobart,Postpaid,Recharge,Recharge $2,USSD,,2,Successful,
TXN001213,2024-12-01,CUST00836,Melbourne,Postpaid,Recharge,Recharge $2,USSD,,2,Successful,imputed
TXN001625,2024-12-01,CUST00684,Hobart,Prepaid,Data Bundle,Data 10GB Monthly,Mobile App,10240,35,Successful,
TXN001696,2024-12-01,CUST00185,Sydney,Postpaid,Data Bundle,Data 1GB Daily,Agent,1024,3.5,Successful,
TXN001712,2024-12-01,CUST00533,Sydney,Prepaid,Voice Bundle,Voice 100min,Mobile App,,0,Failed,
TXN002055,2024-12-01,CUST00743,Sydney,Prepaid,Recharge,Recharge $2,Agent,,-2,Reversed,
TXN002069,2024-12-01,CUST00312,Sydney,Prepaid,Data Bundle,Data 6GB Monthly,Mobile App,6144,-25,Reversed,
TXN002301,2024-12-01,CUST00455,Sydney,Prepaid,Recharge,Recharge $1,Agent,,1,Successful,imputed
TXN002384,2024-12-01,CUST00616,Brisbane,Prepaid,Data Bundle,Data 10GB Monthly,Web,10240,35,Successful,
TXN002437,2024-12-01,CUST00123,Sydney,Prepaid,Data Bundle,Data 40GB Monthly,Agent,40960,110,Successful,
TXN002775,2024-12-01,CUST00353,Sydney,Prepaid,Recharge,Recharge $1,Mobile App,,1,Successful,
TXN003030,2024-12-01,CUST00323,Hobart,Prepaid,Recharge,Recharge $10,USSD,,10,Successful,
TXN004015,2024-12-01,CUST00399,Melbourne,Postpaid,Recharge,Recharge $2,USSD,,2,Successful,
TXN004061,2024-12-01,CUST00870,Sydney,Prepaid,Voice Bundle,Voice 100min,Mobile App,,4.5,Successful,
TXN004083,2024-12-01,CUST00090,Melbourne,Prepaid,SMS Bundle,SMS 200,Web,,2.5,Successful,
TXN900005,2024-12-01,CUST00644,Hobart,Postpaid,Recharge,Recharge $2,USSD,,2,Successful,
TXN000362,2024-12-02,CUST00729,Brisbane,Prepaid,Recharge,Recharge $20,Agent,,0,Failed,imputed
TXN000500,2024-12-02,CUST00340,Sydney,Prepaid,SMS Bundle,SMS 200,Agent,,0,Failed,
TXN000601,2024-12-02,CUST00250,Melbourne,Prepaid,Data Bundle,Data 6GB Monthly,Web,6144,25,Successful,
TXN001008,2024-12-02,CUST00722,Melbourne,Prepaid,Data Bundle,Data 10GB Monthly,Mobile App,10240,35,Successful,
TXN001119,2024-12-02,CUST00137,Perth,Postpaid,Voice Bundle,Voice 100min,Mobile App,,4.5,Successful,
TXN001280,2024-12-02,CUST00431,Hobart,Prepaid,Recharge,Recharge $1,USSD,,1,Successful,
TXN001902,2024-12-02,CUST00742,Sydney,Prepaid,Data Bundle,Data 10GB Monthly,Mobile App,10240,-35,Reversed,
TXN002125,2024-12-02,CUST00130,Sydney,Postpaid,Recharge,Recharge $1,Mobile App,,1,Successful,
TXN002134,2024-12-02,CUST00506,Perth,Prepaid,Recharge,Recharge $5,Web,,5,Successful,
TXN002272,2024-12-02,CUST00192,Sydney,Prepaid,Data Bundle,Data 1GB Daily,Agent,1024,0,Failed,
TXN002632,2024-12-02,CUST00856,Brisbane,Prepaid,Recharge,Recharge $2,Web,,2,Successful,
TXN003174,2024-12-02,CUST00623,Sydney,Postpaid,Recharge,Recharge $20,Agent,,20,Successful,
TXN003562,2024-12-02,CUST00045,Sydney,Prepaid,SMS Bundle,SMS 200,USSD,,0,Failed,
TXN003917,2024-12-02,CUST00650,Melbourne,Prepaid,Recharge,Recharge $2,Agent,,2,Successful,
TXN004048,2024-12-02,CUST00408,Brisbane,Prepaid,Data Bundle,Data 2GB Weekly,Mobile App,2048,8,Successful,
TXN000613,2024-12-03,CUST00385,Sydney,Postpaid,Data Bundle,Data 2GB Weekly,Mobile App,2048,8,Successful,
TXN001480,2024-12-03,CUST00575,Sydney,Prepaid,SMS Bundle,SMS 200,Agent,,-2.5,Reversed,
TXN001721,2024-12-03,CUST00892,Canberra,Postpaid,Data Bundle,Data 6GB Monthly,Web,6144,25,Successful,
TXN001723,2024-12-03,CUST00205,Perth,Prepaid,Data Bundle,Data 2GB Weekly,Web,2048,-8,Reversed,
TXN002023,2024-12-03,CUST00535,Sydney,Postpaid,Voice Bundle,Voice 100min,USSD,,-4.5,Reversed,
TXN002170,2024-12-03,CUST00215,Adelaide,Prepaid,Data Bundle,Data 10GB Monthly,USSD,10240,35,Successful,
TXN002250,2024-12-03,CUST00151,Hobart,Prepaid,Data Bundle,Data 6GB Monthly,Agent,6144,25,Successful,imputed
TXN002569,2024-12-03,CUST00686,Sydney,Prepaid,Recharge,Recharge $1,Agent,,1,Successful,
TXN002609,2024-12-03,CUST00418,Perth,Prepaid,Data Bundle,Data 1GB Daily,Web,1024,3.5,Successful,imputed
TXN002763,2024-12-03,CUST00557,Perth,Prepaid,Recharge,Recharge $20,Mobile App,,20,Successful,
TXN003054,2024-12-03,CUST00656,Sydney,Prepaid,Recharge,Recharge $1,USSD,,1,Successful,
TXN003092,2024-12-03,CUST00706,Sydney,Prepaid,Recharge,Recharge $2,Mobile App,,2,Successful,
TXN003633,2024-12-03,CUST00527,Brisbane,Prepaid,Data Bundle,Data 6GB Monthly,Agent,6144,25,Successful,
TXN004126,2024-12-03,CUST00025,Perth,Prepaid,Recharge,Recharge $1,Mobile App,,0,Failed,
TXN004173,2024-12-03,CUST00100,Canberra,Postpaid,Voice Bundle,Voice 300min,USSD,,11,Successful,
TXN000015,2024-12-04,CUST00080,Sydney,Prepaid,Data Bundle,Data 1GB Daily,Mobile App,1024,3.5,Successful,
TXN000313,2024-12-04,CUST00367,Hobart,Prepaid,Data Bundle,Data 2GB Weekly,Agent,2048,8,Successful,
TXN000606,2024-12-04,CUST00121,Melbourne,Prepaid,Data Bundle,Data 40GB Monthly,Mobile App,40960,110,Successful,
TXN000763,2024-12-04,CUST00698,Adelaide,Prepaid,Data Bundle,Data 1GB Daily,Agent,1024,3.5,Successful,
TXN000981,2024-12-04,CUST00642,Perth,Prepaid,Recharge,Recharge $1,USSD,,0,Failed,imputed
TXN000995,2024-12-04,CUST00173,Sydney,Postpaid,Data Bundle,Data 6GB Monthly,Mobile App,6144,0,Failed,
TXN001261,2024-12-04,CUST00850,Melbourne,Prepaid,Recharge,Recharge $1,Web,,1,Successful,
TXN001378,2024-12-04,CUST00774,Hobart,Prepaid,Data Bundle,Data 6GB Monthly,Agent,6144,-25,Reversed,
TXN001665,2024-12-04,CUST00211,Melbourne,Prepaid,Voice Bundle,Voice 100min,Agent,,4.5,Successful,
TXN002078,2024-12-04,CUST00180,Sydney,Prepaid,Data Bundle,Data 6GB Monthly,Agent,6144,25,Successful,
TXN002092,2024-12-04,CUST00065,Hobart,Postpaid,Recharge,Recharge $10,Mobile App,,10,Successful,
TXN002117,2024-12-04,CUST00698,Adelaide,Prepaid,Data Bundle,Data 2GB Weekly,Web,2048,8,Successful,
TXN002121,2024-12-04,CUST00553,Adelaide,Postpaid,Data Bundle,Data 1GB Daily,USSD,1024,3.5,Successful,
TXN002434,2024-12-04,CUST00408,Brisbane,Prepaid,Recharge,Recharge $2,USSD,,2,Successful,
TXN002592,2024-12-04,CUST00306,Perth,Prepaid,Data Bundle,Data 1GB Daily,USSD,1024,3.5,Successful,imputed
TXN003017,2024-12-04,CUST00624,Sydney,Postpaid,Data Bundle,Data 6GB Monthly,Mobile App,6144,25,Successful,imputed
TXN003183,2024-12-04,CUST00549,Adelaide,Prepaid,Data Bundle,Data 6GB Monthly,USSD,6144,25,Successful,
TXN003316,2024-12-04,CUST00025,Perth,Prepaid,Voice Bundle,Voice 300min,Agent,,11,Successful,
TXN003789,2024-12-04,CUST00440,Sydney,Prepaid,Recharge,Recharge $1,Mobile App,,0,Failed,
TXN004034,2024-12-04,CUST00894,Perth,Prepaid,Data Bundle,Data 6GB Monthly,USSD,6144,25,Successful,
TXN000118,2024-12-05,CUST00208,Sydney,Prepaid,Recharge,Recharge $2,Agent,,2,Successful,imputed
TXN000247,2024-12-05,CUST00445,Melbourne,Prepaid,Recharge,Recharge $20,Mobile App,,20,Successful,
TXN000386,2024-12-05,CUST00820,Sydney,Prepaid,Recharge,Recharge $1,Mobile App,,1,Successful,
TXN001768,2024-12-05,CUST00157,Sydney,Prepaid,Recharge,Recharge $5,Web,,5,Successful,
TXN001877,2024-12-05,CUST00069,Sydney,Prepaid,Recharge,Recharge $10,Web,,10,Successful,
TXN002723,2024-12-05,CUST00102,Unknown,Prepaid,Recharge,Recharge $5,USSD,,5,Successful,
TXN002924,2024-12-05,CUST00022,Sydney,Prepaid,Data Bundle,Data 2GB Weekly,Agent,2048,-8,Reversed,
TXN003368,2024-12-05,CUST00216,Sydney,Prepaid,Recharge,Recharge $1,USSD,,-1,Reversed,
TXN003567,2024-12-05,CUST00166,Adelaide,Prepaid,Recharge,Recharge $1,Web,,1,Successful,
TXN003614,2024-12-05,CUST00393,Sydney,Postpaid,Recharge,Recharge $20,Mobile App,,20,Successful,
TXN000194,2024-12-06,CUST00622,Sydney,Prepaid,Recharge,Recharge $5,Web,,5,Successful,
TXN000205,2024-12-06,CUST00178,Canberra,Prepaid,Recharge,Recharge $2,USSD,,0,Failed,imputed
TXN000682,2024-12-06,CUST00690,Melbourne,Prepaid,Recharge,Recharge $10,Web,,10,Successful,
TXN001496,2024-12-06,CUST00894,Perth,Prepaid,Data Bundle,Data 2GB Weekly,USSD,2048,0,Failed,imputed
TXN002451,2024-12-06,CUST00472,Adelaide,Prepaid,Recharge,Recharge $1,Mobile App,,1,Successful,
TXN002648,2024-12-06,CUST00189,Unknown,Prepaid,Recharge,Recharge $1,Agent,,1,Successful,
TXN002955,2024-12-06,CUST00562,Adelaide,Prepaid,Recharge,Recharge $10,Web,,10,Successful,
TXN003070,2024-12-06,CUST00408,Brisbane,Prepaid,Data Bundle,Data 6GB Monthly,USSD,6144,25,Successful,
TXN003230,2024-12-06,CUST00382,Adelaide,Prepaid,Recharge,Recharge $2,USSD,,2,Successful,
TXN003501,2024-12-06,CUST00282,Brisbane,Prepaid,Recharge,Recharge $2,Agent,,2,Successful,imputed
TXN003551,2024-12-06,CUST00843,Perth,Prepaid,Recharge,Recharge $2,Agent,,2,Successful,
TXN003703,2024-12-06,CUST00811,Melbourne,Postpaid,Data Bundle,Data 1GB Daily,Agent,1024,3.5,Successful,
TXN003728,2024-12-06,CUST00701,Sydney,Prepaid,Recharge,Recharge $5,USSD,,0,Failed,imputed
TXN003906,2024-12-06,CUST00732,Hobart,Prepaid,Recharge,Recharge $1,Mobile App,,1,Successful,
TXN004072,2024-12-06,CUST00509,Sydney,Prepaid,Voice Bundle,Voice 100min,Agent,,0,Failed,
TXN004135,2024-12-06,CUST00082,Sydney,Postpaid,Data Bundle,Data 6GB Monthly,Agent,6144,25,Successful,imputed
TXN001938,2024-12-07,CUST00509,Sydney,Prepaid,Data Bundle,Data 1GB Daily,Mobile App,1024,3.5,Successful,
TXN002052,2024-12-07,CUST00011,Adelaide,Prepaid,Recharge,Recharge $1,Web,,1,Successful,
TXN002611,2024-12-07,CUST00001,Perth,Prepaid,Recharge,Recharge $20,Mobile App,,20,Successful,
TXN002806,2024-12-07,CUST00055,Melbourne,Postpaid,SMS Bundle,SMS 200,Web,,2.5,Successful,
TXN002808,2024-12-07,CUST00034,Sydney,Prepaid,SMS Bundle,SMS 200,Mobile App,,2.5,Successful,
TXN002931,2024-12-07,CUST00120,Brisbane,Prepaid,Recharge,Recharge $10,Web,,10,Successful,
TXN003194,2024-12-07,CUST00025,Perth,Prepaid,Data Bundle,Data 6GB Monthly,Agent,6144,25,Successful,
TXN003293,2024-12-07,CUST00085,Sydney,Prepaid,Recharge,Recharge $10,Mobile App,,10,Successful,
TXN003515,2024-12-07,CUST00178,Canberra,Prepaid,Recharge,Recharge $2,USSD,,2,Successful,
TXN000056,2024-12-08,CUST00541,Melbourne,Prepaid,Voice Bundle,Voice 100min,Web,,4.5,Successful,
TXN000174,2024-12-08,CUST00783,Canberra,Prepaid,SMS Bundle,SMS 200,Mobile App,,2.5,Successful,
TXN000471,2024-12-08,CUST00569,Melbourne,Prepaid,Voice Bundle,Voice 100min,USSD,,4.5,Successful,
TXN000762,2024-12-08,CUST00427,Sydney,Prepaid,Recharge,Recharge $1,Agent,,-1,Reversed,
TXN001308,2024-12-08,CUST00862,Melbourne,Postpaid,Data Bundle,Data 6GB Monthly,Mobile App,6144,25,Successful,
TXN001333,2024-12-08,CUST00080,Unknown,Prepaid,SMS Bundle,SMS 200,Web,,2.5,Successful,
TXN001804,2024-12-08,CUST00712,Canberra,Prepaid,Data Bundle,Data 10GB Monthly,USSD,10240,35,Successful,
TXN002413,2024-12-08,CUST00237,Melbourne,Prepaid,Data Bundle,Data 10GB Monthly,USSD,10240,35,Successful,
TXN002637,2024-12-08,CUST00426,Hobart,Prepaid,Voice Bundle,Voice 300min,Agent,,11,Successful,
TXN003371,2024-12-08,CUST00324,Hobart,Prepaid,SMS Bundle,SMS 200,Web,,2.5,Successful,
TXN003483,2024-12-08,CUST00260,Sydney,Prepaid,Data Bundle,Data 2GB Weekly,Web,2048,-8,Reversed,
TXN003945,2024-12-08,CUST00213,Melbourne,Prepaid,Recharge,Recharge $1,Web,,1,Successful,imputed
TXN004110,2024-12-08,CUST00144,Hobart,Prepaid,Recharge,Recharge $20,Agent,,20,Successful,
TXN000199,2024-12-09,CUST00501,Sydney,Prepaid,Data Bundle,Data 1GB Daily,Web,1024,0,Failed,
TXN000482,2024-12-09,CUST00783,Canberra,Prepaid,Data Bundle,Data 6GB Monthly,Mobile App,6144,25,Successful,
TXN001088,2024-12-09,CUST00285,Perth,Postpaid,SMS Bundle,SMS 200,Mobile App,,2.5,Successful,
TXN001145,2024-12-09,CUST00265,Sydney,Prepaid,Voice Bundle,Voice 300min,Web,,11,Successful,
TXN001672,2024-12-09,CUST00172,Unknown,Prepaid,Voice Bundle,Voice 300min,Agent,,11,Successful,
TXN001858,2024-12-09,CUST00178,Unknown,Prepaid,Recharge,Recharge $2,Web,,2,Successful,
TXN001974,2024-12-09,CUST00137,Perth,Postpaid,Recharge,Recharge $1,USSD,,1,Successful,imputed
TXN002317,2024-12-09,CUST00354,Adelaide,Prepaid,Voice Bundle,Voice 300min,Agent,,11,Successful,imputed
TXN002519,2024-12-09,CUST00708,Sydney,Prepaid,Recharge,Recharge $1,Agent,,0,Failed,imputed
TXN003028,2024-12-09,CUST00873,Canberra,Postpaid,Data Bundle,Data 6GB Monthly,Agent,6144,0,Failed,
TXN003217,2024-12-09,CUST00852,Unknown,Prepaid,Data Bundle,Data 2GB Weekly,Web,2048,8,Successful,
TXN003723,2024-12-09,CUST00626,Brisbane,Prepaid,Data Bundle,Data 1GB Daily,Agent,1024,3.5,Successful,
TXN003825,2024-12-09,CUST00096,Melbourne,Prepaid,Recharge,Recharge $2,Agent,,2,Successful,
TXN003849,2024-12-09,CUST00580,Adelaide,Prepaid,Data Bundle,Data 2GB Weekly,Agent,2048,0,Failed,
TXN004140,2024-12-09,CUST00561,Hobart,Postpaid,Recharge,Recharge $1,Agent,,1,Successful,
TXN004181,2024-12-09,CUST00482,Adelaide,Postpaid,Data Bundle,Data 6GB Monthly,Web,6144,25,Successful,
TXN900011,2024-12-09,CUST00096,Melbourne,Prepaid,Recharge,Recharge $2,Agent,,2,Successful,
TXN000037,2024-12-10,CUST00891,Canberra,Postpaid,SMS Bundle,SMS 200,USSD,,2.5,Successful,
TXN000829,2024-12-10,CUST00050,Canberra,Postpaid,Recharge,Recharge $5,USSD,,5,Successful,
TXN001253,2024-12-10,CUST00101,Canberra,Postpaid,Recharge,Recharge $5,Agent,,5,Successful,
TXN001651,2024-12-10,CUST00827,Adelaide,Prepaid,Data Bundle,Data 2GB Weekly,Mobile App,2048,8,Successful,
TXN001660,2024-12-10,CUST00193,Melbourne,Prepaid,Voice Bundle,Voice 100min,Agent,,4.5,Successful,
TXN001886,2024-12-10,CUST00656,Sydney,Prepaid,Recharge,Recharge $5,Web,,5,Successful,
TXN002076,2024-12-10,CUST00092,Canberra,Prepaid,Data Bundle,Data 6GB Monthly,Mobile App,6144,25,Successful,
TXN002377,2024-12-10,CUST00735,Unknown,Prepaid,Recharge,Recharge $2,Mobile App,,2,Successful,
TXN002424,2024-12-10,CUST00340,Sydney,Prepaid,Recharge,Recharge $1,Mobile App,,1,Successful,
TXN002644,2024-12-10,CUST00278,Hobart,Prepaid,Data Bundle,Data 1GB Daily,Web,1024,3.5,Successful,
TXN003081,2024-12-10,CUST00446,Perth,Prepaid,Data Bundle,Data 1GB Daily,Web,1024,3.5,Successful,
TXN003181,2024-12-10,CUST00108,Canberra,Postpaid,Data Bundle,Data 10GB Monthly,USSD,10240,35,Successful,
TXN000058,2024-12-11,CUST00184,Sydney,Prepaid,Data Bundle,Data 1GB Daily,Web,1024,3.5,Successful,
TXN000212,2024-12-11,CUST00406,Melbourne,Prepaid,Recharge,Recharge $1,Agent,,1,Successful,
TXN000239,2024-12-11,CUST00141,Perth,Prepaid,Voice Bundle,Voice 100min,Mobile App,,4.5,Successful,
TXN000626,2024-12-11,CUST00395,Brisbane,Prepaid,Recharge,Recharge $5,Mobile App,,5,Successful,
TXN000703,2024-12-11,CUST00784,Brisbane,Prepaid,Recharge,Recharge $10,Web,,10,Successful,
TXN002043,2024-12-11,CUST00851,Brisbane,Prepaid,Recharge,Recharge $10,USSD,,10,Successful,
TXN002180,2024-12-11,CUST00858,Unknown,Prepaid,Recharge,Recharge $2,Mobile App,,2,Successful,
TXN002335,2024-12-11,CUST00888,Canberra,Prepaid,Recharge,Recharge $1,USSD,,0,Failed,
TXN002836,2024-12-11,CUST00877,Brisbane,Prepaid,Data Bundle,Data 1GB Daily,USSD,1024,3.5,Successful,
TXN003015,2024-12-11,CUST00304,Melbourne,Prepaid,Data Bundle,Data 2GB Weekly,Mobile App,2048,0,Failed,imputed
TXN003432,2024-12-11,CUST00085,Sydney,Prepaid,Data Bundle,Data 2GB Weekly,Web,2048,0,Failed,
TXN003677,2024-12-11,CUST00568,Hobart,Prepaid,Recharge,Recharge $20,USSD,,20,Successful,
TXN003831,2024-12-11,CUST00271,Adelaide,Postpaid,Recharge,Recharge $1,USSD,,1,Successful,
TXN003916,2024-12-11,CUST00375,Melbourne,Prepaid,Recharge,Recharge $20,Agent,,20,Successful,
TXN004060,2024-12-11,CUST00203,Adelaide,Prepaid,Recharge,Recharge $1,Mobile App,,1,Successful,
TXN000545,2024-12-12,CUST00736,Canberra,Prepaid,Recharge,Recharge $1,Web,,1,Successful,
TXN000847,2024-12-12,CUST00802,Perth,Prepaid,Data Bundle,Data 6GB Monthly,Web,6144,25,Successful,
TXN000859,2024-12-12,CUST00697,Sydney,Prepaid,Data Bundle,Data 10GB Monthly,Mobile App,10240,35,Successful,
TXN000860,2024-12-12,CUST00240,Hobart,Prepaid,Recharge,Recharge $20,Mobile App,,20,Successful,
TXN001190,2024-12-12,CUST00121,Melbourne,Prepaid,Data Bundle,Data 1GB Daily,Agent,1024,0,Failed,
TXN001242,2024-12-12,CUST00676,Melbourne,Prepaid,Recharge,Recharge $2,Web,,2,Successful,
TXN001701,2024-12-12,CUST00321,Canberra,Prepaid,Recharge,Recharge $2,USSD,,2,Successful,
TXN002039,2024-12-12,CUST00364,Perth,Prepaid,Voice Bundle,Voice 100min,Mobile App,,4.5,Successful,
TXN002066,2024-12-12,CUST00261,Canberra,Prepaid,Recharge,Recharge $10,Web,,10,Successful,
TXN002136,2024-12-12,CUST00680,Hobart,Prepaid,Data Bundle,Data 6GB Monthly,Web,6144,25,Successful,
TXN002884,2024-12-12,CUST00178,Canberra,Prepaid,Recharge,Recharge $2,Mobile App,,0,Failed,imputed
TXN003719,2024-12-12,CUST00608,Perth,Postpaid,Data Bundle,Data 6GB Monthly,Mobile App,6144,25,Successful,
TXN003732,2024-12-12,CUST00580,Adelaide,Prepaid,Data Bundle,Data 10GB Monthly,USSD,10240,0,Failed,imputed
TXN003998,2024-12-12,CUST00719,Sydney,Prepaid,Data Bundle,Data 1GB Daily,USSD,1024,0,Failed,imputed
TXN000021,2024-12-13,CUST00384,Melbourne,Prepaid,Voice Bundle,Voice 300min,USSD,,11,Successful,
TXN000243,2024-12-13,CUST00440,Sydney,Prepaid,Data Bundle,Data 1GB Daily,USSD,1024,3.5,Successful,
TXN000314,2024-12-13,CUST00784,Brisbane,Prepaid,Data Bundle,Data 2GB Weekly,Mobile App,2048,8,Successful,
TXN001222,2024-12-13,CUST00225,Adelaide,Prepaid,Data Bundle,Data 1GB Daily,Web,1024,3.5,Successful,
TXN002281,2024-12-13,CUST00320,Brisbane,Prepaid,Data Bundle,Data 2GB Weekly,Agent,2048,8,Successful,
TXN002893,2024-12-13,CUST00249,Melbourne,Prepaid,Recharge,Recharge $20,Agent,,20,Successful,
TXN002998,2024-12-13,CUST00284,Sydney,Postpaid,SMS Bundle,SMS 200,Mobile App,,2.5,Successful,
TXN003043,2024-12-13,CUST00093,Melbourne,Prepaid,Recharge,Recharge $10,Mobile App,,10,Successful,
TXN003284,2024-12-13,CUST00211,Melbourne,Prepaid,Recharge,Recharge $5,USSD,,5,Successful,
TXN003299,2024-12-13,CUST00357,Canberra,Prepaid,Recharge,Recharge $5,Mobile App,,5,Successful,
TXN003372,2024-12-13,CUST00322,Perth,Prepaid,SMS Bundle,SMS 200,Web,,2.5,Successful,
TXN003402,2024-12-13,CUST00529,Melbourne,Prepaid,Recharge,Recharge $1,Web,,1,Successful,imputed
TXN004128,2024-12-13,CUST00168,Hobart,Postpaid,Recharge,Recharge $2,Mobile App,,2,Successful,
TXN000063,2024-12-14,CUST00567,Sydney,Prepaid,Data Bundle,Data 1GB Daily,Agent,1024,3.5,Successful,
TXN000152,2024-12-14,CUST00543,Melbourne,Prepaid,SMS Bundle,SMS 200,Agent,,2.5,Successful,
TXN000686,2024-12-14,CUST00298,Melbourne,Postpaid,Recharge,Recharge $2,Web,,2,Successful,imputed
TXN000866,2024-12-14,CUST00875,Sydney,Prepaid,Recharge,Recharge $1,Web,,1,Successful,
TXN001162,2024-12-14,CUST00812,Perth,Prepaid,Data Bundle,Data 2GB Weekly,Mobile App,2048,8,Successful,
TXN001205,2024-12-14,CUST00048,Sydney,Prepaid,Recharge,Recharge $10,Web,,10,Successful,
TXN001711,2024-12-14,CUST00637,Sydney,Prepaid,Data Bundle,Data 40GB Monthly,Agent,40960,0,Failed,imputed
TXN002730,2024-12-14,CUST00401,Sydney,Prepaid,Recharge,Recharge $1,Web,,-1,Reversed,
TXN002851,2024-12-14,CUST00224,Perth,Prepaid,Data Bundle,Data 10GB Monthly,Web,10240,35,Successful,imputed
TXN002862,2024-12-14,CUST00667,Melbourne,Prepaid,SMS Bundle,SMS 200,Mobile App,,-2.5,Reversed,
TXN003006,2024-12-14,CUST00382,Adelaide,Prepaid,Recharge,Recharge $1,Mobile App,,1,Successful,
TXN003556,2024-12-14,CUST00213,Melbourne,Prepaid,Recharge,Recharge $1,Agent,,1,Successful,
TXN003627,2024-12-14,CUST00626,Brisbane,Prepaid,Recharge,Recharge $5,Agent,,5,Successful,
TXN003756,2024-12-14,CUST00228,Sydney,Prepaid,Data Bundle,Data 2GB Weekly,Web,2048,0,Failed,imputed
TXN003855,2024-12-14,CUST00254,Sydney,Prepaid,Recharge,Recharge $5,Web,,5,Successful,
TXN003957,2024-12-14,CUST00322,Perth,Prepaid,Recharge,Recharge $20,Mobile App,,20,Successful,
TXN004007,2024-12-14,CUST00451,Canberra,Prepaid,Recharge,Recharge $5,Web,,5,Successful,
TXN004032,2024-12-14,CUST00190,Sydney,Postpaid,Recharge,Recharge $20,Mobile App,,20,Successful,
TXN000017,2024-12-15,CUST00094,Hobart,Prepaid,Recharge,Recharge $1,USSD,,1,Successful,
TXN000104,2024-12-15,CUST00896,Melbourne,Prepaid,Data Bundle,Data 40GB Monthly,USSD,40960,-110,Reversed,
TXN000280,2024-12-15,CUST00791,Melbourne,Postpaid,SMS Bundle,SMS 200,Web,,2.5,Successful,
TXN000284,2024-12-15,CUST00352,Adelaide,Prepaid,Recharge,Recharge $10,Agent,,10,Successful,
TXN000442,2024-12-15,CUST00369,Melbourne,Prepaid,Data Bundle,Data 2GB Weekly,USSD,2048,8,Successful,
TXN000570,2024-12-15,CUST00296,Hobart,Prepaid,Recharge,Recharge $5,USSD,,5,Successful,
TXN000614,2024-12-15,CUST00222,Brisbane,Postpaid,Data Bundle,Data 1GB Daily,Mobile App,1024,3.5,Successful,
TXN000634,2024-12-15,CUST00193,Melbourne,Prepaid,Recharge,Recharge $10,USSD,,10,Successful,
TXN000740,2024-12-15,CUST00812,Perth,Prepaid,Data Bundle,Data 6GB Monthly,Agent,6144,25,Successful,
TXN000745,2024-12-15,CUST00792,Sydney,Prepaid,Recharge,Recharge $1,Mobile App,,1,Successful,
TXN000901,2024-12-15,CUST00225,Adelaide,Prepaid,Recharge,Recharge $2,Web,,2,Successful,
TXN001317,2024-12-15,CUST00167,Adelaide,Prepaid,Recharge,Recharge $2,Agent,,2,Successful,
TXN001574,2024-12-15,CUST00877,Brisbane,Prepaid,Data Bundle,Data 1GB Daily,Agent,1024,3.5,Successful,
TXN001583,2024-12-15,CUST00463,Perth,Prepaid,Data Bundle,Data 1GB Daily,Agent,1024,-3.5,Reversed,
TXN002097,2024-12-15,CUST00018,Melbourne,Prepaid,Recharge,Recharge $5,Web,,5,Successful,
TXN002358,2024-12-15,CUST00282,Brisbane,Prepaid,Data Bundle,Data 10GB Monthly,Web,10240,35,Successful,
TXN002613,2024-12-15,CUST00358,Melbourne,Prepaid,Data Bundle,Data 6GB Monthly,Web,6144,0,Failed,
TXN002903,2024-12-15,CUST00497,Melbourne,Prepaid,Recharge,Recharge $2,Mobile App,,2,Successful,
TXN003089,2024-12-15,CUST00824,Sydney,Postpaid,Voice Bundle,Voice 100min,Agent,,4.5,Successful,
TXN003300,2024-12-15,CUST00873,Canberra,Postpaid,Recharge,Recharge $2,Web,,2,Successful,
TXN003321,2024-12-15,CUST00690,Melbourne,Prepaid,Data Bundle,Data 6GB Monthly,USSD,6144,25,Successful,
TXN003380,2024-12-15,CUST00300,Sydney,Postpaid,Data Bundle,Data 10GB Monthly,USSD,10240,35,Successful,
TXN003842,2024-12-15,CUST00452,Canberra,Prepaid,Recharge,Recharge $10,Mobile App,,10,Successful,
TXN003992,2024-12-15,CUST00026,Melbourne,Prepaid,Data Bundle,Data 6GB Monthly,Mobile App,6144,25,Successful,
TXN004039,2024-12-15,CUST00400,Brisbane,Postpaid,Data Bundle,Data 1GB Daily,Web,1024,3.5,Successful,
TXN004045,2024-12-15,CUST00401,Sydney,Prepaid,Data Bundle,Data 2GB Weekly,Agent,2048,8,Successful,
TXN004046,2024-12-15,CUST00403,Melbourne,Prepaid,Recharge,Recharge $1,Agent,,1,Successful,
TXN004096,2024-12-15,CUST00871,Sydney,Prepaid,Voice Bundle,Voice 100min,Web,,0,Failed,
TXN004138,2024-12-15,CUST00851,Brisbane,Prepaid,Data Bundle,Data 1GB Daily,Agent,1024,3.5,Successful,imputed
TXN900017,2024-12-15,CUST00167,Adelaide,Prepaid,Recharge,Recharge $2,Agent,,2,Successful,
TXN000020,2024-12-16,CUST00071,Melbourne,Prepaid,Recharge,Recharge $10,Web,,10,Successful,
TXN000038,2024-12-16,CUST00765,Melbourne,Postpaid,Data Bundle,Data 6GB Monthly,Mobile App,6144,25,Successful,
TXN000377,2024-12-16,CUST00693,Sydney,Prepaid,Data Bundle,Data 6GB Monthly,USSD,6144,25,Successful,
TXN000992,2024-12-16,CUST00439,Sydney,Postpaid,Data Bundle,Data 10GB Monthly,Web,10240,0,Failed,
TXN001134,2024-12-16,CUST00578,Perth,Prepaid,Recharge,Recharge $5,USSD,,5,Successful,
TXN001654,2024-12-16,CUST00246,Sydney,Prepaid,Recharge,Recharge $10,Web,,-10,Reversed,
TXN001747,2024-12-16,CUST00650,Melbourne,Prepaid,Recharge,Recharge $5,Mobile App,,5,Successful,
TXN001791,2024-12-16,CUST00573,Melbourne,Prepaid,Data Bundle,Data 40GB Monthly,Agent,40960,0,Failed,imputed
TXN002004,2024-12-16,CUST00854,Perth,Prepaid,Recharge,Recharge $2,Mobile App,,0,Failed,imputed
TXN002033,2024-12-16,CUST00561,Hobart,Postpaid,Recharge,Recharge $5,Mobile App,,5,Successful,
TXN002296,2024-12-16,CUST00439,Sydney,Postpaid,Data Bundle,Data 2GB Weekly,Agent,2048,8,Successful,
TXN002743,2024-12-16,CUST00231,Sydney,Prepaid,Data Bundle,Data 2GB Weekly,Agent,2048,8,Successful,
TXN003066,2024-12-16,CUST00358,Melbourne,Prepaid,Recharge,Recharge $5,Mobile App,,5,Successful,
TXN003381,2024-12-16,CUST00294,Melbourne,Prepaid,Recharge,Recharge $10,Agent,,10,Successful,
TXN003418,2024-12-16,CUST00549,Adelaide,Prepaid,Data Bundle,Data 2GB Weekly,Web,2048,0,Failed,
TXN003439,2024-12-16,CUST00094,Hobart,Prepaid,Data Bundle,Data 10GB Monthly,Agent,10240,35,Successful,
TXN003540,2024-12-16,CUST00665,Adelaide,Prepaid,Recharge,Recharge $5,Agent,,0,Failed,
TXN003649,2024-12-16,CUST00024,Sydney,Prepaid,Recharge,Recharge $5,Web,,-5,Reversed,
TXN003711,2024-12-16,CUST00010,Adelaide,Prepaid,Data Bundle,Data 2GB Weekly,USSD,2048,8,Successful,
TXN003858,2024-12-16,CUST00256,Sydney,Prepaid,Voice Bundle,Voice 100min,Agent,,4.5,Successful,
TXN000051,2024-12-17,CUST00110,Unknown,Prepaid,Recharge,Recharge $2,Agent,,2,Successful,
TXN000631,2024-12-17,CUST00362,Adelaide,Prepaid,Recharge,Recharge $5,Agent,,0,Failed,
TXN000825,2024-12-17,CUST00133,Unknown,Prepaid,Data Bundle,Data 2GB Weekly,USSD,2048,8,Successful,
TXN000882,2024-12-17,CUST00378,Canberra,Prepaid,Data Bundle,Data 2GB Weekly,USSD,2048,0,Failed,imputed
TXN001179,2024-12-17,CUST00413,Canberra,Prepaid,Recharge,Recharge $2,Mobile App,,2,Successful,
TXN001274,2024-12-17,CUST00358,Melbourne,Prepaid,Recharge,Recharge $1,Agent,,1,Successful,
TXN001441,2024-12-17,CUST00782,Sydney,Prepaid,Recharge,Recharge $10,Web,,-10,Reversed,
TXN001561,2024-12-17,CUST00096,Unknown,Prepaid,Recharge,Recharge $20,Mobile App,,20,Successful,
TXN001801,2024-12-17,CUST00562,Adelaide,Prepaid,Recharge,Recharge $10,Web,,10,Successful,
TXN001838,2024-12-17,CUST00876,Sydney,Prepaid,Data Bundle,Data 6GB Monthly,Mobile App,6144,25,Successful,
TXN002118,2024-12-17,CUST00242,Melbourne,Prepaid,Data Bundle,Data 6GB Monthly,USSD,6144,25,Successful,
TXN002253,2024-12-17,CUST00585,Sydney,Prepaid,SMS Bundle,SMS 200,USSD,,2.5,Successful,
TXN002423,2024-12-17,CUST00624,Sydney,Postpaid,Voice Bundle,Voice 300min,Agent,,11,Successful,
TXN002492,2024-12-17,CUST00166,Adelaide,Prepaid,Recharge,Recharge $1,Agent,,1,Successful,
TXN002706,2024-12-17,CUST00138,Sydney,Prepaid,Data Bundle,Data 1GB Daily,Web,1024,3.5,Successful,
TXN002749,2024-12-17,CUST00061,Adelaide,Prepaid,Recharge,Recharge $5,Mobile App,,5,Successful,imputed
TXN002972,2024-12-17,CUST00265,Sydney,Prepaid,Recharge,Recharge $2,Agent,,2,Successful,
TXN003135,2024-12-17,CUST00158,Adelaide,Postpaid,Recharge,Recharge $2,Agent,,0,Failed,imputed
TXN003404,2024-12-17,CUST00415,Brisbane,Postpaid,Data Bundle,Data 10GB Monthly,USSD,10240,35,Successful,
TXN003887,2024-12-17,CUST00638,Sydney,Prepaid,Data Bundle,Data 1GB Daily,Agent,1024,3.5,Successful,
TXN004142,2024-12-17,CUST00146,Sydney,Prepaid,Recharge,Recharge $10,Agent,,10,Successful,
TXN004186,2024-12-17,CUST00604,Sydney,Prepaid,Recharge,Recharge $5,Agent,,-5,Reversed,
TXN000080,2024-12-18,CUST00719,Sydney,Prepaid,Voice Bundle,Voice 300min,Mobile App,,0,Failed,
TXN000440,2024-12-18,CUST00361,Sydney,Postpaid,Data Bundle,Data 1GB Daily,Web,1024,3.5,Successful,imputed
TXN000644,2024-12-18,CUST00553,Adelaide,Postpaid,Voice Bundle,Voice 300min,Web,,11,Successful,
TXN000742,2024-12-18,CUST00022,Sydney,Prepaid,Data Bundle,Data 1GB Daily,Web,1024,3.5,Successful,
TXN000757,2024-12-18,CUST00783,Canberra,Prepaid,Data Bundle,Data 10GB Monthly,Mobile App,10240,0,Failed,
TXN001316,2024-12-18,CUST00880,Adelaide,Prepaid,Data Bundle,Data 1GB Daily,Agent,1024,3.5,Successful,
TXN001799,2024-12-18,CUST00115,Sydney,Postpaid,Recharge,Recharge $2,Mobile App,,0,Failed,
TXN002146,2024-12-18,CUST00396,Canberra,Prepaid,Data Bundle,Data 1GB Daily,Agent,1024,3.5,Successful,
TXN002177,2024-12-18,CUST00392,Perth,Prepaid,Recharge,Recharge $1,Mobile App,,0,Failed,
TXN002362,2024-12-18,CUST00399,Melbourne,Postpaid,Data Bundle,Data 2GB Weekly,Agent,2048,0,Failed,
TXN002746,2024-12-18,CUST00328,Adelaide,Prepaid,Data Bundle,Data 40GB Monthly,Web,40960,110,Successful,
TXN003005,2024-12-18,CUST00886,Sydney,Prepaid,Data Bundle,Data 2GB Weekly,Mobile App,2048,8,Successful,
TXN003389,2024-12-18,CUST00792,Sydney,Prepaid,SMS Bundle,SMS 200,Web,,0,Failed,imputed
TXN003408,2024-12-18,CUST00341,Perth,Prepaid,Recharge,Recharge $2,USSD,,2,Successful,
TXN003472,2024-12-18,CUST00536,Brisbane,Prepaid,Data Bundle,Data 2GB Weekly,Mobile App,2048,8,Successful,
TXN003933,2024-12-18,CUST00396,Canberra,Prepaid,Recharge,Recharge $10,Agent,,10,Successful,
TXN004177,2024-12-18,CUST00710,Canberra,Prepaid,Data Bundle,Data 6GB Monthly,Mobile App,6144,25,Successful,imputed
TXN000329,2024-12-19,CUST00229,Adelaide,Prepaid,Recharge,Recharge $5,USSD,,5,Successful,
TXN000357,2024-12-19,CUST00260,Sydney,Prepaid,Data Bundle,Data 2GB Weekly,USSD,2048,8,Successful,
TXN000420,2024-12-19,CUST00010,Unknown,Prepaid,Data Bundle,Data 2GB Weekly,USSD,2048,8,Successful,
TXN000485,2024-12-19,CUST00627,Brisbane,Prepaid,Data Bundle,Data 1GB Daily,USSD,1024,3.5,Successful,
TXN000555,2024-12-19,CUST00421,Sydney,Prepaid,SMS Bundle,SMS 200,Agent,,2.5,Successful,imputed
TXN000620,2024-12-19,CUST00606,Sydney,Prepaid,SMS Bundle,SMS 200,Web,,0,Failed,imputed
TXN000630,2024-12-19,CUST00756,Brisbane,Prepaid,Data Bundle,Data 6GB Monthly,Agent,6144,25,Successful,
TXN000656,2024-12-19,CUST00068,Sydney,Prepaid,Recharge,Recharge $1,Agent,,1,Successful,imputed
TXN000761,2024-12-19,CUST00577,Perth,Prepaid,SMS Bundle,SMS 200,Mobile App,,0,Failed,imputed
TXN001432,2024-12-19,CUST00038,Perth,Prepaid,Data Bundle,Data 1GB Daily,Web,1024,3.5,Successful,
TXN001931,2024-12-19,CUST00466,Sydney,Prepaid,Data Bundle,Data 1GB Daily,USSD,1024,3.5,Successful,
TXN002100,2024-12-19,CUST00049,Canberra,Prepaid,Data Bundle,Data 1GB Daily,Agent,1024,3.5,Successful,
TXN002141,2024-12-19,CUST00560,Brisbane,Postpaid,Data Bundle,Data 1GB Daily,Agent,1024,3.5,Successful,
TXN002220,2024-12-19,CUST00416,Hobart,Prepaid,Recharge,Recharge $5,Agent,,5,Successful,
TXN002504,2024-12-19,CUST00607,Hobart,Prepaid,Data Bundle,Data 1GB Daily,Mobile App,1024,3.5,Successful,
TXN002531,2024-12-19,CUST00741,Brisbane,Prepaid,Data Bundle,Data 1GB Daily,Agent,1024,3.5,Successful,
TXN003364,2024-12-19,CUST00792,Sydney,Prepaid,Voice Bundle,Voice 100min,Mobile App,,0,Failed,
TXN003410,2024-12-19,CUST00246,Sydney,Prepaid,Data Bundle,Data 6GB Monthly,Agent,6144,25,Successful,
TXN003713,2024-12-19,CUST00878,Sydney,Postpaid,Recharge,Recharge $10,Agent,,0,Failed,imputed
TXN003862,2024-12-19,CUST00486,Sydney,Prepaid,Recharge,Recharge $5,Mobile App,,5,Successful,
TXN004093,2024-12-19,CUST00729,Brisbane,Prepaid,Recharge,Recharge $1,Agent,,1,Successful,
TXN000348,2024-12-20,CUST00488,Sydney,Prepaid,Data Bundle,Data 6GB Monthly,USSD,6144,25,Successful,
TXN000670,2024-12-20,CUST00815,Sydney,Prepaid,SMS Bundle,SMS 200,USSD,,2.5,Successful,imputed
TXN000948,2024-12-20,CUST00258,Adelaide,Postpaid,Data Bundle,Data 10GB Monthly,Mobile App,10240,35,Successful,
TXN001592,2024-12-20,CUST00554,Perth,Postpaid,Recharge,Recharge $10,Web,,0,Failed,imputed
TXN001779,2024-12-20,CUST00469,Brisbane,Postpaid,Data Bundle,Data 2GB Weekly,Agent,2048,8,Successful,imputed
TXN001821,2024-12-20,CUST00759,Brisbane,Prepaid,Recharge,Recharge $10,Web,,10,Successful,
TXN001933,2024-12-20,CUST00475,Canberra,Postpaid,Voice Bundle,Voice 300min,Mobile App,,11,Successful,
TXN001996,2024-12-20,CUST00349,Unknown,Postpaid,Voice Bundle,Voice 100min,Mobile App,,4.5,Successful,
TXN002892,2024-12-20,CUST00321,Canberra,Prepaid,Recharge,Recharge $1,Mobile App,,0,Failed,
TXN003004,2024-12-20,CUST00603,Melbourne,Prepaid,Recharge,Recharge $2,Web,,2,Successful,
TXN003590,2024-12-20,CUST00576,Sydney,Prepaid,Recharge,Recharge $2,Web,,0,Failed,
TXN003752,2024-12-20,CUST00440,Sydney,Prepaid,Recharge,Recharge $20,Mobile App,,20,Successful,
TXN003922,2024-12-20,CUST00781,Unknown,Prepaid,Recharge,Recharge $10,Web,,10,Successful,
TXN004027,2024-12-20,CUST00325,Melbourne,Prepaid,Recharge,Recharge $10,Agent,,10,Successful,
TXN000224,2024-12-21,CUST00486,Sydney,Prepaid,Data Bundle,Data 10GB Monthly,Agent,10240,0,Failed,
TXN000225,2024-12-21,CUST00730,Adelaide,Prepaid,Voice Bundle,Voice 100min,Web,,4.5,Successful,
TXN000343,2024-12-21,CUST00614,Adelaide,Prepaid,Data Bundle,Data 2GB Weekly,Agent,2048,8,Successful,
TXN000516,2024-12-21,CUST00348,Adelaide,Prepaid,Recharge,Recharge $2,Mobile App,,2,Successful,
TXN000571,2024-12-21,CUST00100,Canberra,Postpaid,Data Bundle,Data 1GB Daily,Agent,1024,3.5,Successful,
TXN000605,2024-12-21,CUST00627,Brisbane,Prepaid,Recharge,Recharge $10,Mobile App,,10,Successful,
TXN000661,2024-12-21,CUST00504,Sydney,Prepaid,Recharge,Recharge $1,USSD,,-1,Reversed,
TXN000919,2024-12-21,CUST00584,Melbourne,Prepaid,Recharge,Recharge $2,Mobile App,,2,Successful,
TXN001055,2024-12-21,CUST00223,Hobart,Prepaid,Voice Bundle,Voice 100min,Web,,4.5,Successful,
TXN001668,2024-12-21,CUST00210,Hobart,Prepaid,Recharge,Recharge $2,Web,,2,Successful,
TXN001797,2024-12-21,CUST00519,Sydney,Prepaid,Recharge,Recharge $5,Mobile App,,5,Successful,
TXN002474,2024-12-21,CUST00286,Perth,Prepaid,Data Bundle,Data 6GB Monthly,Mobile App,6144,25,Successful,imputed
TXN003352,2024-12-21,CUST00085,Sydney,Prepaid,Recharge,Recharge $10,USSD,,10,Successful,
TXN003532,2024-12-21,CUST00763,Melbourne,Prepaid,Recharge,Recharge $1,Web,,1,Successful,
TXN003763,2024-12-21,CUST00664,Melbourne,Prepaid,Recharge,Recharge $1,Agent,,1,Successful,imputed
TXN003924,2024-12-21,CUST00178,Canberra,Prepaid,SMS Bundle,SMS 200,USSD,,2.5,Successful,
TXN004033,2024-12-21,CUST00821,Sydney,Prepaid,Data Bundle,Data 2GB Weekly,USSD,2048,8,Successful,
TXN004103,2024-12-21,CUST00059,Sydney,Prepaid,Data Bundle,Data 10GB Monthly,Web,10240,35,Successful,imputed
TXN000576,2024-12-22,CUST00059,Sydney,Prepaid,Data Bundle,Data 2GB Weekly,USSD,2048,8,Successful,
TXN001106,2024-12-22,CUST00232,Sydney,Prepaid,Voice Bundle,Voice 100min,USSD,,4.5,Successful,
TXN001339,2024-12-22,CUST00796,Hobart,Postpaid,Recharge,Recharge $5,Agent,,5,Successful,
TXN001395,2024-12-22,CUST00738,Brisbane,Postpaid,Recharge,Recharge $20,Mobile App,,20,Successful,imputed
TXN001708,2024-12-22,CUST00021,Perth,Prepaid,Voice Bundle,Voice 100min,Agent,,4.5,Successful,
TXN001774,2024-12-22,CUST00618,Brisbane,Prepaid,Recharge,Recharge $10,USSD,,10,Successful,
TXN002084,2024-12-22,CUST00353,Sydney,Prepaid,Voice Bundle,Voice 100min,Web,,4.5,Successful,
TXN002258,2024-12-22,CUST00593,Sydney,Prepaid,Data Bundle,Data 1GB Daily,Agent,1024,-3.5,Reversed,
TXN002338,2024-12-22,CUST00444,Sydney,Prepaid,Recharge,Recharge $2,Web,,0,Failed,
TXN002443,2024-12-22,CUST00401,Sydney,Prepaid,Data Bundle,Data 6GB Monthly,Web,6144,25,Successful,
TXN003454,2024-12-22,CUST00038,Perth,Prepaid,Data Bundle,Data 2GB Weekly,USSD,2048,8,Successful,
TXN003459,2024-12-22,CUST00891,Canberra,Postpaid,Voice Bundle,Voice 100min,Mobile App,,4.5,Successful,
TXN003484,2024-12-22,CUST00563,Perth,Prepaid,Voice Bundle,Voice 300min,Agent,,11,Successful,
TXN003671,2024-12-22,CUST00551,Sydney,Prepaid,Data Bundle,Data 40GB Monthly,Web,40960,110,Successful,
TXN003787,2024-12-22,CUST00186,Brisbane,Prepaid,Voice Bundle,Voice 100min,Agent,,4.5,Successful,
TXN000381,2024-12-23,CUST00469,Brisbane,Postpaid,Recharge,Recharge $20,Mobile App,,0,Failed,
TXN000996,2024-12-23,CUST00772,Melbourne,Prepaid,Recharge,Recharge $10,Mobile App,,10,Successful,
TXN001007,2024-12-23,CUST00281,Melbourne,Prepaid,Data Bundle,Data 1GB Daily,Agent,1024,3.5,Successful,
TXN001221,2024-12-23,CUST00779,Sydney,Prepaid,Recharge,Recharge $2,Mobile App,,2,Successful,
TXN001309,2024-12-23,CUST00037,Hobart,Prepaid,Data Bundle,Data 6GB Monthly,USSD,6144,25,Successful,
TXN001356,2024-12-23,CUST00303,Perth,Prepaid,Data Bundle,Data 40GB Monthly,Web,40960,110,Successful,
TXN001705,2024-12-23,CUST00717,Perth,Prepaid,Data Bundle,Data 2GB Weekly,Web,2048,8,Successful,
TXN001742,2024-12-23,CUST00069,Sydney,Prepaid,Recharge,Recharge $5,Web,,0,Failed,
TXN002694,2024-12-23,CUST00072,Sydney,Postpaid,Recharge,Recharge $10,Mobile App,,10,Successful,
TXN003039,2024-12-23,CUST00619,Sydney,Prepaid,Recharge,Recharge $2,USSD,,2,Successful,
TXN003047,2024-12-23,CUST00043,Unknown,Prepaid,Data Bundle,Data 2GB Weekly,Agent,2048,-8,Reversed,
TXN003269,2024-12-23,CUST00720,Brisbane,Postpaid,Data Bundle,Data 2GB Weekly,Web,2048,8,Successful,
TXN003720,2024-12-23,CUST00539,Perth,Prepaid,Recharge,Recharge $1,Mobile App,,1,Successful,
TXN004188,2024-12-23,CUST00727,Unknown,Postpaid,Recharge,Recharge $20,Agent,,20,Successful,outlier_corrected
TXN000071,2024-12-24,CUST00258,Adelaide,Postpaid,Data Bundle,Data 6GB Monthly,USSD,6144,25,Successful,
TXN000611,2024-12-24,CUST00073,Melbourne,Prepaid,Data Bundle,Data 1GB Daily,Agent,1024,3.5,Successful,
TXN001066,2024-12-24,CUST00440,Sydney,Prepaid,Recharge,Recharge $20,USSD,,-20,Reversed,
TXN001522,2024-12-24,CUST00882,Brisbane,Prepaid,Data Bundle,Data 2GB Weekly,Web,2048,8,Successful,
TXN001551,2024-12-24,CUST00463,Perth,Prepaid,Recharge,Recharge $5,Agent,,5,Successful,
TXN001562,2024-12-24,CUST00124,Sydney,Prepaid,Data Bundle,Data 6GB Monthly,Mobile App,6144,-25,Reversed,
TXN001927,2024-12-24,CUST00285,Perth,Postpaid,Recharge,Recharge $1,Agent,,0,Failed,
TXN002032,2024-12-24,CUST00570,Perth,Prepaid,Data Bundle,Data 1GB Daily,Mobile App,1024,3.5,Successful,
TXN002205,2024-12-24,CUST00203,Adelaide,Prepaid,Recharge,Recharge $1,Web,,1,Successful,
TXN002214,2024-12-24,CUST00266,Sydney,Prepaid,Recharge,Recharge $2,USSD,,2,Successful,
TXN002761,2024-12-24,CUST00207,Perth,Prepaid,Data Bundle,Data 1GB Daily,Web,1024,3.5,Successful,
TXN002866,2024-12-24,CUST00031,Canberra,Prepaid,Data Bundle,Data 6GB Monthly,Agent,6144,0,Failed,imputed
TXN003216,2024-12-24,CUST00003,Perth,Prepaid,Recharge,Recharge $1,Mobile App,,1,Successful,
TXN003280,2024-12-24,CUST00558,Sydney,Postpaid,Data Bundle,Data 6GB Monthly,Agent,6144,0,Failed,imputed
TXN003457,2024-12-24,CUST00486,Sydney,Prepaid,Recharge,Recharge $1,Web,,1,Successful,
TXN003509,2024-12-24,CUST00384,Melbourne,Prepaid,Voice Bundle,Voice 100min,Web,,4.5,Successful,
TXN003687,2024-12-24,CUST00632,Sydney,Postpaid,Data Bundle,Data 6GB Monthly,Agent,6144,-25,Reversed,
TXN900021,2024-12-24,CUST00073,Melbourne,Prepaid,Data Bundle,Data 1GB Daily,Agent,1024,3.5,Successful,
TXN000257,2024-12-25,CUST00153,Sydney,Prepaid,Data Bundle,Data 2GB Weekly,Agent,2048,0,Failed,
TXN000475,2024-12-25,CUST00441,Sydney,Prepaid,SMS Bundle,SMS 200,Agent,,2.5,Successful,
TXN000997,2024-12-25,CUST00335,Brisbane,Prepaid,Data Bundle,Data 2GB Weekly,USSD,2048,8,Successful,
TXN001037,2024-12-25,CUST00372,Sydney,Prepaid,Voice Bundle,Voice 100min,USSD,,0,Failed,
TXN001677,2024-12-25,CUST00679,Sydney,Prepaid,Recharge,Recharge $2,USSD,,-2,Reversed,
TXN001948,2024-12-25,CUST00491,Sydney,Postpaid,Recharge,Recharge $1,Web,,1,Successful,
TXN001963,2024-12-25,CUST00103,Melbourne,Prepaid,Voice Bundle,Voice 300min,Agent,,11,Successful,
TXN002030,2024-12-25,CUST00806,Perth,Prepaid,Data Bundle,Data 1GB Daily,Mobile App,1024,3.5,Successful,
TXN002487,2024-12-25,CUST00807,Perth,Prepaid,Recharge,Recharge $2,Web,,2,Successful,imputed
TXN002584,2024-12-25,CUST00886,Sydney,Prepaid,Recharge,Recharge $1,Agent,,1,Successful,
TXN002856,2024-12-25,CUST00440,Sydney,Prepaid,Recharge,Recharge $2,Agent,,2,Successful,
TXN003604,2024-12-25,CUST00684,Hobart,Prepaid,Data Bundle,Data 2GB Weekly,Agent,2048,8,Successful,
TXN004023,2024-12-25,CUST00130,Sydney,Postpaid,Recharge,Recharge $5,Web,,0,Failed,imputed
TXN000423,2024-12-26,CUST00325,Melbourne,Prepaid,Recharge,Recharge $5,Mobile App,,5,Successful,
TXN000956,2024-12-26,CUST00681,Sydney,Postpaid,Data Bundle,Data 10GB Monthly,Web,10240,35,Successful,
TXN001111,2024-12-26,CUST00831,Canberra,Prepaid,Recharge,Recharge $1,Mobile App,,1,Successful,
TXN001174,2024-12-26,CUST00008,Perth,Prepaid,Recharge,Recharge $5,Agent,,5,Successful,imputed
TXN001563,2024-12-26,CUST00216,Sydney,Prepaid,Recharge,Recharge $20,Web,,20,Successful,
TXN001613,2024-12-26,CUST00300,Sydney,Postpaid,Data Bundle,Data 2GB Weekly,Agent,2048,8,Successful,
TXN001748,2024-12-26,CUST00131,Hobart,Postpaid,SMS Bundle,SMS 200,Mobile App,,2.5,Successful,
TXN002183,2024-12-26,CUST00720,Brisbane,Postpaid,Voice Bundle,Voice 300min,Agent,,11,Successful,
TXN002349,2024-12-26,CUST00143,Melbourne,Postpaid,Recharge,Recharge $20,USSD,,20,Successful,
TXN003110,2024-12-26,CUST00863,Adelaide,Prepaid,Data Bundle,Data 1GB Daily,Web,1024,3.5,Successful,
TXN003324,2024-12-26,CUST00353,Sydney,Prepaid,Data Bundle,Data 1GB Daily,USSD,1024,3.5,Successful,
TXN003659,2024-12-26,CUST00767,Melbourne,Prepaid,Recharge,Recharge $10,Agent,,10,Successful,imputed
TXN003691,2024-12-26,CUST00633,Melbourne,Prepaid,Recharge,Recharge $10,Web,,-10,Reversed,
TXN003898,2024-12-26,CUST00129,Sydney,Prepaid,SMS Bundle,SMS 200,Agent,,2.5,Successful,
TXN004130,2024-12-26,CUST00592,Sydney,Postpaid,Recharge,Recharge $5,Agent,,0,Failed,
TXN004160,2024-12-26,CUST00374,Adelaide,Prepaid,Recharge,Recharge $2,Agent,,2,Successful,
TXN000824,2024-12-27,CUST00750,Melbourne,Postpaid,Data Bundle,Data 2GB Weekly,Web,2048,8,Successful,
TXN000990,2024-12-27,CUST00004,Hobart,Prepaid,Data Bundle,Data 1GB Daily,Agent,1024,3.5,Successful,
TXN001410,2024-12-27,CUST00171,Adelaide,Prepaid,Recharge,Recharge $2,Web,,2,Successful,
TXN001666,2024-12-27,CUST00182,Brisbane,Prepaid,Voice Bundle,Voice 300min,Mobile App,,11,Successful,imputed
TXN001777,2024-12-27,CUST00581,Melbourne,Prepaid,Recharge,Recharge $20,Mobile App,,20,Successful,
TXN002467,2024-12-27,CUST00508,Adelaide,Prepaid,Recharge,Recharge $2,USSD,,2,Successful,
TXN002674,2024-12-27,CUST00545,Melbourne,Prepaid,Recharge,Recharge $5,USSD,,-5,Reversed,
TXN002697,2024-12-27,CUST00895,Melbourne,Prepaid,Recharge,Recharge $5,Web,,5,Successful,
TXN003018,2024-12-27,CUST00583,Perth,Prepaid,SMS Bundle,SMS 200,Agent,,2.5,Successful,
TXN003116,2024-12-27,CUST00141,Perth,Prepaid,Data Bundle,Data 2GB Weekly,Web,2048,8,Successful,imputed
TXN003305,2024-12-27,CUST00004,Hobart,Prepaid,Data Bundle,Data 1GB Daily,Agent,1024,-3.5,Reversed,
TXN003487,2024-12-27,CUST00445,Melbourne,Prepaid,Recharge,Recharge $5,Web,,5,Successful,
TXN000022,2024-12-28,CUST00700,Sydney,Prepaid,Data Bundle,Data 2GB Weekly,Mobile App,2048,-8,Reversed,
TXN000144,2024-12-28,CUST00184,Sydney,Prepaid,Data Bundle,Data 10GB Monthly,Web,10240,35,Successful,
TXN000681,2024-12-28,CUST00220,Melbourne,Postpaid,Data Bundle,Data 1GB Daily,Web,1024,3.5,Successful,
TXN001780,2024-12-28,CUST00815,Sydney,Prepaid,Data Bundle,Data 1GB Daily,USSD,1024,3.5,Successful,
TXN001943,2024-12-28,CUST00079,Sydney,Prepaid,SMS Bundle,SMS 200,USSD,,2.5,Successful,imputed
TXN002247,2024-12-28,CUST00840,Brisbane,Prepaid,Recharge,Recharge $1,Mobile App,,-1,Reversed,
TXN002537,2024-12-28,CUST00145,Melbourne,Prepaid,Recharge,Recharge $1,Web,,-1,Reversed,
TXN002784,2024-12-28,CUST00430,Sydney,Prepaid,Recharge,Recharge $5,USSD,,5,Successful,
TXN002897,2024-12-28,CUST00132,Melbourne,Prepaid,Recharge,Recharge $5,Web,,5,Successful,
TXN003469,2024-12-28,CUST00605,Sydney,Prepaid,Recharge,Recharge $10,Web,,10,Successful,
TXN003962,2024-12-28,CUST00105,Melbourne,Postpaid,Data Bundle,Data 40GB Monthly,USSD,40960,110,Successful,
TXN004018,2024-12-28,CUST00143,Melbourne,Postpaid,Recharge,Recharge $2,Mobile App,,2,Successful,
TXN900038,2024-12-28,CUST00184,Sydney,Prepaid,Data Bundle,Data 10GB Monthly,Web,10240,35,Successful,
TXN000001,,CUST00900,Sydney,Prepaid,SMS Bundle,SMS 200,USSD,,-2.5,Reversed,
TXN000113,,CUST00890,Perth,Prepaid,SMS Bundle,SMS 200,Agent,,2.5,Successful,
TXN000146,,CUST00123,Sydney,Prepaid,Data Bundle,Data 10GB Monthly,Web,10240,35,Successful,
TXN000154,,CUST00595,Brisbane,Prepaid,Recharge,Recharge $10,USSD,,10,Successful,
TXN000157,,CUST00140,Sydney,Prepaid,Recharge,Recharge $1,Agent,,1,Successful,
TXN000213,,CUST00382,Adelaide,Prepaid,Recharge,Recharge $5,USSD,,5,Successful,
TXN000229,,CUST00672,Adelaide,Prepaid,Recharge,Recharge $2,USSD,,2,Successful,
TXN000235,,CUST00697,Sydney,Prepaid,Recharge,Recharge $5,Agent,,5,Successful,
TXN000249,,CUST00604,Sydney,Prepaid,Data Bundle,Data 2GB Weekly,Agent,2048,0,Failed,
TXN000262,,CUST00279,Sydney,Postpaid,Data Bundle,Data 1GB Daily,Mobile App,1024,3.5,Successful,
TXN000290,,CUST00687,Unknown,Prepaid,Data Bundle,Data 2GB Weekly,USSD,2048,8,Successful,
TXN000298,,CUST00165,Adelaide,Postpaid,Data Bundle,Data 2GB Weekly,USSD,2048,8,Successful,
TXN000299,,CUST00158,Adelaide,Postpaid,Voice Bundle,Voice 300min,Agent,,11,Successful,
TXN000392,,CUST00391,Adelaide,Prepaid,Voice Bundle,Voice 100min,Agent,,4.5,Successful,
TXN000412,,CUST00351,Perth,Postpaid,Data Bundle,Data 2GB Weekly,Agent,2048,8,Successful,
TXN000452,,CUST00052,Perth,Prepaid,Data Bundle,Data 1GB Daily,Mobile App,1024,3.5,Successful,
TXN000453,,CUST00443,Hobart,Prepaid,Recharge,Recharge $5,USSD,,5,Successful,
TXN000462,,CUST00758,Melbourne,Prepaid,Data Bundle,Data 6GB Monthly,Mobile App,6144,25,Successful,
TXN000536,,CUST00416,Hobart,Prepaid,Data Bundle,Data 1GB Daily,Agent,1024,3.5,Successful,imputed
TXN000538,,CUST00394,Canberra,Prepaid,Recharge,Recharge $10,Agent,,10,Successful,
TXN000546,,CUST00868,Perth,Prepaid,Voice Bundle,Voice 100min,USSD,,4.5,Successful,imputed
TXN000565,,CUST00819,Melbourne,Prepaid,SMS Bundle,SMS 200,Mobile App,,2.5,Successful,
TXN000588,,CUST00548,Sydney,Prepaid,Recharge,Recharge $10,Mobile App,,10,Successful,
TXN000652,,CUST00408,Brisbane,Prepaid,Recharge,Recharge $5,Agent,,0,Failed,imputed
TXN000666,,CUST00527,Brisbane,Prepaid,Recharge,Recharge $1,Agent,,1,Successful,
TXN000698,,CUST00037,Hobart,Prepaid,Data Bundle,Data 6GB Monthly,Mobile App,6144,25,Successful,
TXN000748,,CUST00812,Perth,Prepaid,Data Bundle,Data 1GB Daily,Agent,1024,3.5,Successful,
TXN000760,,CUST00127,Sydney,Prepaid,Data Bundle,Data 10GB Monthly,Agent,10240,35,Successful,
TXN000833,,CUST00397,Hobart,Postpaid,Recharge,Recharge $2,Web,,2,Successful,
TXN000840,,CUST00118,Sydney,Prepaid,Recharge,Recharge $2,USSD,,-2,Reversed,
TXN000888,,CUST00846,Canberra,Prepaid,Recharge,Recharge $5,Mobile App,,5,Successful,
TXN000917,,CUST00143,Melbourne,Postpaid,Data Bundle,Data 40GB Monthly,Web,40960,110,Successful,
TXN000989,,CUST00378,Canberra,Prepaid,Recharge,Recharge $10,Mobile App,,10,Successful,
TXN001003,,CUST00605,Sydney,Prepaid,Recharge,Recharge $5,Mobile App,,-5,Reversed,
TXN001079,,CUST00560,Brisbane,Postpaid,SMS Bundle,SMS 200,Mobile App,,2.5,Successful,
TXN001234,,CUST00175,Perth,Prepaid,Recharge,Recharge $5,USSD,,5,Successful,
TXN001247,,CUST00113,Sydney,Prepaid,Recharge,Recharge $10,Agent,,0,Failed,imputed
TXN001250,,CUST00361,Sydney,Postpaid,Recharge,Recharge $5,Mobile App,,5,Successful,imputed
TXN001273,,CUST00143,Melbourne,Postpaid,Recharge,Recharge $1,Mobile App,,1,Successful,
TXN001278,,CUST00599,Brisbane,Postpaid,Recharge,Recharge $1,Mobile App,,1,Successful,
TXN001282,,CUST00716,Adelaide,Prepaid,Data Bundle,Data 1GB Daily,Web,1024,3.5,Successful,
TXN001295,,CUST00355,Sydney,Prepaid,Data Bundle,Data 1GB Daily,Web,1024,0,Failed,
TXN001302,,CUST00822,Sydney,Prepaid,Recharge,Recharge $1,Web,,0,Failed,imputed
TXN001319,,CUST00040,Sydney,Prepaid,Recharge,Recharge $2,USSD,,2,Successful,
TXN001332,,CUST00221,Perth,Postpaid,Data Bundle,Data 10GB Monthly,USSD,10240,35,Successful,
TXN001345,,CUST00606,Sydney,Prepaid,Recharge,Recharge $1,Web,,1,Successful,
TXN001354,,CUST00029,Sydney,Prepaid,Data Bundle,Data 10GB Monthly,USSD,10240,0,Failed,
TXN001367,,CUST00099,Unknown,Prepaid,SMS Bundle,SMS 200,Web,,2.5,Successful,
TXN001377,,CUST00340,Sydney,Prepaid,SMS Bundle,SMS 200,USSD,,0,Failed,
TXN001405,,CUST00827,Adelaide,Prepaid,Recharge,Recharge $10,Mobile App,,10,Successful,
TXN001425,,CUST00478,Melbourne,Prepaid,Voice Bundle,Voice 300min,USSD,,-11,Reversed,
TXN001469,,CUST00525,Canberra,Prepaid,Data Bundle,Data 2GB Weekly,Web,2048,8,Successful,
TXN001495,,CUST00248,Sydney,Prepaid,Recharge,Recharge $1,Agent,,1,Successful,
TXN001519,,CUST00213,Melbourne,Prepaid,Recharge,Recharge $10,USSD,,10,Successful,
TXN001554,,CUST00266,Sydney,Prepaid,Recharge,Recharge $5,Mobile App,,5,Successful,
TXN001573,,CUST00358,Melbourne,Prepaid,Recharge,Recharge $1,Web,,1,Successful,
TXN001589,,CUST00146,Sydney,Prepaid,Data Bundle,Data 6GB Monthly,Mobile App,6144,-25,Reversed,
TXN001612,,CUST00686,Sydney,Prepaid,Recharge,Recharge $1,USSD,,1,Successful,
TXN001615,,CUST00716,Adelaide,Prepaid,Data Bundle,Data 1GB Daily,Agent,1024,3.5,Successful,
TXN001634,,CUST00067,Hobart,Postpaid,Data Bundle,Data 2GB Weekly,Agent,2048,8,Successful,
TXN001713,,CUST00718,Adelaide,Prepaid,Recharge,Recharge $1,Web,,1,Successful,
TXN001728,,CUST00167,Adelaide,Prepaid,Data Bundle,Data 1GB Daily,Agent,1024,3.5,Successful,
TXN001755,,CUST00537,Brisbane,Prepaid,Recharge,Recharge $5,USSD,,5,Successful,
TXN001795,,CUST00692,Perth,Prepaid,Data Bundle,Data 1GB Daily,Agent,1024,3.5,Successful,
TXN001796,,CUST00368,Brisbane,Prepaid,Data Bundle,Data 2GB Weekly,Agent,2048,8,Successful,
TXN001798,,CUST00872,Melbourne,Prepaid,Data Bundle,Data 2GB Weekly,Web,2048,-8,Reversed,
TXN001815,,CUST00475,Canberra,Postpaid,Voice Bundle,Voice 300min,USSD,,11,Successful,
TXN001833,,CUST00688,Sydney,Prepaid,Data Bundle,Data 1GB Daily,Mobile App,1024,3.5,Successful,
TXN001839,,CUST00481,Perth,Prepaid,Data Bundle,Data 1GB Daily,USSD,1024,3.5,Successful,
TXN001845,,CUST00654,Perth,Prepaid,Recharge,Recharge $5,Web,,5,Successful,
TXN001869,,CUST00153,Sydney,Prepaid,Voice Bundle,Voice 100min,Web,,0,Failed,
TXN001887,,CUST00080,Sydney,Prepaid,Recharge,Recharge $10,Web,,10,Successful,
TXN001892,,CUST00683,Adelaide,Prepaid,Recharge,Recharge $20,Mobile App,,20,Successful,
TXN001893,,CUST00845,Adelaide,Prepaid,Data Bundle,Data 6GB Monthly,Mobile App,6144,25,Successful,
TXN001904,,CUST00101,Canberra,Postpaid,Data Bundle,Data 40GB Monthly,Agent,40960,110,Successful,
TXN001906,,CUST00059,Sydney,Prepaid,Recharge,Recharge $10,Agent,,10,Successful,
TXN001923,,CUST00068,Sydney,Prepaid,Recharge,Recharge $2,Web,,2,Successful,
TXN001936,,CUST00407,Sydney,Prepaid,Data Bundle,Data 10GB Monthly,Web,10240,35,Successful,
TXN001941,,CUST00174,Canberra,Prepaid,Recharge,Recharge $2,Mobile App,,2,Successful,
TXN001962,,CUST00832,Melbourne,Prepaid,Recharge,Recharge $5,Agent,,5,Successful,imputed
TXN001966,,CUST00084,Sydney,Prepaid,Data Bundle,Data 1GB Daily,USSD,1024,3.5,Successful,
TXN001984,,CUST00113,Sydney,Prepaid,Data Bundle,Data 2GB Weekly,Agent,2048,-8,Reversed,
TXN001994,,CUST00736,Canberra,Prepaid,Recharge,Recharge $5,USSD,,0,Failed,
TXN002003,,CUST00376,Sydney,Postpaid,Data Bundle,Data 10GB Monthly,USSD,10240,0,Failed,
TXN002054,,CUST00342,Sydney,Prepaid,Data Bundle,Data 6GB Monthly,USSD,6144,25,Successful,
TXN002063,,CUST00437,Sydney,Prepaid,Voice Bundle,Voice 100min,Mobile App,,0,Failed,
TXN002083,,CUST00533,Sydney,Prepaid,Data Bundle,Data 10GB Monthly,USSD,10240,-35,Reversed,
TXN002089,,CUST00258,Adelaide,Postpaid,Data Bundle,Data 6GB Monthly,Agent,6144,25,Successful,
TXN002095,,CUST00056,Hobart,Prepaid,Data Bundle,Data 1GB Daily,Web,1024,3.5,Successful,
TXN002128,,CUST00663,Adelaide,Prepaid,Data Bundle,Data 1GB Daily,USSD,1024,3.5,Successful,
TXN002161,,CUST00515,Sydney,Prepaid,Data Bundle,Data 10GB Monthly,Agent,10240,35,Successful,
TXN002163,,CUST00382,Adelaide,Prepaid,Recharge,Recharge $2,Mobile App,,2,Successful,
TXN002169,,CUST00765,Melbourne,Postpaid,Data Bundle,Data 10GB Monthly,Agent,10240,35,Successful,
TXN002210,,CUST00359,Sydney,Prepaid,Data Bundle,Data 6GB Monthly,Mobile App,6144,25,Successful,
TXN002245,,CUST00597,Sydney,Prepaid,Data Bundle,Data 10GB Monthly,Agent,10240,0,Failed,
TXN002256,,CUST00094,Hobart,Prepaid,Recharge,Recharge $2,Agent,,2,Successful,
TXN002261,,CUST00342,Sydney,Prepaid,Voice Bundle,Voice 300min,Web,,11,Successful,
TXN002274,,CUST00508,Adelaide,Prepaid,Recharge,Recharge $10,Mobile App,,10,Successful,
TXN002286,,CUST00336,Melbourne,Postpaid,Data Bundle,Data 10GB Monthly,Agent,10240,0,Failed,
TXN002306,,CUST00318,Sydney,Prepaid,Data Bundle,Data 6GB Monthly,Agent,6144,25,Successful,
TXN002310,,CUST00462,Brisbane,Postpaid,Recharge,Recharge $10,Mobile App,,10,Successful,
TXN002318,,CUST00269,Sydney,Prepaid,Data Bundle,Data 10GB Monthly,USSD,10240,35,Successful,
TXN002327,,CUST00031,Canberra,Prepaid,Data Bundle,Data 1GB Daily,USSD,1024,3.5,Successful,
TXN002382,,CUST00110,Sydney,Prepaid,Data Bundle,Data 6GB Monthly,USSD,6144,25,Successful,
TXN002406,,CUST00189,Perth,Prepaid,SMS Bundle,SMS 200,Mobile App,,2.5,Successful,
TXN002414,,CUST00711,Brisbane,Prepaid,Recharge,Recharge $2,Web,,2,Successful,
TXN002464,,CUST00254,Sydney,Prepaid,Recharge,Recharge $1,Agent,,1,Successful,
TXN002481,,CUST00181,Perth,Prepaid,Recharge,Recharge $2,Web,,2,Successful,
TXN002497,,CUST00283,Hobart,Postpaid,Voice Bundle,Voice 300min,Agent,,11,Successful,imputed
TXN002527,,CUST00811,Melbourne,Postpaid,Data Bundle,Data 6GB Monthly,Mobile App,6144,25,Successful,
TXN002534,,CUST00198,Sydney,Prepaid,Recharge,Recharge $5,Mobile App,,5,Successful,imputed
TXN002635,,CUST00896,Melbourne,Prepaid,Recharge,Recharge $5,Mobile App,,5,Successful,
TXN002659,,CUST00372,Sydney,Prepaid,Recharge,Recharge $10,Mobile App,,-10,Reversed,
TXN002665,,CUST00519,Sydney,Prepaid,Recharge,Recharge $5,Web,,0,Failed,
TXN002666,,CUST00202,Melbourne,Postpaid,Recharge,Recharge $5,Agent,,5,Successful,imputed
TXN002687,,CUST00434,Sydney,Prepaid,Data Bundle,Data 1GB Daily,USSD,1024,3.5,Successful,
TXN002702,,CUST00303,Perth,Prepaid,Recharge,Recharge $2,Web,,0,Failed,imputed
TXN002719,,CUST00884,Sydney,Postpaid,Data Bundle,Data 10GB Monthly,Web,10240,-35,Reversed,
TXN002729,,CUST00712,Canberra,Prepaid,Recharge,Recharge $1,Mobile App,,1,Successful,
TXN002759,,CUST00125,Perth,Prepaid,Data Bundle,Data 1GB Daily,USSD,1024,3.5,Successful,
TXN002764,,CUST00042,Brisbane,Postpaid,Recharge,Recharge $10,Web,,10,Successful,
TXN002812,,CUST00866,Brisbane,Prepaid,Voice Bundle,Voice 100min,USSD,,4.5,Successful,
TXN002840,,CUST00233,Brisbane,Prepaid,Data Bundle,Data 6GB Monthly,Agent,6144,25,Successful,imputed
TXN002846,,CUST00723,Perth,Postpaid,Recharge,Recharge $5,Agent,,5,Successful,
TXN002932,,CUST00536,Brisbane,Prepaid,Data Bundle,Data 40GB Monthly,Agent,40960,110,Successful,
TXN002943,,CUST00179,Canberra,Prepaid,Recharge,Recharge $5,USSD,,5,Successful,
TXN002956,,CUST00589,Sydney,Prepaid,Recharge,Recharge $1,Web,,1,Successful,
TXN002958,,CUST00483,Sydney,Prepaid,Recharge,Recharge $5,Web,,5,Successful,
TXN002961,,CUST00061,Adelaide,Prepaid,Data Bundle,Data 6GB Monthly,Web,6144,25,Successful,
TXN002969,,CUST00691,Canberra,Postpaid,SMS Bundle,SMS 200,USSD,,2.5,Successful,
TXN002980,,CUST00466,Sydney,Prepaid,Data Bundle,Data 1GB Daily,Mobile App,1024,3.5,Successful,
TXN002984,,CUST00434,Sydney,Prepaid,Data Bundle,Data 1GB Daily,USSD,1024,3.5,Successful,
TXN002991,,CUST00229,Adelaide,Prepaid,Data Bundle,Data 1GB Daily,Web,1024,3.5,Successful,
TXN003003,,CUST00182,Brisbane,Prepaid,SMS Bundle,SMS 200,Mobile App,,2.5,Successful,
TXN003035,,CUST00329,Sydney,Prepaid,Data Bundle,Data 2GB Weekly,Agent,2048,8,Successful,
TXN003038,,CUST00327,Canberra,Prepaid,SMS Bundle,SMS 200,Mobile App,,2.5,Successful,
TXN003051,,CUST00034,Sydney,Prepaid,SMS Bundle,SMS 200,Agent,,0,Failed,imputed
TXN003098,,CUST00189,Perth,Prepaid,Data Bundle,Data 6GB Monthly,Web,6144,25,Successful,
TXN003100,,CUST00408,Brisbane,Prepaid,Recharge,Recharge $1,USSD,,1,Successful,
TXN003156,,CUST00554,Perth,Postpaid,Data Bundle,Data 1GB Daily,Agent,1024,3.5,Successful,
TXN003157,,CUST00577,Perth,Prepaid,Data Bundle,Data 10GB Monthly,Mobile App,10240,35,Successful,
TXN003171,,CUST00398,Sydney,Prepaid,Voice Bundle,Voice 100min,Mobile App,,0,Failed,
TXN003179,,CUST00660,Sydney,Prepaid,Data Bundle,Data 2GB Weekly,Agent,2048,8,Successful,
TXN003192,,CUST00658,Sydney,Prepaid,Recharge,Recharge $2,Agent,,0,Failed,
TXN003227,,CUST00100,Canberra,Postpaid,Data Bundle,Data 2GB Weekly,Mobile App,2048,8,Successful,
TXN003272,,CUST00117,Brisbane,Prepaid,Data Bundle,Data 1GB Daily,USSD,1024,3.5,Successful,
TXN003297,,CUST00534,Perth,Prepaid,Data Bundle,Data 1GB Daily,Mobile App,1024,3.5,Successful,
TXN003330,,CUST00144,Hobart,Prepaid,Recharge,Recharge $5,Web,,5,Successful,
TXN003387,,CUST00206,Adelaide,Prepaid,Data Bundle,Data 6GB Monthly,USSD,6144,25,Successful,imputed
TXN003403,,CUST00563,Perth,Prepaid,Recharge,Recharge $2,USSD,,2,Successful,
TXN003489,,CUST00250,Melbourne,Prepaid,Data Bundle,Data 10GB Monthly,Agent,10240,35,Successful,
TXN003570,,CUST00417,Brisbane,Prepaid,Data Bundle,Data 10GB Monthly,Web,10240,35,Successful,
TXN003581,,CUST00751,Perth,Postpaid,Voice Bundle,Voice 300min,Agent,,11,Successful,
TXN003664,,CUST00748,Canberra,Postpaid,Data Bundle,Data 1GB Daily,USSD,1024,3.5,Successful,imputed
TXN003665,,CUST00324,Hobart,Prepaid,Data Bundle,Data 1GB Daily,Mobile App,1024,3.5,Successful,
TXN003675,,CUST00654,Perth,Prepaid,Data Bundle,Data 1GB Daily,USSD,1024,3.5,Successful,
TXN003694,,CUST00156,Hobart,Prepaid,Voice Bundle,Voice 300min,Web,,11,Successful,
TXN003699,,CUST00032,Brisbane,Prepaid,Voice Bundle,Voice 300min,Agent,,11,Successful,
TXN003712,,CUST00772,Melbourne,Prepaid,Recharge,Recharge $1,Agent,,1,Successful,
TXN003730,,CUST00365,Sydney,Prepaid,Data Bundle,Data 2GB Weekly,USSD,2048,-8,Reversed,
TXN003772,,CUST00512,Hobart,Prepaid,Recharge,Recharge $10,USSD,,10,Successful,
TXN003832,,CUST00601,Hobart,Prepaid,Data Bundle,Data 10GB Monthly,USSD,10240,35,Successful,
TXN003834,,CUST00609,Adelaide,Prepaid,Data Bundle,Data 1GB Daily,Web,1024,3.5,Successful,
TXN003836,,CUST00402,Brisbane,Postpaid,Data Bundle,Data 10GB Monthly,Agent,10240,35,Successful,
TXN003863,,CUST00200,Unknown,Prepaid,Recharge,Recharge $1,Agent,,0,Failed,
TXN003884,,CUST00710,Canberra,Prepaid,SMS Bundle,SMS 200,Web,,2.5,Successful,
TXN003888,,CUST00488,Sydney,Prepaid,Recharge,Recharge $5,USSD,,5,Successful,
TXN003889,,CUST00855,Sydney,Postpaid,Voice Bundle,Voice 100min,USSD,,-4.5,Reversed,
TXN003914,,CUST00162,Adelaide,Postpaid,Recharge,Recharge $20,USSD,,-20,Reversed,
TXN003919,,CUST00877,Brisbane,Prepaid,Data Bundle,Data 10GB Monthly,Web,10240,0,Failed,
TXN003979,,CUST00812,Perth,Prepaid,Recharge,Recharge $5,Web,,5,Successful,
TXN003981,,CUST00279,Sydney,Postpaid,Recharge,Recharge $20,Agent,,20,Successful,
TXN003984,,CUST00619,Sydney,Prepaid,Data Bundle,Data 2GB Weekly,Agent,2048,8,Successful,
TXN004001,,CUST00220,Melbourne,Postpaid,Data Bundle,Data 6GB Monthly,Web,6144,25,Successful,imputed
TXN004052,,CUST00153,Sydney,Prepaid,Recharge,Recharge $1,USSD,,1,Successful,
TXN004068,,CUST00631,Sydney,Prepaid,Data Bundle,Data 6GB Monthly,USSD,6144,25,Successful,
TXN004073,,CUST00048,Sydney,Prepaid,Recharge,Recharge $5,Agent,,0,Failed,
TXN004113,,CUST00272,Sydney,Prepaid,Recharge,Recharge $5,Web,,5,Successful,
