transaction_id,txn_date,customer_id,region,customer_segment,product_type,bundle_name,channel,data_volume_mb,amount,status
TXN001167,18 May 2024,CUST00361, Sydney ,Postpaid,SMS Bundle,SMS 200,Mobile App,,(2.50),Reversed
TXN000649,2024.02.02, CUST00366 ,Melbourne VIC,Prepaid,Recharge,Recharge $2,Agent Rep,,2,Successful
TXN000929,2024.05.22,CUST00469,Brisbane QLD,Postpaid,Data Bundle,Data 6GB Monthly,ussd,6144,$25,Successful
TXN001338,2024.10.08,CUST00460,PER,Prepaid,Data Bundle,Data 10GB Monthly,Mobile app,10240,-35,Reversed
TXN002012,26 Nov 2024,CUST00552,MEL,Prepaid,Voice Bundle,Voice 100min,Ussd,, 4.50 ,Successful
TXN002669,2024.06.16,CUST00365,sydney,Prepaid,Recharge,Recharge $5,USSD,, 5 ,Successful
TXN000373,22/02/2024,CUST00295,Melbourne,Prepaid,Recharge,Recharge $5,App,,$5,Successful
TXN003439,45642,CUST00094,HBA,Prepaid,Data Bundle,Data 10GB Monthly,agent,10240,$35,Successful
TXN004154,2024.04.10, CUST00847 ,Harbour City,Prepaid,Recharge,Recharge $10,agent,,$10,Successful
TXN003134,2024.01.08,CUST00464,VIC,Prepaid,Recharge,Recharge $1,Agent Rep,,$1,Successful
TXN003725,03-16-2024,CUST00652,ADL,Prepaid,Recharge,Recharge $5,Agent Rep,,$5,Successful
TXN002608,2024.07.13,CUST00894,perth,Prepaid,Voice Bundle,Voice 100min,Online,,$4.50,Successful
TXN001580,05-05-2024,00433,Sydney,Prepaid,SMS Bundle,SMS 200,Web,,0.00,Failed
TXN001120,27/06/2024,CUST00302,Melbourne VIC,Prepaid,Voice Bundle,Voice 300min,App,, 11 ,Successful
TXN002318,,CUST00269,sydney,Prepaid,Data Bundle,Data 10GB Monthly,Ussd,10240,35,Successful
TXN001934,04-21-2024,CUST00461,Perth,Postpaid,Recharge,Recharge $10,Agent Rep,,$10,Successful
TXN002440,13/06/2024,CUST00862,Melbourne,Postpaid,Voice Bundle,Voice 300min,Mobile app,,0.00,Failed
TXN001909,08-19-2024,CUST00164, Sydney ,Postpaid,Recharge,Recharge $2,ussd,,0,Failed
TXN001115,11 Oct 2024,CUST00617,,Postpaid,SMS Bundle,SMS 200,web,, 2.50 ,Successful
TXN003633,03 Dec 2024,CUST00527,brisbane,Prepaid,Data Bundle,Data 6GB Monthly,Agent Rep,6144, 25 ,Successful
TXN002384,01/12/2024,00616,Brisbane QLD,Prepaid,Data Bundle,Data 10GB Monthly,web,10240,$35,Successful
TXN002014,06 Feb 2024,CUST00563,PER,Prepaid,Recharge,Recharge $20,Mobile App,,$20,Successful
TXN003757,45509,CUST00820, Sydney ,Prepaid,Data Bundle,Data 10GB Monthly,Ussd,10240,(35),Reversed
TXN001435,2024.09.06,CUST00530,PER,Prepaid,Recharge,Recharge $10,Online,,,Successful
TXN000585,17/08/2024,CUST00401,Sydney NSW,Prepaid,Recharge,Recharge $20,ussd,,$20,Successful
TXN002635,2024-13-40,CUST00896,MEL,Prepaid,Recharge,Recharge $5,Mobile App,, 5 ,Successful
TXN002055,2024.12.01,CUST00743,Harbour City,Prepaid,Recharge,Recharge $2,Agent Rep,,(2),Reversed
TXN002713,11-09-2024,CUST00860,Adelaide,Prepaid,Data Bundle,Data 10GB Monthly,Mobile App,10240,AUD 35,Successful
TXN003144,09/10/2024,00173,Sydney,Postpaid,Data Bundle,Data 10GB Monthly,Ussd,10240,35,Successful
TXN000597,45499,CUST00117,Brisbane,Prepaid,Recharge,Recharge $1,agent,,1,Successful
TXN000688,2024.02.13,CUST00123, Sydney ,Prepaid,SMS Bundle,SMS 200,app,,AUD 2.50,Successful
TXN002125,02/12/2024,CUST00130,Sydney NSW,Postpaid,Recharge,Recharge $1,Mobile app,,AUD 1,Successful
TXN001702,11/08/2024,00372,Sydney,Prepaid,Data Bundle,Data 10GB Monthly,MobileApp,10240,35,Successful
TXN002424,12-10-2024, CUST00340 ,sydney,Prepaid,Recharge,Recharge $1,app,,1,Successful
TXN000988,28/08/2024,CUST00027,Sydney,Postpaid,SMS Bundle,SMS 200,App,,$2.50,Successful
TXN001551,45650, CUST00463 ,PTH,Prepaid,Recharge,Recharge $5,Agent,,$5,Successful
TXN000421,03/03/2024,CUST00255,Sydney,Prepaid,Recharge,Recharge $5,Ussd,,$5,Successful
TXN001256,15 Feb 2024,00099,Brisbane,Prepaid,Recharge,Recharge $20,Agent,,$20,Successful
TXN000950,01-19-2024,CUST00344,Brisbane QLD,Prepaid,Recharge,Recharge $20,ussd,,$20,Successful
TXN004179,11/05/2024,CUST00009,sydney,Prepaid,Data Bundle,Data 10GB Monthly,Online,10240,35,Successful
TXN000638,2024.08.21,CUST00422,perth,Postpaid,Data Bundle,Data 40GB Monthly,web,40960,AUD 110,Successful
TXN000746,45605,00883,sydney,Prepaid,Recharge,Recharge $20,app,,,Failed
TXN002348,01-03-2024,CUST00390,Melbourne,Prepaid,Recharge,Recharge $1,Agent Rep,,$1,Successful
TXN000541,45295,CUST00416,HBA,Prepaid,Data Bundle,Data 1GB Daily,agent,1024,$3.50,Successful
TXN004075,03 Jan 2024,CUST00412,Perth,Postpaid,Data Bundle,Data 2GB Weekly,App,2048,0.00,Failed
TXN003279,27/07/2024, CUST00155 ,Adelaide,Postpaid,Data Bundle,Data 40GB Monthly,Website,40960,$110,Successful
TXN003270,22 Jan 2024,CUST00689,sydney,Postpaid,Recharge,Recharge $10,ussd,,0,Failed
TXN003096,06-23-2024,CUST00332,Canberra,Prepaid,Recharge,Recharge $1,App,,AUD 1,Successful
TXN001169,22/09/2024,CUST00866,Brisbane QLD,Prepaid,Recharge,Recharge $5,U.S.S.D,,5,Successful
TXN003976,45350,CUST00529,VIC,Prepaid,Recharge,Recharge $1,agent rep,,,Failed
TXN001078,21/08/2024,CUST00043,VIC,Prepaid,Data Bundle,Data 2GB Weekly,U.S.S.D,2048,$8,Successful
TXN002210,,CUST00359,Harbour City,Prepaid,Data Bundle,Data 6GB Monthly,App,6144,$25,Successful
TXN001683,19/05/2024,CUST00007, Sydney ,Prepaid,Recharge,Recharge $10,MobileApp,,,Successful
TXN003142,21 May 2024,CUST00587,,Prepaid,Data Bundle,Data 1GB Daily,Agent Rep,1024,3.50,Successful
TXN000671,2024.06.03,CUST00428,Canberra,Postpaid,Data Bundle,Data 10GB Monthly,web,10240,AUD 35,Successful
TXN000533,20/11/2024,CUST00148,adelaide,Prepaid,Recharge,Recharge $5,agent rep,,5,Successful
TXN000501,09-23-2024,CUST00626,Brisbane,Prepaid,Data Bundle,Data 6GB Monthly,Website,6144,,Successful
TXN000962,24/07/2024,CUST00433,sydney,Prepaid,Recharge,Recharge $2,web,,$2,Successful
TXN003798,2024.07.03,CUST00883,Sydney NSW,Prepaid,Data Bundle,Data 2GB Weekly,U.S.S.D,2048,,Failed
TXN002037,2024.10.17,CUST00740,Brisbane,Postpaid,Recharge,Recharge $2,agent rep,,2,Successful
TXN003581,,CUST00751,PER,Postpaid,Voice Bundle,Voice 300min,agent,,$11,Successful
TXN001001,11 Feb 2024,CUST00090,VIC,Prepaid,SMS Bundle,SMS 200,USSD,,$2.50,Successful
TXN003061,09/09/2024, CUST00663 ,Adelaide SA,Prepaid,Data Bundle,Data 1GB Daily,App,1024,$3.50,Successful
TXN002064,05-20-2024,CUST00370,MEL,Prepaid,Voice Bundle,Voice 100min,App,,,Failed
TXN001280,12-02-2024,CUST00431,HBA,Prepaid,Recharge,Recharge $1,Ussd,,AUD 1,Successful
TXN003684,03 Oct 2024,CUST00303,PER,Prepaid,Recharge,Recharge $1,Agent Rep,,$1,Successful
TXN003357,23 Feb 2024,CUST00568,HBA,Prepaid,Recharge,Recharge $10,USSD Code,,(10),Reversed
TXN001848,01-26-2024, CUST00004 ,hobart,Prepaid,Recharge,Recharge $20,Agent,,AUD 20,Successful
TXN003030,01 Dec 2024, CUST00323 ,HBA,Prepaid,Recharge,Recharge $10,Ussd,,AUD 10,Successful
TXN003423,05/11/2024,CUST00734,Hobart,Prepaid,Data Bundle,Data 2GB Weekly,ussd,2048,AUD 8,Successful
TXN000454,06-03-2024,CUST00562,Adelaide SA,Prepaid,Recharge,Recharge $10,Mobile App,,10,Successful
TXN001684,19 Aug 2024,CUST00781,brisbane,Prepaid,Recharge,Recharge $1,Web,,AUD 1,Successful
TXN000049,01-18-2024,CUST00017,Brisbane QLD,Postpaid,Data Bundle,Data 10GB Monthly,Agent Rep,10240, 35 ,Successful
TXN003390,01/08/2024,CUST00692,perth,Prepaid,SMS Bundle,SMS 200,Online,,2.50,Successful
TXN004170,27 Jan 2024,CUST00528,CBR,Prepaid,Recharge,Recharge $10,USSD,,AUD 10,Successful
TXN002005,14/11/2024,CUST00701,Sydney,Prepaid,Data Bundle,Data 6GB Monthly,app,6144,,Failed
TXN003644,05-13-2024,CUST00140,Sydney,Prepaid,Recharge,Recharge $5,Website,,0,Failed
TXN000401,06-23-2024,CUST00562,adelaide,Prepaid,Data Bundle,Data 1GB Daily,web,1024,AUD 3.50,Successful
TXN003694,,00156,HBA,Prepaid,Voice Bundle,Voice 300min,Website,,11,Successful
TXN000841,14 Apr 2024,CUST00158,adelaide,Postpaid,Recharge,Recharge $2,App,,2,Successful
TXN003672,07/04/2024, CUST00491 , Sydney ,Postpaid,Voice Bundle,Voice 300min,Mobile App,,0.00,Failed
TXN000579,23/10/2024, CUST00284 ,Sydney NSW,Postpaid,Data Bundle,Data 40GB Monthly,USSD Code,40960,-AUD 110,Reversed
TXN000985,06-11-2024,CUST00498,CBR,Prepaid,Recharge,Recharge $5,agent rep,,$5,Successful
TXN000162,26/06/2024,CUST00097,SYD,Postpaid,Data Bundle,Data 10GB Monthly,MobileApp,10240,0.00,Failed
TXN000487,01-13-2024,CUST00753,ADL,Prepaid,Data Bundle,Data 1GB Daily,agent rep,1024,0,Failed
TXN001676,45455,CUST00248,sydney,Prepaid,Recharge,Recharge $2,Ussd,,$2,Successful
TXN002278,15/04/2024,CUST00100,canberra,Postpaid,Data Bundle,Data 2GB Weekly,Mobile App,2048,,Successful
TXN003678,06-25-2024,CUST00386,brisbane,Prepaid,Recharge,Recharge $2,USSD Code,,AUD 2,Successful
TXN000595,23/01/2024,CUST00634,brisbane,Prepaid,Recharge,Recharge $1,agent,,$1,Successful
TXN002146,18/12/2024,CUST00396,CBR,Prepaid,Data Bundle,Data 1GB Daily,agent,1024, 3.50 ,Successful
TXN003175,07-14-2024,CUST00472,Adelaide,Prepaid,Data Bundle,Data 6GB Monthly,MobileApp,6144,AUD 25,Successful
TXN000276,04 Jun 2024,CUST00734,hobart,Prepaid,Recharge,Recharge $1,Agent,,$1,Successful
TXN000052,10-03-2024,CUST00274,canberra,Prepaid,Recharge,Recharge $10,Mobile App,,AUD 10,Successful
TXN000639,05/04/2024,CUST00469,BNE,Postpaid,Data Bundle,Data 40GB Monthly,Agent,40960,110,Successful
TXN000439,06 Mar 2024,CUST00107,VIC,Prepaid,Recharge,Recharge $20,Web,,,Successful
TXN002651,11-08-2024, CUST00869 ,Canberra,Prepaid,Recharge,Recharge $5,USSD,,$5,Successful
TXN001813,28/10/2024, CUST00566 ,Perth,Prepaid,Data Bundle,Data 1GB Daily,app,1024,-AUD 3.50,Reversed
TXN001299,23/10/2024,CUST00397,Hobart,Postpaid,Data Bundle,Data 10GB Monthly,U.S.S.D,10240,AUD 35,Successful
TXN002437,01/12/2024,CUST00123,Sydney,Prepaid,Data Bundle,Data 40GB Monthly,agent,40960, 110 ,Successful
TXN000195,2024.08.24, CUST00714 ,Perth-WA,Postpaid,Data Bundle,Data 10GB Monthly,USSD,10240,$35,Successful
TXN000736,09/03/2024,CUST00845,Adelaide SA,Prepaid,Recharge,Recharge $5,agent rep,, 5 ,Successful
TXN004087,09-16-2024,CUST00008,Perth,Prepaid,Voice Bundle,Voice 100min,Mobile app,,AUD 4.50,Successful
TXN003301,2024.10.12,CUST00137,perth,Postpaid,Recharge,Recharge $1,U.S.S.D,,$1,Successful
TXN000163,13 Mar 2024,CUST00134,Brisbane QLD,Postpaid,Data Bundle,Data 6GB Monthly,agent rep,6144,$25,Successful
TXN002842,07/01/2024,CUST00105,MEL,Postpaid,Data Bundle,Data 2GB Weekly,web,2048,,Successful
TXN001730,03/10/2024,CUST00289,Brisbane QLD,Prepaid,Recharge,Recharge $20,Ussd,,$20,Successful
TXN002639,2024.08.28,CUST00105,melbourne,Postpaid,Data Bundle,Data 10GB Monthly,agent rep,10240,0.00,Failed
TXN001512,07 Mar 2024,CUST00351,PER,Postpaid,Recharge,Recharge $10,USSD,,10,Successful
TXN004112,14/01/2024,CUST00153, Sydney ,Prepaid,Recharge,Recharge $2,agent rep,,,Failed
TXN003367,2024.09.07,CUST00503,Melbourne,Prepaid,Recharge,Recharge $10,agent rep,,10,Successful
TXN000604,2024.06.08,CUST00536,Brisbane,Prepaid,Data Bundle,Data 2GB Weekly,Online,2048, 8 ,Successful
TXN001126,05-14-2024,CUST00012,Melbourne VIC,Prepaid,Recharge,Recharge $10,Agent Rep,, 10 ,Successful
TXN003400,04 Sep 2024,CUST00535,sydney,Postpaid,Data Bundle,Data 10GB Monthly,Online,10240,35,Successful
TXN002510,13 Jun 2024,CUST00136,adelaide,Prepaid,Recharge,Recharge $1,Online,,,Successful
TXN001598,22/06/2024, CUST00211 ,Melbourne,Prepaid,Recharge,Recharge $5,agent,,5,Successful
TXN001648,2024.08.06,CUST00652,adelaide,Prepaid,SMS Bundle,SMS 200,Mobile App,,-2.50,Reversed
TXN001499,24/07/2024,CUST00450,Brisbane,Prepaid,Data Bundle,Data 10GB Monthly,Ussd,10240,$35,Successful
TXN001716,09-23-2024,CUST00712,Canberra,Prepaid,Recharge,Recharge $5,web,,$5,Successful
TXN004144,10-23-2024,00704,HBA,Prepaid,Recharge,Recharge $5,U.S.S.D,,,Successful
TXN001691,2024.05.22,CUST00373,SYD,Postpaid,Data Bundle,Data 10GB Monthly,app,10240,0,Failed
TXN004043,25/08/2024,CUST00874,Perth-WA,Prepaid,Data Bundle,Data 1GB Daily,Mobile App,1024,AUD 3.50,Successful
TXN000515,45515,CUST00214,,Prepaid,SMS Bundle,SMS 200,Ussd,,2.50,Successful
TXN002453,09-16-2024, CUST00869 ,CBR,Prepaid,Recharge,Recharge $5,agent,,AUD 5,Successful
TXN001426,10-06-2024,CUST00187,Adelaide SA,Prepaid,Data Bundle,Data 1GB Daily,app,1024,,Failed
TXN003991,03/04/2024,CUST00521,adelaide,Prepaid,Voice Bundle,Voice 100min,Ussd,,,Successful
TXN002904,09/09/2024,CUST00384,MEL,Prepaid,SMS Bundle,SMS 200,Mobile App,, 2.50 ,Successful
TXN002197,21/10/2024,CUST00024,SYD,Prepaid,Data Bundle,Data 6GB Monthly,Agent Rep,6144,25,Successful
TXN002731,08-01-2024,CUST00557,,Prepaid,Recharge,Recharge $10,Ussd,,,Successful
TXN002733,03/08/2024, CUST00222 ,BNE,Postpaid,Data Bundle,Data 40GB Monthly,App,40960, 110 ,Successful
TXN003846,10-14-2024,CUST00677,canberra,Postpaid,Data Bundle,Data 10GB Monthly,app,10240,AUD 35,Successful
TXN000188,12/09/2024,CUST00256,Sydney NSW,Prepaid,Recharge,Recharge $1,Online,,0.00,Failed
TXN001277,09-17-2024,CUST00590,Perth,Prepaid,Recharge,Recharge $2,Agent,,AUD 2,Successful
TXN000475,25/12/2024,CUST00441,Harbour City,Prepaid,SMS Bundle,SMS 200,Agent Rep,,$2.50,Successful
TXN002786,28/04/2024,CUST00750,melbourne,Postpaid,Recharge,Recharge $10,Website,,$10,Successful
TXN001902,02/12/2024,CUST00742,Sydney NSW,Prepaid,Data Bundle,Data 10GB Monthly,App,10240,-AUD 35,Reversed
TXN001392,03/06/2024,CUST00108,canberra,Postpaid,Data Bundle,Data 10GB Monthly,Ussd,10240, 35 ,Successful
TXN001697,25/09/2024, CUST00764 , Sydney ,Prepaid,Recharge,Recharge $10,App,,$10,Successful
TXN001388,2024.04.05,CUST00608,Perth-WA,Postpaid,Voice Bundle,Voice 100min,Mobile App,,,Successful
TXN003019,01/07/2024,00412,Perth,Postpaid,Data Bundle,Data 10GB Monthly,USSD Code,10240,$35,Successful
TXN002589,2024.04.18,CUST00045,Sydney NSW,Prepaid,Data Bundle,Data 40GB Monthly,ussd,40960,0,Failed
TXN000853,25 Apr 2024,CUST00651,Adelaide,Prepaid,Recharge,Recharge $5,Agent Rep,,AUD 5,Successful
TXN003226,26 Feb 2024,CUST00647,Canberra,Prepaid,Data Bundle,Data 10GB Monthly,Online,10240,-AUD 35,Reversed
TXN000659,2024.08.15,CUST00506,Perth-WA,Prepaid,Data Bundle,Data 6GB Monthly,agent rep,6144,25,Successful
TXN003166,2024.07.28,CUST00211,Melbourne,Prepaid,Data Bundle,Data 2GB Weekly,MobileApp,2048,8,Successful
TXN001800,23 Mar 2024,CUST00758,Melbourne VIC,Prepaid,Recharge,Recharge $1,Agent Rep,,$1,Successful
TXN001043,09/08/2024,CUST00388,brisbane,Prepaid,Data Bundle,Data 2GB Weekly,MobileApp,2048,8,Successful
TXN003807,21 Nov 2024,CUST00397,HBA,Postpaid,Data Bundle,Data 1GB Daily,Website,1024,$3.50,Successful
TXN000493,2024.10.17, CUST00745 ,Melbourne,Prepaid,Recharge,Recharge $5,Mobile App,,5,Successful
TXN000099,45549,CUST00419,perth,Prepaid,Recharge,Recharge $10,ussd,,$10,Successful
TXN001865,01 Oct 2024, CUST00464 ,Melbourne,Prepaid,Recharge,Recharge $5,Online,,$5,Successful
TXN000211,03-13-2024,CUST00039,Hobart,Prepaid,Data Bundle,Data 1GB Daily,USSD,1024,,Successful
TXN000540,45519,CUST00118, Sydney ,Prepaid,Recharge,Recharge $1,Agent Rep,,1,Successful
TXN003661,24 Jan 2024, CUST00685 ,MEL,Postpaid,Data Bundle,Data 6GB Monthly,Web,6144, 25 ,Successful
TXN002231,14/06/2024, CUST00458 ,brisbane,Prepaid,Recharge,Recharge $20,USSD Code,,AUD 20,Successful
TXN002306,,CUST00318,Sydney,Prepaid,Data Bundle,Data 6GB Monthly,agent,6144,$25,Successful
TXN000916,45590,CUST00703,Melbourne,Prepaid,Recharge,Recharge $5,USSD,,,Successful
TXN003006,12-14-2024,CUST00382,adelaide,Prepaid,Recharge,Recharge $1,MobileApp,,$1,Successful
TXN001784,2024.04.26,CUST00146,Sydney NSW,Prepaid,Voice Bundle,Voice 300min,U.S.S.D,,$11,Successful
TXN001052,45318,CUST00180,Harbour City,Prepaid,Recharge,Recharge $5,Online,,0,Failed
TXN002995,07-15-2024,CUST00717,Perth-WA,Prepaid,SMS Bundle,SMS 200,Mobile App,,AUD 2.50,Successful
TXN003225,45325,CUST00333,adelaide,Prepaid,Recharge,Recharge $10,App,, 10 ,Successful
TXN002099,24/11/2024,CUST00569,MEL,Prepaid,Data Bundle,Data 1GB Daily,Online,1024,$3.50,Successful
TXN001109,05-06-2024,CUST00544,Melbourne VIC,Prepaid,Recharge,Recharge $2,Agent Rep,, 2 ,Successful
TXN001355,03-19-2024,CUST00379,Brisbane,Prepaid,Recharge,Recharge $10,Online,,10,Successful
TXN900015,2024.02.03,CUST00494,canberra,Prepaid,Data Bundle,Data 6GB Monthly,app,6144, 25 ,Successful
TXN001721,12-03-2024,CUST00892,canberra,Postpaid,Data Bundle,Data 6GB Monthly,web,6144,AUD 25,Successful
TXN003736,09-02-2024,CUST00447,Sydney NSW,Postpaid,Voice Bundle,Voice 300min,Ussd,,$11,Successful
TXN003391,10-21-2024, CUST00511 ,sydney,Prepaid,Recharge,Recharge $2,Agent Rep,,0.00,Failed
TXN001924,11/09/2024,CUST00803,Brisbane,Postpaid,Voice Bundle,Voice 100min,web,, 4.50 ,Successful
TXN002085,2024.01.26,CUST00350,melbourne,Prepaid,Data Bundle,Data 1GB Daily,App,1024,$3.50,Successful
TXN003197,01-01-2024,CUST00435,sydney,Prepaid,SMS Bundle,SMS 200,Ussd,,2.50,Successful
TXN000326,18/11/2024,CUST00880,ADL,Prepaid,Data Bundle,Data 6GB Monthly,USSD Code,6144,AUD 25,Successful
TXN003679,03-18-2024,CUST00602,brisbane,Prepaid,Data Bundle,Data 1GB Daily,U.S.S.D,1024,3.50,Successful
TXN003617,05-11-2024,CUST00291,Harbour City,Postpaid,Voice Bundle,Voice 100min,Agent,,$4.50,Successful
TXN000761,12-19-2024,CUST00577,PER,Prepaid,SMS Bundle,SMS 200,Mobile App,,,Failed
TXN002470,04-22-2024,CUST00266,SYD,Prepaid,Data Bundle,Data 2GB Weekly,Website,2048,,Failed
TXN001365,17/05/2024,CUST00654,Perth,Prepaid,Voice Bundle,Voice 100min,Agent Rep,,4.50,Successful
TXN003509,12-24-2024, CUST00384 ,VIC,Prepaid,Voice Bundle,Voice 100min,Web,,AUD 4.50,Successful
TXN001309,23/12/2024,CUST00037,hobart,Prepaid,Data Bundle,Data 6GB Monthly,U.S.S.D,6144,AUD 25,Successful
TXN003923,12 Oct 2024,CUST00879,melbourne,Prepaid,Voice Bundle,Voice 100min,app,,$4.50,Successful
TXN002104,06/11/2024,CUST00210,HBA,Prepaid,Recharge,Recharge $1,Online,,$1,Successful
TXN003463,03 Sep 2024,CUST00459,Perth,Prepaid,Recharge,Recharge $5,U.S.S.D,,5,Successful
TXN000440,2024.12.18,CUST00361, Sydney ,Postpaid,Data Bundle,Data 1GB Daily,Online,1024,,Successful
TXN004051,2024.06.23,CUST00652,ADL,Prepaid,Data Bundle,Data 6GB Monthly,Agent,6144, 25 ,Successful
TXN000695,10-25-2024,CUST00677,Canberra,Postpaid,Data Bundle,Data 2GB Weekly,Website,2048,$8,Successful
TXN001941,,00174,canberra,Prepaid,Recharge,Recharge $2,Mobile app,, 2 ,Successful
TXN003343,04-06-2024,CUST00701,Sydney,Prepaid,Data Bundle,Data 1GB Daily,USSD Code,1024,3.50,Successful
TXN002712,14 Sep 2024,CUST00022,Harbour City,Prepaid,SMS Bundle,SMS 200,Web,,2.50,Successful
TXN002714,2024.07.17,CUST00605,SYD,Prepaid,Recharge,Recharge $20,Web,,,Successful
TXN002642,02-16-2024,CUST00670,,Prepaid,Voice Bundle,Voice 100min,U.S.S.D,,AUD 4.50,Successful
TXN002274,,CUST00508,Adelaide,Prepaid,Recharge,Recharge $10,App,,AUD 10,Successful
TXN003328,12 Oct 2024,CUST00464,melbourne,Prepaid,Recharge,Recharge $1,App,,$1,Successful
TXN003154,13/09/2024,CUST00198,Sydney,Prepaid,Data Bundle,Data 40GB Monthly,ussd,40960,,Failed
TXN001033,09 Jun 2024,CUST00410,Adelaide,Prepaid,SMS Bundle,SMS 200,App,,$2.50,Successful
TXN002611,12-07-2024, CUST00001 ,PTH,Prepaid,Recharge,Recharge $20,app,,AUD 20,Successful
TXN001681,18/03/2024,CUST00571,adelaide,Prepaid,Recharge,Recharge $1,Ussd,,0.00,Failed
TXN003187,24/10/2024,CUST00840,brisbane,Prepaid,Data Bundle,Data 10GB Monthly,Mobile App,10240,-AUD 35,Reversed
TXN000965,23 May 2024,CUST00074,BNE,Prepaid,Recharge,Recharge $2,U.S.S.D,,AUD 2,Successful
TXN002554,27/06/2024, CUST00803 ,brisbane,Postpaid,Voice Bundle,Voice 100min,web,,$4.50,Successful
TXN000319,22/02/2024,CUST00199,melbourne,Prepaid,Recharge,Recharge $1,Website,, 1 ,Successful
TXN000488,10/05/2024,CUST00451,Canberra,Prepaid,Recharge,Recharge $2,Ussd,,2,Successful
TXN002389,2024.11.06,CUST00220,Melbourne VIC,Postpaid,Data Bundle,Data 10GB Monthly,Agent Rep,10240,35,Successful
TXN001687,07-12-2024,CUST00466,sydney,Prepaid,Recharge,Recharge $5,Web,,5,Successful
TXN003285,07 Jul 2024,CUST00810,Sydney,Postpaid,Data Bundle,Data 10GB Monthly,Agent Rep,10240,AUD 35,Successful
TXN002698,21/04/2024,00682,HBA,Prepaid,Recharge,Recharge $5,Online,, 5 ,Successful
TXN002805,2024.11.08,CUST00005,VIC,Prepaid,Recharge,Recharge $1,Website,,AUD 1,Successful
TXN000702,01-19-2024,CUST00329,Sydney NSW,Prepaid,Data Bundle,Data 10GB Monthly,Ussd,10240,-35,Reversed
TXN001253,10 Dec 2024,CUST00101,Canberra,Postpaid,Recharge,Recharge $5,Agent Rep,,AUD 5,Successful
TXN002475,06-18-2024,CUST00834,PER,Prepaid,Voice Bundle,Voice 300min,U.S.S.D,, 11 ,Successful
TXN003162,07-11-2024,CUST00431,Hobart,Prepaid,Data Bundle,Data 1GB Daily,USSD,1024, 3.50 ,Successful
TXN000808,05-25-2024,CUST00347,PTH,Postpaid,Recharge,Recharge $2,MobileApp,, 2 ,Successful
TXN001538,13/10/2024,CUST00048,Sydney,Prepaid,Data Bundle,Data 2GB Weekly,Website,2048,,Failed
TXN001292,2024.01.11,CUST00669,MEL,Prepaid,Recharge,Recharge $2,USSD,,,Successful
TXN002159,11/05/2024,CUST00724,SYD,Prepaid,Data Bundle,Data 2GB Weekly,agent,2048,AUD 8,Successful
TXN900030,26 Apr 2024,CUST00026,Melbourne VIC,Prepaid,Recharge,Recharge $20,USSD,,$20,Successful
TXN000306,01-21-2024,CUST00499,VIC,Prepaid,Recharge,Recharge $20,App,,AUD 20,Successful
TXN000652,2024-13-40,CUST00408,Brisbane QLD,Prepaid,Recharge,Recharge $5,Agent,,,Failed
TXN003222,11/01/2024, CUST00297 ,sydney,Prepaid,Recharge,Recharge $10,Website,,AUD 10,Successful
TXN002095,,CUST00056,Hobart,Prepaid,Data Bundle,Data 1GB Daily,Web,1024,AUD 3.50,Successful
TXN000534,11-11-2024,CUST00808,VIC,Prepaid,Recharge,Recharge $1,Agent,,AUD 1,Successful
TXN001345,, CUST00606 ,Sydney NSW,Prepaid,Recharge,Recharge $1,Web,,$1,Successful
TXN000363,01-20-2024,00200,Perth-WA,Prepaid,Data Bundle,Data 2GB Weekly,U.S.S.D,2048, 8 ,Successful
TXN003824,05/04/2024,CUST00587,SYD,Prepaid,SMS Bundle,SMS 200,Agent Rep,, 2.50 ,Successful
TXN001105,08/01/2024,CUST00146,Sydney NSW,Prepaid,Recharge,Recharge $10,Agent,,0,Failed
TXN003470,27/09/2024,CUST00083,hobart,Prepaid,Recharge,Recharge $10,Agent Rep,,(10),Reversed
TXN002748,14/07/2024,CUST00262,perth,Prepaid,Recharge,Recharge $10,Website,,$10,Successful
TXN001962,2024-13-40,CUST00832,melbourne,Prepaid,Recharge,Recharge $5,agent rep,,,Successful
TXN003951,22/05/2024,CUST00346,PTH,Prepaid,Recharge,Recharge $5,U.S.S.D,,5,Successful
TXN001269,10-18-2024,00524,Sydney NSW,Prepaid,Recharge,Recharge $20,USSD,,(20),Reversed
TXN002969,,CUST00691,canberra,Postpaid,SMS Bundle,SMS 200,ussd,,2.50,Successful
TXN003813,11/03/2024,CUST00284,sydney,Postpaid,Data Bundle,Data 6GB Monthly,Web,6144,$25,Successful
TXN002666,,CUST00202,Melbourne VIC,Postpaid,Recharge,Recharge $5,Agent,,,Successful
TXN002225,03/04/2024,CUST00409,adelaide,Prepaid,Recharge,Recharge $10,USSD Code,,0,Failed
TXN002781,05/05/2024,CUST00071,melbourne,Prepaid,Voice Bundle,Voice 100min,Agent,,,Successful
TXN002392,2024.09.19,CUST00363,canberra,Postpaid,Data Bundle,Data 6GB Monthly,USSD Code,6144,$25,Successful
TXN000434,26/02/2024,CUST00853,Sydney NSW,Postpaid,Data Bundle,Data 1GB Daily,Website,1024,$3.50,Successful
TXN000357,12-19-2024,CUST00260, Sydney ,Prepaid,Data Bundle,Data 2GB Weekly,U.S.S.D,2048,AUD 8,Successful
TXN001454,22/04/2024,CUST00292,ADL,Prepaid,Recharge,Recharge $2,MobileApp,,AUD 2,Successful
TXN003623,25/02/2024,CUST00085,Harbour City,Prepaid,Data Bundle,Data 1GB Daily,web,1024,3.50,Successful
TXN001492,10-26-2024,CUST00024,Harbour City,Prepaid,Data Bundle,Data 1GB Daily,Mobile App,1024,$3.50,Successful
TXN001524,21/04/2024, CUST00527 ,BNE,Prepaid,Voice Bundle,Voice 100min,agent,,$4.50,Successful
TXN004054,08-14-2024,CUST00502,brisbane,Postpaid,Data Bundle,Data 1GB Daily,Agent Rep,1024,-AUD 3.50,Reversed
TXN003584,14/07/2024,CUST00853, Sydney ,Postpaid,SMS Bundle,SMS 200,MobileApp,,$2.50,Successful
TXN002740,03/04/2024,CUST00602,brisbane,Prepaid,Voice Bundle,Voice 300min,Ussd,,11,Successful
TXN003746,11/07/2024,CUST00690,Melbourne,Prepaid,Recharge,Recharge $2,web,, 2 ,Successful
TXN003097,01-23-2024,00128,canberra,Postpaid,Recharge,Recharge $10,Mobile app,,AUD 10,Successful
TXN001424,27/09/2024,CUST00178,,Prepaid,Recharge,Recharge $5,agent rep,, 5 ,Successful
TXN000668,12 Jul 2024,CUST00099,BNE,Prepaid,Recharge,Recharge $2,Web,,AUD 2,Successful
TXN002450,2024.03.18,CUST00270,Adelaide,Prepaid,Recharge,Recharge $2,agent rep,,$2,Successful
TXN002513,26/09/2024, CUST00525 ,CBR,Prepaid,Recharge,Recharge $5,MobileApp,,$5,Successful
TXN002788,09-27-2024,CUST00768,hobart,Prepaid,SMS Bundle,SMS 200,Ussd,, 2.50 ,Successful
TXN002521,2024.03.15,CUST00632,,Postpaid,Recharge,Recharge $2,Agent Rep,,$2,Successful
TXN000706,14/07/2024,CUST00582,Perth,Prepaid,Data Bundle,Data 2GB Weekly,agent,2048,,Successful
TXN003369,12/05/2024,CUST00835,Brisbane,Postpaid,Data Bundle,Data 1GB Daily,Website,1024,$3.50,Successful
TXN001196,24/10/2024,CUST00170,melbourne,Prepaid,Voice Bundle,Voice 100min,Agent Rep,,AUD 4.50,Successful
TXN000653,15/04/2024, CUST00360 ,sydney,Prepaid,Recharge,Recharge $2,Web,,$2,Successful
TXN004000,26/08/2024,CUST00319,sydney,Prepaid,Recharge,Recharge $2,agent,,$2,Successful
TXN000741,04-03-2024,CUST00819,MEL,Prepaid,Recharge,Recharge $2,App,,AUD 2,Successful
TXN001804,08/12/2024, CUST00712 ,Canberra,Prepaid,Data Bundle,Data 10GB Monthly,U.S.S.D,10240,35,Successful
TXN003507,06-18-2024,CUST00139,Harbour City,Prepaid,Recharge,Recharge $10,agent,,0.00,Failed
TXN001980,2024.11.05,CUST00114,Brisbane QLD,Postpaid,Recharge,Recharge $5,web,, 5 ,Successful
TXN000828,16/04/2024,CUST00384,Melbourne VIC,Prepaid,Recharge,Recharge $2,Online,,$2,Successful
TXN004159,2024.09.06,CUST00721,,Prepaid,Recharge,Recharge $1,web,,,Successful
TXN003381,12-16-2024,CUST00294,Melbourne VIC,Prepaid,Recharge,Recharge $10,agent rep,, 10 ,Successful
TXN000088,06 Mar 2024,CUST00529,Melbourne,Prepaid,Recharge,Recharge $10,Online,,AUD 10,Successful
TXN001197,2024.05.04,CUST00836,VIC,Postpaid,Data Bundle,Data 1GB Daily,Agent Rep,1024,3.50,Successful
TXN001694,21/02/2024,CUST00482,Adelaide SA,Postpaid,Voice Bundle,Voice 300min,Website,,$11,Successful
TXN001668,12-21-2024,00210,HBA,Prepaid,Recharge,Recharge $2,Website,,AUD 2,Successful
TXN001581,07/01/2024,CUST00648,VIC,Prepaid,Recharge,Recharge $2,Mobile App,,,Failed
TXN002480,20/03/2024,CUST00125,PER,Prepaid,Data Bundle,Data 2GB Weekly,Online,2048,AUD 8,Successful
TXN001137,13 Aug 2024, CUST00025 ,PTH,Prepaid,Voice Bundle,Voice 100min,Mobile app,,0,Failed
TXN004035,20 Apr 2024,CUST00437,Sydney,Prepaid,Recharge,Recharge $1,web,, 1 ,Successful
TXN003907,09-02-2024,CUST00742, Sydney ,Prepaid,Recharge,Recharge $10,Agent,,-AUD 10,Reversed
TXN002479,23/11/2024,CUST00542,Harbour City,Prepaid,SMS Bundle,SMS 200,Mobile app,,2.50,Successful
TXN001546,14/09/2024,00123,Sydney,Prepaid,Recharge,Recharge $20,Ussd,,0.00,Failed
TXN002569,03/12/2024,CUST00686,sydney,Prepaid,Recharge,Recharge $1,Agent Rep,, 1 ,Successful
TXN003016,2024.05.08,CUST00240,Hobart,Prepaid,SMS Bundle,SMS 200,Online,,2.50,Successful
TXN003900,2024.06.14,CUST00632,sydney,Postpaid,Data Bundle,Data 40GB Monthly,ussd,40960,AUD 110,Successful
TXN001263,05/03/2024,00719,Sydney NSW,Prepaid,SMS Bundle,SMS 200,App,,0,Failed
TXN004132,45327,CUST00573,VIC,Prepaid,Data Bundle,Data 2GB Weekly,Agent,2048,,Successful
TXN002907,2024.09.27,CUST00505,HBA,Prepaid,SMS Bundle,SMS 200,Mobile app,,$2.50,Successful
TXN001775,24 Nov 2024,CUST00397,HBA,Postpaid,Data Bundle,Data 40GB Monthly,agent,40960,110,Successful
TXN002007,2024.03.20,CUST00464,Melbourne VIC,Prepaid,Data Bundle,Data 1GB Daily,Website,1024,$3.50,Successful
TXN002951,15 Jan 2024,CUST00343,Sydney,Prepaid,Data Bundle,Data 10GB Monthly,Agent Rep,10240,$35,Successful
TXN003767,01-26-2024,CUST00413,Canberra,Prepaid,Voice Bundle,Voice 100min,ussd,,$4.50,Successful
TXN001055,21/12/2024,CUST00223,HBA,Prepaid,Voice Bundle,Voice 100min,web,,$4.50,Successful
TXN003464,2024.04.19,CUST00475,CBR,Postpaid,Recharge,Recharge $20,Mobile app,,AUD 20,Successful
TXN002915,22 Oct 2024,00362,ADL,Prepaid,Recharge,Recharge $2,agent rep,, 2 ,Successful
TXN002130,05-07-2024,CUST00459,Perth,Prepaid,SMS Bundle,SMS 200,Web,,AUD 2.50,Successful
TXN003683,11 Jan 2024,00178,canberra,Prepaid,Voice Bundle,Voice 100min,USSD,,$4.50,Successful
TXN002957,2024.03.25,CUST00337,canberra,Prepaid,Data Bundle,Data 1GB Daily,Online,1024, 3.50 ,Successful
TXN002806,12-07-2024,00055,Melbourne,Postpaid,SMS Bundle,SMS 200,web,,$2.50,Successful
TXN001460,2024.10.28,CUST00545,Melbourne VIC,Prepaid,Recharge,Recharge $2,Agent Rep,,AUD 2,Successful
TXN001236,2024.10.01,CUST00696,VIC,Prepaid,SMS Bundle,SMS 200,web,,AUD 2.50,Successful
TXN001633,27/04/2024,CUST00477,canberra,Postpaid,Data Bundle,Data 6GB Monthly,Web,6144,,Successful
TXN001087,02-08-2024,00566,,Prepaid,Recharge,Recharge $2,Mobile app,,,Failed
TXN001051,06-06-2024,CUST00622,Sydney,Prepaid,Voice Bundle,Voice 100min,MobileApp,,AUD 4.50,Successful
TXN001372,11 Oct 2024,CUST00498,canberra,Prepaid,Recharge,Recharge $1,app,,AUD 1,Successful
TXN000980,2024.03.25,CUST00768,HBA,Prepaid,SMS Bundle,SMS 200,web,,2.50,Successful
TXN002445,02-27-2024,CUST00395,brisbane,Prepaid,Recharge,Recharge $5,Mobile app,,AUD 5,Successful
TXN900029,2024.11.05,CUST00856,Brisbane QLD,Prepaid,Recharge,Recharge $2,U.S.S.D,,$2,Successful
TXN001725,2024.11.23,CUST00488,Harbour City,Prepaid,Data Bundle,Data 2GB Weekly,USSD Code,2048,8,Successful
TXN000768,09-21-2024,CUST00292,adelaide,Prepaid,Recharge,Recharge $5,Agent,,5,Successful
TXN002502,24/02/2024,CUST00378,Canberra,Prepaid,Recharge,Recharge $1,Agent,,AUD 1,Successful
TXN001189,15 Sep 2024,CUST00322,Perth,Prepaid,Recharge,Recharge $5,USSD,,AUD 5,Successful
TXN003100,2024-13-40,CUST00408,Brisbane QLD,Prepaid,Recharge,Recharge $1,USSD Code,,$1,Successful
TXN000220,07-15-2024,CUST00382,Adelaide SA,Prepaid,Recharge,Recharge $10,agent,,10,Successful
TXN002657,2024.11.05, CUST00698 ,Adelaide,Prepaid,Recharge,Recharge $5,Agent,,$5,Successful
TXN003320,25/05/2024,CUST00024,Sydney,Prepaid,SMS Bundle,SMS 200,U.S.S.D,,AUD 2.50,Successful
TXN003155,26/02/2024,CUST00381,Adelaide SA,Prepaid,Voice Bundle,Voice 100min,web,,$4.50,Successful
TXN002272,02/12/2024,CUST00192,Sydney NSW,Prepaid,Data Bundle,Data 1GB Daily,Agent Rep,1024,0,Failed
TXN003530,04-11-2024,00058,Hobart,Postpaid,Data Bundle,Data 10GB Monthly,web,10240,,Failed
TXN000450,20/09/2024,CUST00766,sydney,Postpaid,Data Bundle,Data 40GB Monthly,agent rep,40960,110,Successful
TXN003491,45315, CUST00365 , Sydney ,Prepaid,Data Bundle,Data 10GB Monthly,ussd,10240,-AUD 35,Reversed
TXN003834,2024-13-40,CUST00609,Adelaide SA,Prepaid,Data Bundle,Data 1GB Daily,web,1024,$3.50,Successful
TXN003139,11/11/2024,CUST00139,SYD,Prepaid,Recharge,Recharge $2,Online,,0,Failed
TXN000563,04-28-2024, CUST00631 ,sydney,Prepaid,Data Bundle,Data 6GB Monthly,Mobile App,6144,AUD 25,Successful
TXN002432,11/02/2024,CUST00516,sydney,Prepaid,Recharge,Recharge $2,USSD,,,Failed
TXN002219,09-28-2024,CUST00228,Harbour City,Prepaid,Recharge,Recharge $2,agent rep,,0,Failed
TXN002032,12-24-2024,CUST00570,PTH,Prepaid,Data Bundle,Data 1GB Daily,app,1024, 3.50 ,Successful
TXN002200,08-03-2024,CUST00704,HBA,Prepaid,Recharge,Recharge $2,Mobile app,,-AUD 2,Reversed
TXN001464,01/05/2024, CUST00301 , Sydney ,Prepaid,Recharge,Recharge $5,USSD Code,,,Failed
TXN002562,26/02/2024, CUST00424 ,melbourne,Prepaid,Data Bundle,Data 40GB Monthly,USSD,40960,$110,Successful
TXN002167,23/08/2024,CUST00601,hobart,Prepaid,Recharge,Recharge $20,app,,20,Successful
TXN000379,45376,CUST00503,melbourne,Prepaid,Recharge,Recharge $10,app,,$10,Successful
TXN000480,2024.10.05,CUST00705,Harbour City,Prepaid,Data Bundle,Data 1GB Daily,agent rep,1024,$3.50,Successful
TXN000346,08-03-2024,CUST00465,perth,Prepaid,Recharge,Recharge $5,app,,-5,Reversed
TXN003669,02-07-2024, CUST00848 ,BNE,Prepaid,Recharge,Recharge $2,Mobile app,,AUD 2,Successful
TXN001278,,CUST00599,BNE,Postpaid,Recharge,Recharge $1,Mobile app,,AUD 1,Successful
TXN000641,07-06-2024,CUST00729,BNE,Prepaid,Data Bundle,Data 2GB Weekly,MobileApp,2048,AUD 8,Successful
TXN002268,05/05/2024,CUST00265,SYD,Prepaid,Data Bundle,Data 1GB Daily,USSD,1024,0.00,Failed
TXN002058,2024.02.14,CUST00601,hobart,Prepaid,Data Bundle,Data 10GB Monthly,Mobile app,10240,AUD 35,Successful
TXN000260,11-22-2024,CUST00010,ADL,Prepaid,Recharge,Recharge $5,agent rep,,$5,Successful
TXN000963,14 Oct 2024,CUST00021,perth,Prepaid,Voice Bundle,Voice 100min,Mobile App,,AUD 4.50,Successful
TXN000460,08 Oct 2024,CUST00116,sydney,Prepaid,Recharge,Recharge $2,agent rep,, 2 ,Successful
TXN001458,21/04/2024,CUST00436,Brisbane QLD,Prepaid,Data Bundle,Data 10GB Monthly,agent rep,10240,$35,Successful
TXN002313,2024.11.09,CUST00253,Sydney NSW,Prepaid,Data Bundle,Data 1GB Daily,Mobile app,1024,0.00,Failed
TXN002302,03-26-2024,CUST00874,PTH,Prepaid,Recharge,Recharge $2,App,,-AUD 2,Reversed
TXN000933,21/01/2024, CUST00474 ,canberra,Prepaid,Data Bundle,Data 6GB Monthly,Web,6144,$25,Successful
TXN001397,11 Jun 2024,CUST00484,Sydney NSW,Postpaid,SMS Bundle,SMS 200,Mobile App,,2.50,Successful
TXN001699,08-25-2024,CUST00324,HBA,Prepaid,Data Bundle,Data 6GB Monthly,USSD Code,6144,25,Successful
TXN000669,06/05/2024,00422,,Postpaid,Data Bundle,Data 10GB Monthly,app,10240,AUD 35,Successful
TXN001229,08/01/2024,CUST00698,Adelaide,Prepaid,Recharge,Recharge $1,agent rep,,1,Successful
TXN003760,2024.04.15,CUST00659,SYD,Postpaid,Recharge,Recharge $10,Mobile app,,AUD 10,Successful
TXN001141,2024.10.13,CUST00730,ADL,Prepaid,SMS Bundle,SMS 200,MobileApp,,$2.50,Successful
TXN002461,10/05/2024, CUST00590 ,Perth-WA,Prepaid,Recharge,Recharge $1,ussd,,1,Successful
TXN001441,17 Dec 2024,CUST00782, Sydney ,Prepaid,Recharge,Recharge $10,Web,,-10,Reversed
TXN002249,05-23-2024,CUST00241,MEL,Prepaid,Recharge,Recharge $20,Web,,20,Successful
TXN002503,01/06/2024,CUST00338,BNE,Prepaid,Data Bundle,Data 2GB Weekly,web,2048,AUD 8,Successful
TXN001565,28 Jan 2024,CUST00857, Sydney ,Postpaid,Recharge,Recharge $10,web,,AUD 10,Successful
TXN001415,01 Jul 2024,CUST00260,Sydney NSW,Prepaid,Recharge,Recharge $1,Website,,-AUD 1,Reversed
TXN002566,07-21-2024,CUST00254,Sydney NSW,Prepaid,Data Bundle,Data 1GB Daily,App,1024, 3.50 ,Successful
TXN001528,25/10/2024,CUST00199,Melbourne VIC,Prepaid,Recharge,Recharge $5,Website,, 5 ,Successful
TXN000076,01/10/2024,CUST00699,PER,Prepaid,SMS Bundle,SMS 200,agent,,$2.50,Successful
TXN001916,23/08/2024,CUST00509,Sydney NSW,Prepaid,Recharge,Recharge $10,Mobile app,,-10,Reversed
TXN003487,2024.12.27,CUST00445,Melbourne VIC,Prepaid,Recharge,Recharge $5,Web,,AUD 5,Successful
TXN002311,2024.03.07,CUST00502,Brisbane QLD,Postpaid,Data Bundle,Data 1GB Daily,Ussd,1024,3.50,Successful
TXN003151,06/08/2024, CUST00109 ,Brisbane,Prepaid,Data Bundle,Data 6GB Monthly,web,6144,$25,Successful
TXN000230,11-26-2024, CUST00825 ,SYD,Prepaid,Data Bundle,Data 2GB Weekly,ussd,2048,AUD 8,Successful
TXN002253,12-17-2024,CUST00585,SYD,Prepaid,SMS Bundle,SMS 200,U.S.S.D,, 2.50 ,Successful
TXN004003,23/07/2024,CUST00280,Adelaide,Prepaid,Voice Bundle,Voice 300min,Agent Rep,,$11,Successful
TXN000749,15/09/2024,CUST00597,SYD,Prepaid,Recharge,Recharge $10,Web,,$10,Successful
TXN002636,16 Aug 2024,CUST00634,brisbane,Prepaid,Data Bundle,Data 40GB Monthly,agent rep,40960,$110,Successful
TXN002273,01 Nov 2024,CUST00799,Sydney,Prepaid,Voice Bundle,Voice 100min,agent rep,,(4.50),Reversed
TXN001421,03-19-2024,CUST00727,Sydney NSW,Postpaid,Data Bundle,Data 2GB Weekly,Website,2048,$8,Successful
TXN001759,11 Aug 2024,CUST00167,Adelaide SA,Prepaid,Recharge,Recharge $1,Website,,$1,Successful
TXN003885,25 Jun 2024,CUST00746,HBA,Prepaid,Data Bundle,Data 2GB Weekly,Mobile App,2048,8,Successful
TXN000802,23/10/2024,CUST00161,Hobart,Postpaid,Data Bundle,Data 2GB Weekly,U.S.S.D,2048, 8 ,Successful
TXN000728,16/07/2024,CUST00325,VIC,Prepaid,SMS Bundle,SMS 200,app,,AUD 2.50,Successful
TXN001587,11-04-2024,CUST00469,Brisbane QLD,Postpaid,Recharge,Recharge $20,agent,,$20,Successful
TXN002412,03-24-2024,CUST00090,Melbourne VIC,Prepaid,Recharge,Recharge $10,U.S.S.D,, 10 ,Successful
TXN001142,16/08/2024,CUST00581,Melbourne,Prepaid,Recharge,Recharge $1,Agent Rep,,$1,Successful
TXN003435,45461,CUST00613,Adelaide SA,Prepaid,Recharge,Recharge $5,Mobile App,,$5,Successful
TXN003398,03 Apr 2024,00293,Hobart,Prepaid,Recharge,Recharge $1,Agent Rep,,$1,Successful
TXN002800,17/11/2024,CUST00513,SYD,Postpaid,Recharge,Recharge $2,Website,,$2,Successful
TXN002789,05-14-2024,CUST00522,adelaide,Prepaid,Recharge,Recharge $10,Online,, 10 ,Successful
TXN001257,15/05/2024,CUST00480,melbourne,Prepaid,Recharge,Recharge $10,ussd,,AUD 10,Successful
TXN003048,03 Mar 2024,CUST00887,Sydney NSW,Prepaid,Data Bundle,Data 40GB Monthly,Website,40960,0.00,Failed
TXN003925,10-04-2024,CUST00861,Perth,Prepaid,Recharge,Recharge $1,Agent,,AUD 1,Successful
TXN002004,16/12/2024,00854,PER,Prepaid,Recharge,Recharge $2,App,,,Failed
TXN001484,04/03/2024,CUST00406,MEL,Prepaid,Recharge,Recharge $2,Online,,2,Successful
TXN002217,2024.08.14, CUST00883 ,Sydney NSW,Prepaid,Recharge,Recharge $1,U.S.S.D,,(1),Reversed
TXN000888,,CUST00846,canberra,Prepaid,Recharge,Recharge $5,app,,$5,Successful
TXN002996,2024.06.23,00895,Melbourne,Prepaid,Voice Bundle,Voice 100min,app,,,Successful
TXN000417,02 Sep 2024,CUST00163,sydney,Prepaid,Data Bundle,Data 1GB Daily,Website,1024,0.00,Failed
TXN000570,12-15-2024,00296,HBA,Prepaid,Recharge,Recharge $5,Ussd,,$5,Successful
TXN002878,21/03/2024,CUST00884,SYD,Postpaid,SMS Bundle,SMS 200,Agent Rep,,2.50,Successful
TXN000214,2024.03.10,CUST00890,PTH,Prepaid,Data Bundle,Data 6GB Monthly,Online,6144, 25 ,Successful
TXN002387,2024.02.15,CUST00683,Adelaide SA,Prepaid,Data Bundle,Data 6GB Monthly,U.S.S.D,6144,AUD 25,Successful
TXN000361,20 May 2024,CUST00228,Harbour City,Prepaid,Recharge,Recharge $5,agent,, 5 ,Successful
TXN003653,45391,CUST00763,melbourne,Prepaid,Data Bundle,Data 1GB Daily,Agent,1024, 3.50 ,Successful
TXN001645,04/06/2024,CUST00348,ADL,Prepaid,Recharge,Recharge $1,ussd,,1,Successful
TXN001356,45649,CUST00303,Perth,Prepaid,Data Bundle,Data 40GB Monthly,Website,40960,110,Successful
TXN003140,01/04/2024,CUST00625,HBA,Prepaid,Voice Bundle,Voice 300min,Agent,,11,Successful
TXN003698,18/10/2024,CUST00133,ADL,Prepaid,Recharge,Recharge $1,MobileApp,,1,Successful
TXN002706,2024.12.17,CUST00138,Sydney,Prepaid,Data Bundle,Data 1GB Daily,Website,1024,AUD 3.50,Successful
TXN000063,14/12/2024,CUST00567,Sydney,Prepaid,Data Bundle,Data 1GB Daily,Agent,1024,$3.50,Successful
TXN003695,08-25-2024,CUST00856,Brisbane QLD,Prepaid,Recharge,Recharge $1,agent,,$1,Successful
TXN001943,28/12/2024,CUST00079,SYD,Prepaid,SMS Bundle,SMS 200,Ussd,,,Successful
TXN001159,07-26-2024,CUST00487,Adelaide,Postpaid,Data Bundle,Data 1GB Daily,Web,1024,3.50,Successful
TXN004133,06-02-2024,CUST00187,ADL,Prepaid,Data Bundle,Data 1GB Daily,Online,1024, 3.50 ,Successful
TXN000787,11-24-2024,00426,hobart,Prepaid,Data Bundle,Data 6GB Monthly,U.S.S.D,6144,AUD 25,Successful
TXN001754,07/11/2024,CUST00844,CBR,Prepaid,Recharge,Recharge $1,MobileApp,,1,Successful
TXN002040,11/09/2024,CUST00739,PER,Prepaid,Recharge,Recharge $2,U.S.S.D,,2,Successful
TXN002016,18/10/2024,CUST00433,Sydney NSW,Prepaid,Data Bundle,Data 6GB Monthly,agent,6144, 25 ,Successful
TXN003290,08-08-2024,CUST00193,Melbourne VIC,Prepaid,SMS Bundle,SMS 200,Website,,,Failed
TXN001135,13 Oct 2024,CUST00366,VIC,Prepaid,Recharge,Recharge $5,Agent,, 5 ,Successful
TXN002142,11/07/2024,CUST00192,sydney,Prepaid,Recharge,Recharge $20,Agent Rep,,,Successful
TXN004061,01/12/2024,CUST00870,Sydney NSW,Prepaid,Voice Bundle,Voice 100min,MobileApp,,AUD 4.50,Successful
TXN900011,09/12/2024,CUST00096,Melbourne,Prepaid,Recharge,Recharge $2,agent rep,, 2 ,Successful
TXN001442,2024.01.17,CUST00608,Perth-WA,Postpaid,Recharge,Recharge $20,app,,$20,Successful
TXN002764,2024-13-40,CUST00042,BNE,Postpaid,Recharge,Recharge $10,Website,,10,Successful
TXN002041,02-13-2024,CUST00685,Melbourne VIC,Postpaid,Data Bundle,Data 40GB Monthly,USSD,40960,$110,Successful
TXN001342,10-23-2024, CUST00270 ,adelaide,Prepaid,Recharge,Recharge $1,Website,,$1,Successful
TXN001321,2024.06.15,CUST00018,melbourne,Prepaid,Recharge,Recharge $20,Mobile App,,$20,Successful
TXN001147,28/05/2024,CUST00452,Canberra,Prepaid,Recharge,Recharge $5,Web,,$5,Successful
TXN000158,12/02/2024,CUST00417,Brisbane,Prepaid,Recharge,Recharge $5,U.S.S.D,, 5 ,Successful
TXN900031,10-14-2024,CUST00677,canberra,Postpaid,Data Bundle,Data 10GB Monthly,app,10240,AUD 35,Successful
TXN000922,2024.05.14,CUST00176,CBR,Prepaid,SMS Bundle,SMS 200,web,,$2.50,Successful
TXN000157,,CUST00140,Sydney NSW,Prepaid,Recharge,Recharge $1,agent,,$1,Successful
TXN000514,2024.01.17,00761,Sydney NSW,Prepaid,Data Bundle,Data 2GB Weekly,U.S.S.D,2048,-8,Reversed
TXN900014,22/07/2024,CUST00791,VIC,Postpaid,Voice Bundle,Voice 100min,Agent,,AUD 4.50,Successful
TXN000701,2024.04.19,CUST00401,SYD,Prepaid,Data Bundle,Data 2GB Weekly,agent rep,2048, 8 ,Successful
TXN000110,27 Apr 2024,CUST00849,Harbour City,Prepaid,Recharge,Recharge $20,Agent,,,Successful
TXN001525,10/08/2024, CUST00695 ,,Prepaid,Recharge,Recharge $1,app,,AUD 1,Successful
TXN002351,45530, CUST00395 ,brisbane,Prepaid,Data Bundle,Data 1GB Daily,app,1024,AUD 3.50,Successful
TXN001796,,CUST00368,BNE,Prepaid,Data Bundle,Data 2GB Weekly,Agent,2048,$8,Successful
TXN001210,15/04/2024,CUST00403,Melbourne,Prepaid,Data Bundle,Data 2GB Weekly,agent,2048,$8,Successful
TXN003053,04-16-2024, CUST00729 ,Brisbane QLD,Prepaid,SMS Bundle,SMS 200,Mobile App,,(2.50),Reversed
TXN003161,06-15-2024,CUST00830,canberra,Prepaid,Data Bundle,Data 2GB Weekly,Web,2048,-AUD 8,Reversed
TXN000512,2024.05.11,CUST00199,VIC,Prepaid,Voice Bundle,Voice 300min,Mobile app,,AUD 11,Successful
TXN000518,08 Feb 2024,CUST00424,Melbourne VIC,Prepaid,Data Bundle,Data 10GB Monthly,agent,10240,AUD 35,Successful
TXN001041,22 Nov 2024,CUST00354,ADL,Prepaid,Data Bundle,Data 1GB Daily,web,1024, 3.50 ,Successful
TXN000532,22/06/2024,CUST00100,CBR,Postpaid,Data Bundle,Data 40GB Monthly,MobileApp,40960,110,Successful
TXN003505,03-04-2024,CUST00599,Brisbane QLD,Postpaid,Data Bundle,Data 10GB Monthly,agent rep,10240,,Successful
TXN003060,11-12-2024,CUST00445,Melbourne,Prepaid,Data Bundle,Data 6GB Monthly,ussd,6144,AUD 25,Successful
TXN001539,02-21-2024,00061,Adelaide,Prepaid,Data Bundle,Data 1GB Daily,agent rep,1024,AUD 3.50,Successful
TXN002315,28/01/2024,CUST00313,Brisbane,Prepaid,Data Bundle,Data 1GB Daily,ussd,1024,$3.50,Successful
TXN001307,2024.05.14,00056,HBA,Prepaid,Recharge,Recharge $20,MobileApp,, 20 ,Successful
TXN003784,03/10/2024,CUST00453,Harbour City,Prepaid,Recharge,Recharge $20,USSD,,0,Failed
TXN002662,28/04/2024,CUST00205,PER,Prepaid,Recharge,Recharge $1,U.S.S.D,,,Successful
TXN001789,07-26-2024, CUST00737 ,MEL,Postpaid,Data Bundle,Data 10GB Monthly,Mobile App,10240,AUD 35,Successful
TXN000861,45378,CUST00008,PER,Prepaid,Recharge,Recharge $1,web,,1,Successful
TXN000872,10-03-2024,CUST00533,Harbour City,Prepaid,Recharge,Recharge $10,Website,,0.00,Failed
TXN001770,45353, CUST00042 ,BNE,Postpaid,Data Bundle,Data 6GB Monthly,U.S.S.D,6144,0.00,Failed
TXN001465,45583,CUST00366,Melbourne,Prepaid,Recharge,Recharge $2,USSD Code,,-AUD 2,Reversed
TXN002179,2024.06.23,CUST00204,sydney,Prepaid,Voice Bundle,Voice 300min,App,,AUD 11,Successful
TXN003815,24/06/2024,CUST00116,Sydney,Prepaid,Data Bundle,Data 2GB Weekly,Agent,2048, 8 ,Successful
TXN004037,13/09/2024,CUST00790,Harbour City,Postpaid,Recharge,Recharge $5,Online,,$5,Successful
TXN002859,11-17-2024, CUST00248 ,SYD,Prepaid,Data Bundle,Data 40GB Monthly,Online,40960,$110,Successful
TXN003449,09-20-2024,CUST00640,ADL,Prepaid,Recharge,Recharge $1,Mobile App,,,Successful
TXN001354,,CUST00029,Harbour City,Prepaid,Data Bundle,Data 10GB Monthly,ussd,10240,0,Failed
TXN002002,15/01/2024,CUST00472,Adelaide,Prepaid,Recharge,Recharge $1,app,,1,Successful
TXN003820,02/02/2024,CUST00753,ADL,Prepaid,Voice Bundle,Voice 300min,ussd,,$11,Successful
TXN003041,2024.07.27,CUST00245,brisbane,Prepaid,Recharge,Recharge $10,U.S.S.D,,$10,Successful
TXN000665,21/05/2024,CUST00280,adelaide,Prepaid,Recharge,Recharge $5,USSD,,AUD 5,Successful
TXN002417,20/09/2024, CUST00102 ,HBA,Prepaid,Recharge,Recharge $2,ussd,,AUD 2,Successful
TXN900032,03-17-2024,CUST00856,Brisbane,Prepaid,Recharge,Recharge $2,agent,,$2,Successful
TXN000003,27/06/2024,CUST00180,,Prepaid,Voice Bundle,Voice 300min,Online,,$11,Successful
TXN001771,17/11/2024,CUST00596,Perth,Prepaid,Recharge,Recharge $2,Agent Rep,, 2 ,Successful
TXN003740,13/08/2024,CUST00251,Brisbane QLD,Prepaid,Voice Bundle,Voice 100min,Agent Rep,,$4.50,Successful
TXN000359,2024.07.23,CUST00821,Sydney,Prepaid,Recharge,Recharge $1,ussd,,AUD 1,Successful
TXN003728,45632,CUST00701,Harbour City,Prepaid,Recharge,Recharge $5,Ussd,,,Failed
TXN003156,,CUST00554,Perth,Postpaid,Data Bundle,Data 1GB Daily,agent,1024,AUD 3.50,Successful
TXN000842,2024.10.10, CUST00028 ,PTH,Prepaid,Recharge,Recharge $5,agent rep,, 5 ,Successful
TXN003176,45427,CUST00347,perth,Postpaid,Data Bundle,Data 2GB Weekly,USSD,2048,$8,Successful
TXN000371,2024.02.03,CUST00494,canberra,Prepaid,Data Bundle,Data 6GB Monthly,app,6144, 25 ,Successful
TXN003224,18/10/2024,CUST00103,MEL,Prepaid,Recharge,Recharge $1,Ussd,,AUD 1,Successful
TXN001602,23/08/2024,CUST00437,sydney,Prepaid,Data Bundle,Data 6GB Monthly,App,6144, 25 ,Successful
TXN000031,07-12-2024,CUST00570,PTH,Prepaid,Recharge,Recharge $5,Online,,,Successful
TXN000721,01-26-2024,00140,SYD,Prepaid,Data Bundle,Data 1GB Daily,ussd,1024, 3.50 ,Successful
TXN000591,24/03/2024,CUST00037,hobart,Prepaid,Recharge,Recharge $20,agent,,20,Successful
TXN003540,16 Dec 2024,CUST00665,ADL,Prepaid,Recharge,Recharge $5,Agent Rep,,0.00,Failed
TXN002189,16 Feb 2024,00737,MEL,Postpaid,Voice Bundle,Voice 100min,app,,,Successful
TXN000329,19/12/2024,CUST00229,Adelaide SA,Prepaid,Recharge,Recharge $5,ussd,,5,Successful
TXN000799,18/01/2024, CUST00788 ,VIC,Postpaid,Recharge,Recharge $5,U.S.S.D,,AUD 5,Successful
TXN002372,11-26-2024,CUST00208,Sydney NSW,Prepaid,Recharge,Recharge $2,ussd,,$2,Successful
TXN000445,01-12-2024,CUST00097,SYD,Postpaid,Data Bundle,Data 40GB Monthly,app,40960,-AUD 110,Reversed
TXN002528,2024.08.27,CUST00772,Melbourne VIC,Prepaid,Recharge,Recharge $2,Agent,,2,Successful
TXN000314,13 Dec 2024,CUST00784,BNE,Prepaid,Data Bundle,Data 2GB Weekly,MobileApp,2048,8,Successful
TXN001448,05-15-2024,CUST00685,,Postpaid,Data Bundle,Data 40GB Monthly,App,40960,-110,Reversed
TXN000928,28/11/2024,CUST00628,HBA,Prepaid,Recharge,Recharge $2,web,,$2,Successful
TXN003248,10-28-2024,CUST00379,BNE,Prepaid,Recharge,Recharge $1,web,,AUD 1,Successful
TXN001091,08-01-2024,CUST00059,Sydney,Prepaid,Data Bundle,Data 6GB Monthly,Agent,6144,(25),Reversed
TXN003686,2024.01.15,CUST00304,Melbourne,Prepaid,Data Bundle,Data 2GB Weekly,USSD,2048,(8),Reversed
TXN001540,24/06/2024,CUST00114,,Postpaid,SMS Bundle,SMS 200,MobileApp,,$2.50,Successful
TXN900000,2024.05.08,CUST00217,Sydney,Postpaid,Recharge,Recharge $20,Agent Rep,,AUD 800,Successful
TXN003744,24/07/2024,CUST00823,VIC,Prepaid,SMS Bundle,SMS 200,agent,, 2.50 ,Successful
TXN000416,07/09/2024,CUST00534,PER,Prepaid,Data Bundle,Data 2GB Weekly,agent,2048,8,Successful
TXN002596,24 Apr 2024,CUST00767,VIC,Prepaid,Recharge,Recharge $10,Agent,,$10,Successful
TXN003966,08-27-2024,CUST00401,SYD,Prepaid,Data Bundle,Data 10GB Monthly,Agent,10240,AUD 35,Successful
TXN000413,11-05-2024,CUST00083,Hobart,Prepaid,Data Bundle,Data 6GB Monthly,Web,6144,AUD 25,Successful
TXN000451,18/01/2024,CUST00537,BNE,Prepaid,Recharge,Recharge $5,App,,5,Successful
TXN002948,22/06/2024,CUST00870,Sydney,Prepaid,Recharge,Recharge $2,U.S.S.D,,,Successful
TXN002490,18/10/2024,CUST00725,VIC,Prepaid,Recharge,Recharge $10,Online,,10,Successful
TXN002017,02/05/2024,CUST00868,Perth-WA,Prepaid,Recharge,Recharge $1,U.S.S.D,,AUD 1,Successful
TXN000935,10-16-2024,CUST00687,melbourne,Prepaid,Recharge,Recharge $1,Website,,$1,Successful
TXN003127,07-17-2024,CUST00339,Adelaide,Postpaid,Recharge,Recharge $20,Online,,20,Successful
TXN000096,21 Mar 2024,CUST00434,SYD,Prepaid,Voice Bundle,Voice 300min,Mobile App,,$11,Successful
TXN000378,07-20-2024,CUST00869,Canberra,Prepaid,Voice Bundle,Voice 100min,agent rep,,AUD 4.50,Successful
TXN003434,23/08/2024,00358,Melbourne VIC,Prepaid,Recharge,Recharge $2,agent,,AUD 2,Successful
TXN003510,11-06-2024,CUST00264,CBR,Prepaid,Recharge,Recharge $20,Website,,$20,Successful
TXN003319,01-03-2024,CUST00564,CBR,Postpaid,Data Bundle,Data 10GB Monthly,Mobile App,10240, 35 ,Successful
TXN001850,14/02/2024,CUST00610,sydney,Prepaid,Recharge,Recharge $1,agent rep,,,Failed
TXN003567,45631,CUST00166,adelaide,Prepaid,Recharge,Recharge $1,Website,,1,Successful
TXN002925,22/02/2024,CUST00410,Adelaide SA,Prepaid,Data Bundle,Data 10GB Monthly,Online,10240,,Failed
TXN003932,08-02-2024,CUST00551,Sydney NSW,Prepaid,SMS Bundle,SMS 200,USSD,,2.50,Successful
TXN000730,10-26-2024,CUST00862,MEL,Postpaid,Voice Bundle,Voice 300min,Agent Rep,,$11,Successful
TXN002294,05-20-2024,00648,VIC,Prepaid,Voice Bundle,Voice 300min,Online,,0,Failed
TXN001663,07 Sep 2024,CUST00698,Adelaide,Prepaid,SMS Bundle,SMS 200,agent rep,,$2.50,Successful
TXN002845,15/03/2024,CUST00795,VIC,Postpaid,Recharge,Recharge $2,Agent Rep,,AUD 2,Successful
TXN001618,20 Jun 2024,CUST00655,melbourne,Prepaid,Recharge,Recharge $2,agent rep,,$2,Successful
TXN000290,,CUST00687,,Prepaid,Data Bundle,Data 2GB Weekly,USSD Code,2048,$8,Successful
TXN002987,09/03/2024,CUST00432,Perth-WA,Postpaid,Recharge,Recharge $10,Website,, 10 ,Successful
TXN003797,24/11/2024,CUST00456,VIC,Postpaid,Recharge,Recharge $20,Agent,,-AUD 20,Reversed
TXN000029,45526, CUST00592 ,sydney,Postpaid,Recharge,Recharge $20,Mobile app,,,Failed
TXN000428,01/03/2024,CUST00752,Sydney,Prepaid,Recharge,Recharge $5,agent rep,,,Successful
TXN002744,08-22-2024,CUST00738,BNE,Postpaid,SMS Bundle,SMS 200,agent,,2.50,Successful
TXN003727,02-22-2024,CUST00284,Sydney,Postpaid,Data Bundle,Data 6GB Monthly,Web,6144,25,Successful
TXN000617,26/08/2024,CUST00303,PTH,Prepaid,Voice Bundle,Voice 100min,MobileApp,,AUD 4.50,Successful
TXN002763,03/12/2024,CUST00557,perth,Prepaid,Recharge,Recharge $20,app,,$20,Successful
TXN003085,21/01/2024,CUST00877,brisbane,Prepaid,Recharge,Recharge $2,agent,,0.00,Failed
TXN000719,05/04/2024,00416,HBA,Prepaid,Recharge,Recharge $2,Website,,,Successful
TXN001194,14/11/2024,CUST00764,SYD,Prepaid,Voice Bundle,Voice 300min,Mobile app,,(11),Reversed
TXN002235,06-04-2024,CUST00413,canberra,Prepaid,Data Bundle,Data 1GB Daily,ussd,1024,0,Failed
TXN002936,2024.11.10,CUST00043,MEL,Prepaid,Recharge,Recharge $10,agent,,10,Successful
TXN900020,15/03/2024,00789,ADL,Prepaid,Data Bundle,Data 1GB Daily,Online,1024,AUD 3.50,Successful
TXN003790,2024.11.03,CUST00816,Harbour City,Prepaid,Data Bundle,Data 2GB Weekly,Mobile app,2048,(8),Reversed
TXN003204,08-07-2024,CUST00120,BNE,Prepaid,Recharge,Recharge $10,Online,,,Successful
TXN002591,05/05/2024,CUST00729,BNE,Prepaid,Recharge,Recharge $10,Website,,AUD 10,Successful
TXN001991,08/06/2024,CUST00366,VIC,Prepaid,Recharge,Recharge $20,USSD Code,,20,Successful
TXN002442,04-10-2024,CUST00062,adelaide,Prepaid,Data Bundle,Data 2GB Weekly,Website,2048,8,Successful
TXN000738,2024.06.21,CUST00004,Hobart,Prepaid,Data Bundle,Data 1GB Daily,Mobile App,1024,$3.50,Successful
TXN003634,24/04/2024,CUST00587,Sydney,Prepaid,Data Bundle,Data 1GB Daily,Web,1024,0.00,Failed
TXN001920,02-03-2024, CUST00130 ,Sydney,Postpaid,Recharge,Recharge $20,App,,-20,Reversed
TXN004151,45513,CUST00632,sydney,Postpaid,Data Bundle,Data 2GB Weekly,U.S.S.D,2048,,Failed
TXN002222,08 Nov 2024,CUST00436,brisbane,Prepaid,Data Bundle,Data 40GB Monthly,agent rep,40960,AUD 110,Successful
TXN000035,18 May 2024,CUST00868,perth,Prepaid,Recharge,Recharge $2,U.S.S.D,,AUD 2,Successful
TXN003495,12/09/2024,CUST00277,sydney,Prepaid,SMS Bundle,SMS 200,USSD Code,,0.00,Failed
TXN001063,22/07/2024, CUST00564 ,Canberra,Postpaid,Recharge,Recharge $20,Web,,AUD 20,Successful
TXN000884,23/06/2024,CUST00684,hobart,Prepaid,Data Bundle,Data 2GB Weekly,Agent,2048,$8,Successful
TXN002067,21 Feb 2024,CUST00586,Sydney,Prepaid,Data Bundle,Data 6GB Monthly,Mobile app,6144,$25,Successful
TXN001398,10-16-2024,CUST00537,brisbane,Prepaid,Recharge,Recharge $10,ussd,, 10 ,Successful
TXN000263,02-24-2024,CUST00116,Harbour City,Prepaid,Recharge,Recharge $2,Web,,AUD 2,Successful
TXN000128,08-20-2024,CUST00255,Harbour City,Prepaid,Recharge,Recharge $5,U.S.S.D,,5,Successful
TXN001381,25/10/2024,CUST00517,PER,Prepaid,Recharge,Recharge $1,Mobile app,,$1,Successful
TXN001211,02-08-2024,CUST00633,melbourne,Prepaid,Recharge,Recharge $1,agent rep,,(1),Reversed
TXN003231,06/03/2024,CUST00190,sydney,Postpaid,Voice Bundle,Voice 300min,agent rep,,AUD 11,Successful
TXN003051,,CUST00034,Sydney,Prepaid,SMS Bundle,SMS 200,Agent,,,Failed
TXN000637,09-10-2024, CUST00756 ,brisbane,Prepaid,Recharge,Recharge $1,Agent Rep,,$1,Successful
TXN003743,2024.07.12,CUST00728,Brisbane QLD,Postpaid,Data Bundle,Data 40GB Monthly,MobileApp,40960,$110,Successful
TXN001272,21/04/2024,CUST00595,BNE,Prepaid,Data Bundle,Data 2GB Weekly,Agent Rep,2048,8,Successful
TXN001724,2024.09.07,CUST00811,Melbourne,Postpaid,Recharge,Recharge $2,app,,$2,Successful
TXN003387,2024-13-40,CUST00206,Adelaide SA,Prepaid,Data Bundle,Data 6GB Monthly,USSD,6144,,Successful
TXN001016,02-16-2024,CUST00058,hobart,Postpaid,Data Bundle,Data 10GB Monthly,agent rep,10240,,Successful
TXN004163,09-02-2024,CUST00686,,Prepaid,Recharge,Recharge $10,Mobile app,,0.00,Failed
TXN000122,27/09/2024,00009, Sydney ,Prepaid,Recharge,Recharge $10,Ussd,,0,Failed
TXN000733,45575,CUST00843,perth,Prepaid,Voice Bundle,Voice 100min,Agent Rep,, 4.50 ,Successful
TXN002680,2024.02.17,CUST00840,BNE,Prepaid,Data Bundle,Data 2GB Weekly,Website,2048,8,Successful
TXN003138,20/08/2024,CUST00844,CBR,Prepaid,Data Bundle,Data 40GB Monthly,Website,40960,,Successful
TXN003873,45463,CUST00344,brisbane,Prepaid,Recharge,Recharge $1,Agent,,AUD 1,Successful
TXN001728,,CUST00167,ADL,Prepaid,Data Bundle,Data 1GB Daily,Agent,1024,3.50,Successful
TXN002073,04-19-2024,CUST00823,Melbourne VIC,Prepaid,Recharge,Recharge $1,Agent Rep,,$1,Successful
TXN000112,45588,CUST00528,Canberra,Prepaid,SMS Bundle,SMS 200,Ussd,,2.50,Successful
TXN000623,08/05/2024,CUST00136,,Prepaid,Recharge,Recharge $1,App,,1,Successful
TXN002260,18 Jul 2024,CUST00046,Harbour City,Prepaid,Recharge,Recharge $2,app,,-2,Reversed
TXN002092,2024.12.04,CUST00065,HBA,Postpaid,Recharge,Recharge $10,Mobile App,,$10,Successful
TXN003844,45611,CUST00764,Sydney,Prepaid,Data Bundle,Data 6GB Monthly,Website,6144,,Failed
TXN000714,2024.10.06,CUST00688,Sydney,Prepaid,Data Bundle,Data 2GB Weekly,Online,2048,,Successful
TXN002277,24/07/2024,CUST00560,Brisbane QLD,Postpaid,Data Bundle,Data 1GB Daily,Mobile app,1024,,Successful
TXN001876,06/04/2024,CUST00474,,Prepaid,Data Bundle,Data 2GB Weekly,U.S.S.D,2048,$8,Successful
TXN000654,2024.06.06,CUST00823,MEL,Prepaid,Recharge,Recharge $10,MobileApp,,10,Successful
TXN004032,14/12/2024,CUST00190, Sydney ,Postpaid,Recharge,Recharge $20,Mobile App,,AUD 20,Successful
TXN002741,24 Apr 2024,CUST00598,Sydney,Postpaid,Data Bundle,Data 40GB Monthly,Website,40960,$110,Successful
TXN002396,21 Jul 2024,CUST00074,BNE,Prepaid,Recharge,Recharge $1,agent,,AUD 1,Successful
TXN003326,23/09/2024,CUST00581,Melbourne VIC,Prepaid,Voice Bundle,Voice 100min,Website,,4.50,Successful
TXN000102,07-12-2024,CUST00794,Sydney NSW,Prepaid,Data Bundle,Data 6GB Monthly,Website,6144,25,Successful
TXN000427,09/04/2024,CUST00461,PTH,Postpaid,Data Bundle,Data 2GB Weekly,Website,2048,AUD 8,Successful
TXN003850,11/02/2024,CUST00671,Brisbane,Prepaid,Voice Bundle,Voice 100min,Mobile App,,4.50,Successful
TXN000565,,CUST00819,MEL,Prepaid,SMS Bundle,SMS 200,Mobile app,,$2.50,Successful
TXN004036,2024.11.11,CUST00088,ADL,Prepaid,Data Bundle,Data 1GB Daily,USSD Code,1024,AUD 3.50,Successful
TXN000743,28 Apr 2024,CUST00204, Sydney ,Prepaid,Recharge,Recharge $10,Agent Rep,,10,Successful
TXN000877,11 Aug 2024,CUST00636,melbourne,Prepaid,Data Bundle,Data 6GB Monthly,Agent,6144,25,Successful
TXN003364,19/12/2024,CUST00792,Harbour City,Prepaid,Voice Bundle,Voice 100min,App,,0,Failed
TXN002541,45425,CUST00713,VIC,Prepaid,Recharge,Recharge $1,Agent Rep,,1,Successful
TXN002259,10-09-2024, CUST00235 ,Perth-WA,Prepaid,Data Bundle,Data 1GB Daily,Online,1024,-AUD 3.50,Reversed
TXN003866,04-09-2024, CUST00370 ,MEL,Prepaid,Recharge,Recharge $5,app,,AUD 5,Successful
TXN001116,07-18-2024,CUST00429,Adelaide SA,Prepaid,Data Bundle,Data 1GB Daily,Website,1024,3.50,Successful
TXN003092,12-03-2024,CUST00706,Sydney NSW,Prepaid,Recharge,Recharge $2,Mobile App,, 2 ,Successful
TXN002429,08-01-2024,CUST00754,,Prepaid,Data Bundle,Data 1GB Daily,agent,1024,AUD 3.50,Successful
TXN003971,2024.10.20,CUST00270,,Prepaid,Data Bundle,Data 1GB Daily,U.S.S.D,1024,,Failed
TXN003448,08/07/2024,CUST00178,CBR,Prepaid,SMS Bundle,SMS 200,Mobile app,,,Failed
TXN004190,09-03-2024,CUST00291,Sydney,Postpaid,Recharge,Recharge $20,agent,,"$1,200",Successful
TXN001470,45375,00023,sydney,Prepaid,Data Bundle,Data 2GB Weekly,Online,2048,$8,Successful
TXN003329,06-08-2024,CUST00455,Sydney NSW,Prepaid,Data Bundle,Data 1GB Daily,Ussd,1024,-AUD 3.50,Reversed
TXN003543,2024.04.12,CUST00248,Sydney,Prepaid,Data Bundle,Data 2GB Weekly,agent rep,2048,$8,Successful
TXN001846,16/04/2024,00384,VIC,Prepaid,SMS Bundle,SMS 200,agent rep,,$2.50,Successful
TXN000415,15 Oct 2024,CUST00395,BNE,Prepaid,SMS Bundle,SMS 200,USSD,, 2.50 ,Successful
TXN000588,,CUST00548,Harbour City,Prepaid,Recharge,Recharge $10,Mobile app,,AUD 10,Successful
TXN001181,03/03/2024, CUST00331 ,brisbane,Prepaid,Recharge,Recharge $1,Mobile App,,AUD 1,Successful
TXN002452,2024.04.07, CUST00252 ,,Prepaid,Data Bundle,Data 2GB Weekly,Agent,2048,,Failed
TXN003257,24/02/2024,CUST00804,Brisbane,Postpaid,Recharge,Recharge $20,Mobile App,,$20,Successful
TXN000456,25/01/2024, CUST00249 ,MEL,Prepaid,Data Bundle,Data 2GB Weekly,USSD Code,2048,8,Successful
TXN000420,19 Dec 2024,CUST00010,,Prepaid,Data Bundle,Data 2GB Weekly,ussd,2048,AUD 8,Successful
TXN000893,06/05/2024,CUST00829, Sydney ,Prepaid,SMS Bundle,SMS 200,U.S.S.D,,AUD 2.50,Successful
TXN000896,2024.07.26,CUST00875,sydney,Prepaid,Recharge,Recharge $2,agent rep,, 2 ,Successful
TXN000449,45439,CUST00790,Sydney NSW,Postpaid,Voice Bundle,Voice 300min,App,,0.00,Failed
TXN002399,08-19-2024, CUST00499 ,melbourne,Prepaid,Recharge,Recharge $1,Ussd,,1,Successful
TXN000432,45312,00102,HBA,Prepaid,Recharge,Recharge $20,Agent,,AUD 20,Successful
TXN000616,45350,CUST00288, Sydney ,Postpaid,Data Bundle,Data 1GB Daily,MobileApp,1024,AUD 3.50,Successful
TXN002296,45642,CUST00439,Harbour City,Postpaid,Data Bundle,Data 2GB Weekly,Agent Rep,2048,8,Successful
TXN002328,2024.08.07,CUST00729,Brisbane QLD,Prepaid,Recharge,Recharge $1,USSD Code,,$1,Successful
TXN003638,13/05/2024,CUST00471,ADL,Prepaid,Voice Bundle,Voice 100min,Web,,$4.50,Successful
TXN001383,2024.07.01,00436,brisbane,Prepaid,Recharge,Recharge $10,web,,AUD 10,Successful
TXN002595,24 May 2024,CUST00534,Perth,Prepaid,Recharge,Recharge $10,Website,,AUD 10,Successful
TXN001972,45387,CUST00765,Melbourne VIC,Postpaid,Voice Bundle,Voice 100min,MobileApp,,$4.50,Successful
TXN000197,21/11/2024, CUST00302 ,VIC,Prepaid,Recharge,Recharge $2,Mobile App,,0.00,Failed
TXN001966,2024-13-40,CUST00084,SYD,Prepaid,Data Bundle,Data 1GB Daily,U.S.S.D,1024,$3.50,Successful
TXN000774,14/04/2024,CUST00862,,Postpaid,Recharge,Recharge $2,Ussd,,0,Failed
TXN003474,2024.09.03,CUST00349,Perth,Postpaid,Data Bundle,Data 1GB Daily,Website,1024,AUD 3.50,Successful
TXN000934,02 Mar 2024,CUST00877,Brisbane,Prepaid,Recharge,Recharge $1,agent rep,,1,Successful
TXN003608,27/04/2024,CUST00583,perth,Prepaid,Data Bundle,Data 10GB Monthly,Mobile App,10240,AUD 35,Successful
TXN003504,04-03-2024,CUST00357,CBR,Prepaid,Data Bundle,Data 6GB Monthly,USSD Code,6144,25,Successful
TXN001282,,CUST00716,Adelaide,Prepaid,Data Bundle,Data 1GB Daily,Online,1024, 3.50 ,Successful
TXN001802,04/10/2024,CUST00705,SYD,Prepaid,Data Bundle,Data 2GB Weekly,App,2048,0,Failed
TXN003368,12-05-2024,CUST00216,sydney,Prepaid,Recharge,Recharge $1,U.S.S.D,,-AUD 1,Reversed
TXN001117,14/08/2024,CUST00086,CBR,Prepaid,Data Bundle,Data 6GB Monthly,app,6144, 25 ,Successful
TXN000341,01/11/2024,CUST00663,Adelaide SA,Prepaid,Recharge,Recharge $1,MobileApp,,,Successful
TXN002866,24/12/2024,CUST00031,Canberra,Prepaid,Data Bundle,Data 6GB Monthly,Agent,6144,,Failed
TXN002605,04-17-2024,CUST00277,Sydney NSW,Prepaid,Data Bundle,Data 2GB Weekly,Mobile App,2048,AUD 8,Successful
TXN003278,28/01/2024,CUST00791,melbourne,Postpaid,Voice Bundle,Voice 300min,Ussd,, 11 ,Successful
TXN000431,2024.11.05, CUST00045 ,Sydney NSW,Prepaid,Recharge,Recharge $1,MobileApp,,0.00,Failed
TXN002435,20/03/2024,CUST00668,Perth-WA,Prepaid,Data Bundle,Data 2GB Weekly,ussd,2048,AUD 8,Successful
TXN001152,03/06/2024,CUST00205,,Prepaid,SMS Bundle,SMS 200,Website,,AUD 2.50,Successful
TXN000663,11-12-2024,00711,,Prepaid,Data Bundle,Data 1GB Daily,Mobile App,1024,$3.50,Successful
TXN000268,22 May 2024,CUST00494,canberra,Prepaid,Recharge,Recharge $2,USSD Code,, 2 ,Successful
TXN003312,11-25-2024,00846,CBR,Prepaid,Recharge,Recharge $5,Online,, 5 ,Successful
TXN002166,45332,CUST00699,Perth,Prepaid,Recharge,Recharge $20,Online,,$20,Successful
TXN001911,2024.06.02,CUST00003,PTH,Prepaid,SMS Bundle,SMS 200,agent rep,,,Successful
TXN000187,09-21-2024,CUST00842, Sydney ,Postpaid,Recharge,Recharge $20,Mobile App,,,Failed
TXN002165,2024.05.16,CUST00006,SYD,Prepaid,Recharge,Recharge $2,App,,,Successful
TXN001437,06-11-2024, CUST00163 ,Harbour City,Prepaid,Voice Bundle,Voice 100min,Agent,,,Failed
TXN001262,02/05/2024, CUST00708 ,Sydney NSW,Prepaid,Data Bundle,Data 1GB Daily,U.S.S.D,1024,$3.50,Successful
TXN003894,03/08/2024,CUST00055,melbourne,Postpaid,Voice Bundle,Voice 300min,USSD,,11,Successful
TXN003489,2024-13-40,CUST00250,Melbourne,Prepaid,Data Bundle,Data 10GB Monthly,agent rep,10240,35,Successful
TXN000620,19/12/2024,CUST00606,sydney,Prepaid,SMS Bundle,SMS 200,web,,,Failed
TXN003450,14/06/2024,CUST00649,Canberra,Prepaid,Data Bundle,Data 6GB Monthly,USSD Code,6144,25,Successful
TXN002212,02-15-2024, CUST00795 ,Melbourne VIC,Postpaid,Recharge,Recharge $10,agent,,,Successful
TXN003280,2024.12.24,CUST00558,Sydney NSW,Postpaid,Data Bundle,Data 6GB Monthly,Agent,6144,,Failed
TXN000513,45366,CUST00494,canberra,Prepaid,Recharge,Recharge $5,Online,, 5 ,Successful
TXN001097,10/04/2024,CUST00664,VIC,Prepaid,Recharge,Recharge $2,MobileApp,,AUD 2,Successful
TXN001927,12-24-2024,CUST00285,perth,Postpaid,Recharge,Recharge $1,Agent Rep,,0.00,Failed
TXN003879,05-06-2024, CUST00600 ,Hobart,Prepaid,Recharge,Recharge $1,Agent Rep,,,Successful
TXN003867,11-03-2024,CUST00675,Melbourne,Prepaid,Voice Bundle,Voice 100min,app,,$4.50,Successful
TXN001937,24/07/2024,CUST00017,BNE,Postpaid,Data Bundle,Data 40GB Monthly,Ussd,40960,AUD 110,Successful
TXN001382,2024.10.26,CUST00098,Melbourne,Postpaid,Voice Bundle,Voice 100min,Agent Rep,,$4.50,Successful
TXN001534,05 Sep 2024,CUST00363,canberra,Postpaid,Recharge,Recharge $10,App,,AUD 10,Successful
TXN003348,01/01/2024,00003,PTH,Prepaid,Data Bundle,Data 1GB Daily,USSD,1024,3.50,Successful
TXN002334,25/10/2024,CUST00432,PTH,Postpaid,Recharge,Recharge $5,web,,AUD 5,Successful
TXN002319,07/08/2024,CUST00487,ADL,Postpaid,Data Bundle,Data 40GB Monthly,agent,40960,$110,Successful
TXN001979,27/10/2024,CUST00063,Sydney NSW,Prepaid,Recharge,Recharge $10,web,,-AUD 10,Reversed
TXN000461,26/05/2024,CUST00015,Hobart,Prepaid,Recharge,Recharge $10,Mobile app,,,Failed
TXN001791,16 Dec 2024,CUST00573,Melbourne VIC,Prepaid,Data Bundle,Data 40GB Monthly,agent,40960,,Failed
TXN000758,45353,CUST00056,hobart,Prepaid,Recharge,Recharge $2,Ussd,,AUD 2,Successful
TXN001209,12 May 2024,CUST00282,brisbane,Prepaid,Data Bundle,Data 1GB Daily,USSD Code,1024,$3.50,Successful
TXN002765,03 Jul 2024, CUST00099 ,brisbane,Prepaid,Data Bundle,Data 2GB Weekly,agent,2048,$8,Successful
TXN000061,08/02/2024,CUST00055,VIC,Postpaid,Data Bundle,Data 6GB Monthly,Website,6144, 25 ,Successful
TXN002674,27/12/2024,CUST00545,melbourne,Prepaid,Recharge,Recharge $5,USSD Code,,-AUD 5,Reversed
TXN003042,18/06/2024, CUST00676 ,MEL,Prepaid,Recharge,Recharge $10,agent,,$10,Successful
TXN001894,45572,CUST00146,SYD,Prepaid,Recharge,Recharge $5,USSD Code,,5,Successful
TXN000360,05/02/2024,CUST00824,sydney,Postpaid,Data Bundle,Data 6GB Monthly,Agent,6144,,Failed
TXN003272,, CUST00117 ,BNE,Prepaid,Data Bundle,Data 1GB Daily,U.S.S.D,1024,AUD 3.50,Successful
TXN000132,2024.07.06,CUST00375,Melbourne VIC,Prepaid,Recharge,Recharge $1,Ussd,,$1,Successful
TXN003870,2024.07.25,CUST00057,BNE,Prepaid,Data Bundle,Data 6GB Monthly,Mobile app,6144,25,Successful
TXN000906,2024.07.18,CUST00863,adelaide,Prepaid,Data Bundle,Data 6GB Monthly,Ussd,6144, 25 ,Successful
TXN003188,2024.08.16,00138,Harbour City,Prepaid,Recharge,Recharge $20,ussd,,20,Successful
TXN000528,06-05-2024,CUST00554,PTH,Postpaid,Voice Bundle,Voice 300min,web,,0,Failed
TXN002112,09/08/2024,CUST00105,MEL,Postpaid,SMS Bundle,SMS 200,agent rep,,AUD 2.50,Successful
TXN003587,07/05/2024,CUST00097,sydney,Postpaid,Data Bundle,Data 10GB Monthly,web,10240,0,Failed
TXN003892,07-05-2024,CUST00234, Sydney ,Prepaid,Recharge,Recharge $2,App,,AUD 2,Successful
TXN003185,08 Nov 2024, CUST00895 ,Melbourne VIC,Prepaid,Data Bundle,Data 10GB Monthly,Agent Rep,10240, 35 ,Successful
TXN004014,28 Aug 2024,CUST00130,sydney,Postpaid,Recharge,Recharge $20,MobileApp,,$20,Successful
TXN001954,2024.07.25, CUST00609 ,Adelaide SA,Prepaid,Recharge,Recharge $1,agent rep,,,Successful
TXN001164,2024.07.06,CUST00714,PTH,Postpaid,Recharge,Recharge $10,MobileApp,,,Successful
TXN000769,08-12-2024,CUST00702,VIC,Prepaid,Data Bundle,Data 10GB Monthly,Website,10240,$35,Successful
TXN000116,2024.05.22,00808,Melbourne,Prepaid,Recharge,Recharge $1,Online,,AUD 1,Successful
TXN002349,26 Dec 2024,CUST00143,MEL,Postpaid,Recharge,Recharge $20,Ussd,,AUD 20,Successful
TXN000525,07-25-2024, CUST00284 ,Sydney,Postpaid,Recharge,Recharge $5,Agent Rep,,0.00,Failed
TXN003799,08/09/2024,CUST00268,Perth,Prepaid,Recharge,Recharge $5,USSD,,AUD 5,Successful
TXN001926,16 Jun 2024,CUST00257,Adelaide,Prepaid,Recharge,Recharge $1,Website,,$1,Successful
TXN001960,09/02/2024,CUST00372,sydney,Prepaid,Voice Bundle,Voice 100min,App,,,Failed
TXN003699,2024-13-40,00032,brisbane,Prepaid,Voice Bundle,Voice 300min,Agent,,$11,Successful
TXN000125,15/09/2024,CUST00625,HBA,Prepaid,Recharge,Recharge $2,Online,,$2,Successful
TXN000447,16/05/2024,CUST00741,Brisbane QLD,Prepaid,Data Bundle,Data 10GB Monthly,Ussd,10240,35,Successful
TXN003708,07-17-2024,CUST00544,melbourne,Prepaid,Voice Bundle,Voice 100min,Mobile app,,AUD 4.50,Successful
TXN003422,01/08/2024, CUST00799 ,SYD,Prepaid,Recharge,Recharge $1,Mobile app,,,Failed
TXN001380,27 Jun 2024, CUST00672 ,adelaide,Prepaid,Recharge,Recharge $2,Ussd,,(2),Reversed
TXN003005,2024.12.18,CUST00886,SYD,Prepaid,Data Bundle,Data 2GB Weekly,Mobile app,2048,AUD 8,Successful
TXN001336,24/06/2024,CUST00237,Melbourne VIC,Prepaid,Recharge,Recharge $2,Online,,$2,Successful
TXN000071,12-24-2024,CUST00258,adelaide,Postpaid,Data Bundle,Data 6GB Monthly,ussd,6144,$25,Successful
TXN003475,25 Mar 2024,CUST00282,BNE,Prepaid,Data Bundle,Data 2GB Weekly,Mobile App,2048,$8,Successful
TXN002266,2024.07.01,CUST00556,Brisbane,Prepaid,SMS Bundle,SMS 200,agent,,$2.50,Successful
TXN001439,14 Aug 2024, CUST00608 ,Perth-WA,Postpaid,Data Bundle,Data 2GB Weekly,Agent,2048, 8 ,Successful
TXN003098,2024-13-40,00189,PTH,Prepaid,Data Bundle,Data 6GB Monthly,Website,6144,$25,Successful
TXN000388,2024.02.06,CUST00408,BNE,Prepaid,Data Bundle,Data 10GB Monthly,USSD,10240,$35,Successful
TXN000855,01/06/2024,CUST00624,Sydney NSW,Postpaid,Data Bundle,Data 1GB Daily,Online,1024, 3.50 ,Successful
TXN003396,26/06/2024,CUST00113,Sydney,Prepaid,Data Bundle,Data 2GB Weekly,Ussd,2048,$8,Successful
TXN001158,25/05/2024, CUST00439 ,Harbour City,Postpaid,Recharge,Recharge $5,Web,, 5 ,Successful
TXN001874,04-27-2024, CUST00785 ,Adelaide SA,Prepaid,Recharge,Recharge $20,MobileApp,,,Failed
TXN000685,10/08/2024,CUST00468,Brisbane,Postpaid,Data Bundle,Data 40GB Monthly,Website,40960,$110,Successful
TXN002465,10-02-2024,00219,Sydney,Postpaid,Data Bundle,Data 1GB Daily,web,1024, 3.50 ,Successful
TXN001391,07-21-2024,CUST00559,VIC,Prepaid,Recharge,Recharge $10,U.S.S.D,,AUD 10,Successful
TXN000184,23 Oct 2024,CUST00182,brisbane,Prepaid,Data Bundle,Data 40GB Monthly,USSD Code,40960,AUD 110,Successful
TXN002029,03-14-2024,CUST00417,BNE,Prepaid,Data Bundle,Data 1GB Daily,Agent,1024,,Successful
TXN000633,2024.08.26,CUST00463,Perth-WA,Prepaid,Data Bundle,Data 10GB Monthly,Ussd,10240, 35 ,Successful
TXN001950,08-23-2024,CUST00793,Sydney,Prepaid,Recharge,Recharge $2,Website,, 2 ,Successful
TXN000673,01 Sep 2024,CUST00177,CBR,Prepaid,Recharge,Recharge $1,MobileApp,, 1 ,Successful
TXN002838,08-25-2024,00240,Hobart,Prepaid,Recharge,Recharge $20,agent,,,Successful
TXN002464,,CUST00254,SYD,Prepaid,Recharge,Recharge $1,Agent,,$1,Successful
TXN002609,03/12/2024,CUST00418,Perth-WA,Prepaid,Data Bundle,Data 1GB Daily,web,1024,,Successful
TXN002975,45433,CUST00650,MEL,Prepaid,Recharge,Recharge $2,USSD Code,,(2),Reversed
TXN002990,03-12-2024,00306,Perth,Prepaid,Data Bundle,Data 1GB Daily,Mobile App,1024,AUD 3.50,Successful
TXN002985,13/11/2024, CUST00176 ,canberra,Prepaid,Recharge,Recharge $1,MobileApp,,,Failed
TXN002814,06/06/2024,CUST00024,Harbour City,Prepaid,Data Bundle,Data 2GB Weekly,U.S.S.D,2048,$8,Successful
TXN002802,02/02/2024,CUST00837,perth,Prepaid,Recharge,Recharge $2,Agent Rep,, 2 ,Successful
TXN003557,07-19-2024, CUST00387 , Sydney ,Prepaid,Recharge,Recharge $20,Ussd,,,Successful
TXN000100,10-10-2024,CUST00815,sydney,Prepaid,Recharge,Recharge $2,web,,(2),Reversed
TXN002709,17/03/2024,CUST00584,melbourne,Prepaid,Data Bundle,Data 40GB Monthly,Website,40960,AUD 110,Successful
TXN002456,45586,CUST00740,Brisbane QLD,Postpaid,Data Bundle,Data 1GB Daily,Agent,1024,3.50,Successful
TXN001719,26/11/2024,CUST00024,SYD,Prepaid,Recharge,Recharge $1,app,,$1,Successful
TXN000905,08/03/2024, CUST00026 ,Melbourne VIC,Prepaid,Recharge,Recharge $1,Agent Rep,,AUD 1,Successful
TXN002135,2024.03.21, CUST00659 ,Sydney,Postpaid,Recharge,Recharge $2,ussd,,(2),Reversed
TXN000182,16/09/2024,CUST00811,,Postpaid,Recharge,Recharge $5,Agent Rep,,5,Successful
TXN004018,28/12/2024,CUST00143,VIC,Postpaid,Recharge,Recharge $2,Mobile App,,AUD 2,Successful
TXN002692,2024.07.27,00707,Melbourne,Prepaid,Recharge,Recharge $1,ussd,, 1 ,Successful
TXN000201,25/01/2024,CUST00578,Perth-WA,Prepaid,Recharge,Recharge $1,web,,AUD 1,Successful
TXN000455,2024.08.16,CUST00493,Perth-WA,Prepaid,Data Bundle,Data 1GB Daily,Mobile app,1024,AUD 3.50,Successful
TXN002728,2024.09.07,CUST00102,Hobart,Prepaid,Recharge,Recharge $1,Web,,,Successful
TXN003366,05 Aug 2024,CUST00390,MEL,Prepaid,SMS Bundle,SMS 200,U.S.S.D,,,Successful
TXN000899,06/07/2024,CUST00511, Sydney ,Prepaid,Recharge,Recharge $5,web,,$5,Successful
TXN000441,20/10/2024,CUST00846,canberra,Prepaid,Data Bundle,Data 1GB Daily,agent rep,1024,$3.50,Successful
TXN001344,23/02/2024,CUST00363,canberra,Postpaid,Data Bundle,Data 10GB Monthly,agent,10240,$35,Successful
TXN004120,2024.10.20, CUST00499 ,VIC,Prepaid,Voice Bundle,Voice 300min,Mobile App,,11,Successful
TXN001348,13 Sep 2024,CUST00691,CBR,Postpaid,Recharge,Recharge $5,Agent,,AUD 5,Successful
TXN000433,20 May 2024,CUST00051, Sydney ,Prepaid,Recharge,Recharge $1,Website,,AUD 1,Successful
TXN000790,06-16-2024,CUST00664,melbourne,Prepaid,Data Bundle,Data 1GB Daily,Web,1024, 3.50 ,Successful
TXN003544,15/03/2024,CUST00107,VIC,Prepaid,Recharge,Recharge $5,USSD Code,,5,Successful
TXN002954,07/06/2024,CUST00661,Adelaide SA,Postpaid,Data Bundle,Data 1GB Daily,USSD Code,1024,AUD 3.50,Successful
TXN002164,27/11/2024,CUST00659,sydney,Postpaid,Recharge,Recharge $20,app,,-20,Reversed
TXN001059,2024.05.12,CUST00405,brisbane,Prepaid,Recharge,Recharge $2,U.S.S.D,,AUD 2,Successful
TXN002380,12/08/2024, CUST00460 ,perth,Prepaid,SMS Bundle,SMS 200,app,,AUD 2.50,Successful
TXN001748,26/12/2024,CUST00131,hobart,Postpaid,SMS Bundle,SMS 200,Mobile app,,2.50,Successful
TXN003560,06 May 2024,CUST00784,Brisbane QLD,Prepaid,Data Bundle,Data 6GB Monthly,U.S.S.D,6144, 25 ,Successful
TXN003796,03-27-2024,CUST00060,brisbane,Prepaid,Data Bundle,Data 1GB Daily,Mobile App,1024,AUD 3.50,Successful
TXN004062,06-26-2024,CUST00127,Sydney,Prepaid,Recharge,Recharge $5,Agent Rep,,$5,Successful
TXN000801,17/08/2024,CUST00844,CBR,Prepaid,Data Bundle,Data 1GB Daily,agent,1024,$3.50,Successful
TXN002729,,CUST00712,canberra,Prepaid,Recharge,Recharge $1,Mobile app,,$1,Successful
TXN004086,15/03/2024,00527,BNE,Prepaid,Data Bundle,Data 6GB Monthly,Mobile App,6144,AUD 25,Successful
TXN003955,45294,CUST00029,Harbour City,Prepaid,Recharge,Recharge $5,Mobile app,,,Successful
TXN002467,2024.12.27,CUST00508,adelaide,Prepaid,Recharge,Recharge $2,ussd,, 2 ,Successful
TXN000992,16/12/2024,CUST00439, Sydney ,Postpaid,Data Bundle,Data 10GB Monthly,web,10240,0,Failed
TXN004093,45645,CUST00729,BNE,Prepaid,Recharge,Recharge $1,Agent Rep,,1,Successful
TXN002506,20/01/2024,CUST00683,adelaide,Prepaid,Recharge,Recharge $1,U.S.S.D,,AUD 1,Successful
TXN001335,2024.04.27,CUST00325,MEL,Prepaid,Voice Bundle,Voice 300min,agent rep,,AUD 11,Successful
TXN001852,10-24-2024, CUST00131 ,,Postpaid,Recharge,Recharge $10,U.S.S.D,,10,Successful
TXN003318,16/04/2024,CUST00672,Adelaide,Prepaid,Data Bundle,Data 10GB Monthly,MobileApp,10240,$35,Successful
TXN003891,10/01/2024,CUST00739,PTH,Prepaid,Recharge,Recharge $1,web,,$1,Successful
TXN001219,16/01/2024, CUST00712 ,canberra,Prepaid,Recharge,Recharge $1,Online,, 1 ,Successful
TXN002757,17 Jan 2024,CUST00022,Harbour City,Prepaid,Data Bundle,Data 6GB Monthly,Web,6144,,Successful
TXN003088,18/03/2024, CUST00041 ,Brisbane,Prepaid,Recharge,Recharge $2,Web,, 2 ,Successful
TXN000244,17/10/2024,CUST00330, Sydney ,Prepaid,Data Bundle,Data 2GB Weekly,app,2048, 8 ,Successful
TXN002468,2024.10.15,CUST00378,CBR,Prepaid,SMS Bundle,SMS 200,Mobile app,,AUD 2.50,Successful
TXN002594,08-17-2024,CUST00182,brisbane,Prepaid,Data Bundle,Data 2GB Weekly,agent,2048,8,Successful
TXN002821,17/11/2024,CUST00477,canberra,Postpaid,Recharge,Recharge $5,Agent,,AUD 5,Successful
TXN002656,18/09/2024,CUST00730,Adelaide,Prepaid,Recharge,Recharge $2,app,,$2,Successful
TXN002617,05/01/2024,CUST00789,ADL,Prepaid,Recharge,Recharge $10,web,,AUD 10,Successful
TXN000370,11 Apr 2024,CUST00789,Adelaide SA,Prepaid,Recharge,Recharge $10,U.S.S.D,,AUD 10,Successful
TXN000457,06-12-2024,CUST00688, Sydney ,Prepaid,Recharge,Recharge $5,USSD,,$5,Successful
TXN003260,01/06/2024,CUST00712,Canberra,Prepaid,Recharge,Recharge $20,Mobile app,,$20,Successful
TXN000284,15 Dec 2024,CUST00352,adelaide,Prepaid,Recharge,Recharge $10,Agent Rep,,$10,Successful
TXN002911,14/05/2024,CUST00794,Harbour City,Prepaid,Recharge,Recharge $20,Mobile App,,$20,Successful
TXN001261,12-04-2024,CUST00850,melbourne,Prepaid,Recharge,Recharge $1,Website,,1,Successful
TXN002144,26/07/2024,CUST00352,Adelaide SA,Prepaid,Recharge,Recharge $1,U.S.S.D,,AUD 1,Successful
TXN002927,08-08-2024,CUST00016,adelaide,Prepaid,Recharge,Recharge $2,Web,,$2,Successful
TXN002548,2024.06.07,CUST00066,Sydney,Prepaid,Recharge,Recharge $2,app,,-2,Reversed
TXN001845,,CUST00654,Perth,Prepaid,Recharge,Recharge $5,Online,,AUD 5,Successful
TXN000315,26/10/2024,CUST00140,SYD,Prepaid,SMS Bundle,SMS 200,Agent Rep,,0,Failed
TXN004098,19/05/2024,CUST00851,BNE,Prepaid,Recharge,Recharge $10,agent,,10,Successful
TXN000256,01/04/2024,CUST00339,ADL,Postpaid,Voice Bundle,Voice 300min,Online,,$11,Successful
TXN003067,24/05/2024,CUST00045,Harbour City,Prepaid,Recharge,Recharge $5,Agent Rep,,-5,Reversed
TXN002812,,CUST00866,Brisbane,Prepaid,Voice Bundle,Voice 100min,Ussd,,AUD 4.50,Successful
TXN002333,03 Apr 2024,CUST00666,Adelaide,Prepaid,Data Bundle,Data 6GB Monthly,agent rep,6144, 25 ,Successful
TXN002355,27 Jul 2024,CUST00382,ADL,Prepaid,Recharge,Recharge $10,U.S.S.D,,AUD 10,Successful
TXN000904,06-14-2024,CUST00437,Sydney,Prepaid,Data Bundle,Data 10GB Monthly,Website,10240,-35,Reversed
TXN000573,25 Sep 2024,CUST00752,Harbour City,Prepaid,Recharge,Recharge $5,Mobile App,,$5,Successful
TXN000446,10/04/2024,CUST00239,Brisbane,Prepaid,Recharge,Recharge $10,ussd,,,Successful
TXN002590,11-04-2024,CUST00182,Brisbane,Prepaid,Recharge,Recharge $1,USSD Code,, 1 ,Successful
TXN004128,12-13-2024,CUST00168,hobart,Postpaid,Recharge,Recharge $2,Mobile app,,AUD 2,Successful
TXN002162,28 Feb 2024,00027,SYD,Postpaid,Recharge,Recharge $1,agent rep,,0,Failed
TXN003860,07-16-2024,CUST00580,Adelaide,Prepaid,Voice Bundle,Voice 100min,USSD,, 4.50 ,Successful
TXN003863,, CUST00200 ,,Prepaid,Recharge,Recharge $1,Agent,,0,Failed
TXN003191,19 Jan 2024,CUST00728,Brisbane,Postpaid,Data Bundle,Data 6GB Monthly,Agent Rep,6144,$25,Successful
TXN001778,03-11-2024,CUST00850,MEL,Prepaid,SMS Bundle,SMS 200,agent,, 2.50 ,Successful
TXN000610,02/02/2024,00045,Sydney NSW,Prepaid,Recharge,Recharge $2,USSD Code,,0,Failed
TXN002229,12/11/2024,CUST00833,VIC,Postpaid,Data Bundle,Data 2GB Weekly,Online,2048,AUD 8,Successful
TXN001083,2024.11.16,CUST00759,Brisbane,Prepaid,Voice Bundle,Voice 100min,MobileApp,,AUD 4.50,Successful
TXN003269,2024.12.23,CUST00720,Brisbane QLD,Postpaid,Data Bundle,Data 2GB Weekly,Online,2048,8,Successful
TXN003779,26/11/2024, CUST00377 ,Melbourne,Prepaid,Data Bundle,Data 1GB Daily,Web,1024,AUD 3.50,Successful
TXN003416,2024.05.24, CUST00654 ,PTH,Prepaid,Recharge,Recharge $2,Agent Rep,,(2),Reversed
TXN000376,20 Apr 2024,CUST00855,Harbour City,Postpaid,Data Bundle,Data 40GB Monthly,Ussd,40960,0.00,Failed
TXN001459,06-11-2024,CUST00800,Brisbane QLD,Prepaid,Recharge,Recharge $1,web,,1,Successful
TXN001444,2024.10.05,CUST00317,Sydney NSW,Prepaid,Recharge,Recharge $10,App,, 10 ,Successful
TXN000692,2024.07.05,CUST00497,Melbourne,Prepaid,Recharge,Recharge $1,Mobile App,,AUD 1,Successful
TXN002627,17 Apr 2024, CUST00416 ,hobart,Prepaid,Data Bundle,Data 1GB Daily,Agent,1024,$3.50,Successful
TXN002040,11/09/2024,CUST00739,PER,Prepaid,Recharge,Recharge $2,U.S.S.D,,2,Successful
TXN001284,2024.08.21,CUST00089,Sydney,Prepaid,Recharge,Recharge $2,USSD Code,, 2 ,Successful
TXN001122,28/11/2024,CUST00489,SYD,Postpaid,Recharge,Recharge $5,app,,,Failed
TXN002797,09/09/2024,CUST00410,Adelaide SA,Prepaid,Data Bundle,Data 10GB Monthly,USSD,10240,35,Successful
TXN002426,02-27-2024,00550,BNE,Prepaid,Data Bundle,Data 2GB Weekly,agent rep,2048,8,Successful
TXN002687,,CUST00434,SYD,Prepaid,Data Bundle,Data 1GB Daily,USSD Code,1024,$3.50,Successful
TXN001168,2024.06.06,00470,Adelaide,Prepaid,Recharge,Recharge $2,agent,, 2 ,Successful
TXN001733,27/04/2024,CUST00583,Perth,Prepaid,Recharge,Recharge $5,Agent,,$5,Successful
TXN001869,,CUST00153,Sydney NSW,Prepaid,Voice Bundle,Voice 100min,web,,0.00,Failed
TXN003078,09/06/2024,CUST00315,Melbourne VIC,Prepaid,Recharge,Recharge $5,agent rep,, 5 ,Successful
TXN000109,05 Nov 2024, CUST00284 ,Sydney NSW,Postpaid,Recharge,Recharge $5,agent,,,Failed
TXN000137,02/08/2024,CUST00465,Perth,Prepaid,Data Bundle,Data 6GB Monthly,ussd,6144,25,Successful
TXN000547,08-12-2024,CUST00721,Sydney NSW,Prepaid,Recharge,Recharge $5,Web,,0,Failed
TXN002538,45624,CUST00342, Sydney ,Prepaid,Data Bundle,Data 2GB Weekly,agent rep,2048,$8,Successful
TXN004090,2024.07.16,CUST00217,sydney,Postpaid,Voice Bundle,Voice 300min,MobileApp,,11,Successful
TXN002558,02-10-2024,00048,Sydney,Prepaid,SMS Bundle,SMS 200,ussd,,2.50,Successful
TXN002404,45297,00336,Melbourne VIC,Postpaid,Data Bundle,Data 10GB Monthly,Mobile app,10240,0,Failed
TXN000940,45550,CUST00400,Brisbane,Postpaid,Recharge,Recharge $1,MobileApp,, 1 ,Successful
TXN000191,02/11/2024,CUST00076,Canberra,Prepaid,Recharge,Recharge $5,U.S.S.D,,5,Successful
TXN002689,2024.05.24,CUST00690,melbourne,Prepaid,Recharge,Recharge $1,ussd,,1,Successful
TXN003854,03-12-2024,CUST00263,,Prepaid,Recharge,Recharge $2,Agent Rep,,,Successful
TXN003999,45359,CUST00839,brisbane,Prepaid,Voice Bundle,Voice 100min,ussd,,4.50,Successful
TXN003163,07/06/2024,CUST00864,BNE,Prepaid,Recharge,Recharge $1,Agent Rep,, 1 ,Successful
TXN003945,2024.12.08,CUST00213,VIC,Prepaid,Recharge,Recharge $1,Online,,,Successful
TXN000796,07/04/2024,CUST00506,Perth-WA,Prepaid,SMS Bundle,SMS 200,agent rep,,2.50,Successful
TXN004173,03/12/2024,CUST00100,CBR,Postpaid,Voice Bundle,Voice 300min,Ussd,,11,Successful
TXN003712,2024-13-40,CUST00772,VIC,Prepaid,Recharge,Recharge $1,Agent,,$1,Successful
TXN002855,2024.03.14,00486,Sydney NSW,Prepaid,SMS Bundle,SMS 200,Web,,-AUD 2.50,Reversed
TXN003889,,CUST00855,sydney,Postpaid,Voice Bundle,Voice 100min,Ussd,,(4.50),Reversed
TXN000126,2024.09.28,CUST00631,Sydney NSW,Prepaid,Voice Bundle,Voice 100min,Ussd,,,Failed
TXN001467,45531,CUST00706,Harbour City,Prepaid,Data Bundle,Data 1GB Daily,USSD Code,1024,3.50,Successful
TXN900033,16 Aug 2024,CUST00364,PER,Prepaid,Data Bundle,Data 2GB Weekly,app,2048,AUD 8,Successful
TXN002817,07/03/2024,CUST00855, Sydney ,Postpaid,Voice Bundle,Voice 300min,Website,,$11,Successful
TXN002271,08/06/2024,CUST00732,Hobart,Prepaid,Data Bundle,Data 2GB Weekly,agent rep,2048,8,Successful
TXN002778,11-02-2024,CUST00118, Sydney ,Prepaid,Recharge,Recharge $2,Online,,0,Failed
TXN001522,24/12/2024,CUST00882,brisbane,Prepaid,Data Bundle,Data 2GB Weekly,Web,2048,AUD 8,Successful
TXN003716,07/06/2024,CUST00754,Sydney NSW,Prepaid,Data Bundle,Data 10GB Monthly,MobileApp,10240,-35,Reversed
TXN002428,12/06/2024,CUST00068,Harbour City,Prepaid,Data Bundle,Data 2GB Weekly,App,2048,AUD 8,Successful
TXN001223,14 Jan 2024,CUST00193,Melbourne,Prepaid,Recharge,Recharge $5,U.S.S.D,,5,Successful
TXN002265,03-12-2024,CUST00146,Sydney,Prepaid,Recharge,Recharge $2,Agent,,2,Successful
TXN002420,2024.08.11,CUST00748,Canberra,Postpaid,Data Bundle,Data 2GB Weekly,MobileApp,2048,,Successful
TXN000700,18 Aug 2024, CUST00676 ,VIC,Prepaid,Recharge,Recharge $10,ussd,,$10,Successful
TXN001931,19/12/2024,CUST00466,Harbour City,Prepaid,Data Bundle,Data 1GB Daily,USSD Code,1024,AUD 3.50,Successful
TXN002289,01-26-2024,CUST00421,sydney,Prepaid,Recharge,Recharge $2,Agent Rep,,$2,Successful
TXN003476,28 Mar 2024,CUST00186,Brisbane,Prepaid,Data Bundle,Data 1GB Daily,USSD,1024,AUD 3.50,Successful
TXN001963,25/12/2024,CUST00103,Melbourne VIC,Prepaid,Voice Bundle,Voice 300min,Agent,, 11 ,Successful
TXN003309,2024.05.05,CUST00483,sydney,Prepaid,Recharge,Recharge $5,agent,, 5 ,Successful
TXN000135,07/02/2024, CUST00318 , Sydney ,Prepaid,Recharge,Recharge $5,USSD,, 5 ,Successful
TXN001727,2024.02.25,CUST00717,perth,Prepaid,Recharge,Recharge $2,MobileApp,,AUD 2,Successful
TXN000393,19 Sep 2024,CUST00432,Perth,Postpaid,Voice Bundle,Voice 300min,agent,,,Failed
TXN000141,06-12-2024,CUST00509,SYD,Prepaid,Data Bundle,Data 40GB Monthly,Mobile app,40960,,Failed
TXN002762,02 Oct 2024,00758,Melbourne VIC,Prepaid,Data Bundle,Data 1GB Daily,agent,1024,$3.50,Successful
TXN000508,26/06/2024,CUST00025,Perth-WA,Prepaid,Data Bundle,Data 40GB Monthly,Web,40960,110,Successful
TXN002305,27/05/2024,00568,hobart,Prepaid,Recharge,Recharge $5,MobileApp,,$5,Successful
TXN000245,12 Sep 2024,CUST00232, Sydney ,Prepaid,Recharge,Recharge $1,agent,,AUD 1,Successful
TXN001079,,00560,Brisbane,Postpaid,SMS Bundle,SMS 200,Mobile App,,2.50,Successful
TXN002887,2024.05.23,CUST00291,sydney,Postpaid,Recharge,Recharge $1,Agent,,AUD 1,Successful
TXN003702,45552,CUST00340,sydney,Prepaid,Data Bundle,Data 2GB Weekly,Web,2048,,Failed
TXN003236,45302,CUST00039,Hobart,Prepaid,SMS Bundle,SMS 200,MobileApp,, 2.50 ,Successful
TXN000301,2024.07.26,CUST00189,perth,Prepaid,Recharge,Recharge $10,Ussd,,10,Successful
TXN001527,28/04/2024,CUST00690,Melbourne,Prepaid,Data Bundle,Data 2GB Weekly,Mobile App,2048, 8 ,Successful
TXN001559,15 Feb 2024,CUST00028,Perth-WA,Prepaid,SMS Bundle,SMS 200,App,,0,Failed
TXN003502,27/08/2024,CUST00153,Sydney,Prepaid,Voice Bundle,Voice 100min,agent,,4.50,Successful
TXN003753,10-11-2024,CUST00530,PER,Prepaid,Recharge,Recharge $10,Web,,AUD 10,Successful
TXN002195,10/01/2024,CUST00207,Perth,Prepaid,Recharge,Recharge $10,Agent Rep,,0,Failed
TXN002721,2024.08.23, CUST00707 ,Melbourne VIC,Prepaid,Data Bundle,Data 1GB Daily,Agent,1024,3.50,Successful
TXN002109,04-02-2024,CUST00283,Hobart,Postpaid,Data Bundle,Data 10GB Monthly,U.S.S.D,10240,$35,Successful
TXN002890,24/08/2024,CUST00356,PER,Prepaid,Recharge,Recharge $2,agent,,-AUD 2,Reversed
TXN003838,07-09-2024,CUST00304,Melbourne VIC,Prepaid,Data Bundle,Data 6GB Monthly,Agent Rep,6144,$25,Successful
TXN001853,2024.02.20,CUST00011,Adelaide SA,Prepaid,Recharge,Recharge $5,Mobile App,,$5,Successful
TXN003330,2024-13-40,CUST00144,hobart,Prepaid,Recharge,Recharge $5,Online,,5,Successful
TXN002327,, CUST00031 ,canberra,Prepaid,Data Bundle,Data 1GB Daily,U.S.S.D,1024,3.50,Successful
TXN001507,2024.04.24,CUST00690,,Prepaid,Recharge,Recharge $2,Website,, 2 ,Successful
TXN003554,06-25-2024,CUST00825,Sydney NSW,Prepaid,Recharge,Recharge $5,U.S.S.D,,$5,Successful
TXN002422,25/07/2024,CUST00243,hobart,Postpaid,Voice Bundle,Voice 100min,web,,AUD 4.50,Successful
TXN002889,2024.11.13,CUST00302,melbourne,Prepaid,Recharge,Recharge $10,USSD,,,Failed
TXN001628,17 Mar 2024,CUST00423,Hobart,Postpaid,Data Bundle,Data 6GB Monthly,Website,6144,$25,Successful
TXN003427,07 Nov 2024,CUST00537,Brisbane QLD,Prepaid,Recharge,Recharge $2,agent,,0.00,Failed
TXN002777,11/09/2024,CUST00806,Perth,Prepaid,Recharge,Recharge $1,web,,$1,Successful
TXN002446,05/06/2024,CUST00805,Sydney,Prepaid,SMS Bundle,SMS 200,Agent,, 2.50 ,Successful
TXN002087,18/03/2024,CUST00850,Melbourne VIC,Prepaid,Recharge,Recharge $10,Mobile app,, 10 ,Successful
TXN001672,09/12/2024,CUST00172,,Prepaid,Voice Bundle,Voice 300min,Agent,,$11,Successful
TXN001893,,CUST00845,ADL,Prepaid,Data Bundle,Data 6GB Monthly,Mobile App,6144,AUD 25,Successful
TXN000542,02 Sep 2024, CUST00507 ,Brisbane QLD,Prepaid,Data Bundle,Data 10GB Monthly,U.S.S.D,10240,$35,Successful
TXN001904,2024-13-40,CUST00101,canberra,Postpaid,Data Bundle,Data 40GB Monthly,Agent Rep,40960,AUD 110,Successful
TXN002216,2024.08.02,CUST00171,adelaide,Prepaid,Data Bundle,Data 2GB Weekly,Web,2048,-8,Reversed
TXN002074,2024.11.13,CUST00597,sydney,Prepaid,Data Bundle,Data 1GB Daily,Website,1024,$3.50,Successful
TXN002663,03-17-2024,CUST00228,Harbour City,Prepaid,Recharge,Recharge $1,app,,AUD 1,Successful
TXN000010,24/04/2024,CUST00338,BNE,Prepaid,Recharge,Recharge $2,MobileApp,,$2,Successful
TXN000890,06 Mar 2024,CUST00204,SYD,Prepaid,Recharge,Recharge $2,Mobile app,,0,Failed
TXN003264,19/10/2024,CUST00408,BNE,Prepaid,Data Bundle,Data 6GB Monthly,Agent Rep,6144,$25,Successful
TXN002507,04-07-2024,CUST00154,Sydney,Postpaid,Voice Bundle,Voice 300min,Web,,$11,Successful
TXN001145,12-09-2024,CUST00265,sydney,Prepaid,Voice Bundle,Voice 300min,web,,11,Successful
TXN002851,12-14-2024,CUST00224,perth,Prepaid,Data Bundle,Data 10GB Monthly,Online,10240,,Successful
TXN000737,09-25-2024,CUST00465,Perth-WA,Prepaid,Data Bundle,Data 2GB Weekly,app,2048,$8,Successful
TXN003982,2024.01.24,CUST00810, Sydney ,Postpaid,Recharge,Recharge $10,web,,10,Successful
TXN001423,06/04/2024,CUST00747,,Prepaid,Recharge,Recharge $5,Online,, 5 ,Successful
TXN000340,04/05/2024,CUST00831,canberra,Prepaid,Recharge,Recharge $20,Mobile App,,20,Successful
TXN000316,18/08/2024,00012,MEL,Prepaid,Recharge,Recharge $1,Online,,1,Successful
TXN000462,, CUST00758 ,MEL,Prepaid,Data Bundle,Data 6GB Monthly,Mobile App,6144,AUD 25,Successful
TXN000898,09-03-2024,CUST00810, Sydney ,Postpaid,Data Bundle,Data 1GB Daily,Agent Rep,1024,AUD 3.50,Successful
TXN002593,04-10-2024,CUST00399,Melbourne VIC,Postpaid,Voice Bundle,Voice 100min,Web,,,Failed
TXN000885,11/04/2024, CUST00631 ,SYD,Prepaid,Recharge,Recharge $10,USSD,,$10,Successful
TXN001831,03-21-2024,CUST00580,Adelaide,Prepaid,Data Bundle,Data 1GB Daily,Agent Rep,1024,3.50,Successful
TXN000179,11 Nov 2024,CUST00822,Harbour City,Prepaid,Recharge,Recharge $2,App,,2,Successful
TXN002281,12-13-2024, CUST00320 ,Brisbane,Prepaid,Data Bundle,Data 2GB Weekly,Agent Rep,2048,$8,Successful
TXN003749,22/05/2024,CUST00851,Brisbane,Prepaid,Data Bundle,Data 1GB Daily,Ussd,1024,AUD 3.50,Successful
TXN002423,17/12/2024,CUST00624,SYD,Postpaid,Voice Bundle,Voice 300min,agent,,11,Successful
TXN000803,09-11-2024,CUST00158,ADL,Postpaid,Voice Bundle,Voice 100min,Website,,4.50,Successful
TXN003202,2024.09.08,CUST00296,Hobart,Prepaid,SMS Bundle,SMS 200,Web,,2.50,Successful
TXN001620,04/05/2024,CUST00173,Sydney NSW,Postpaid,Recharge,Recharge $20,agent rep,,$20,Successful
TXN002018,2024.11.01,CUST00884,sydney,Postpaid,Recharge,Recharge $5,USSD Code,,$5,Successful
TXN001339,12-22-2024,CUST00796,hobart,Postpaid,Recharge,Recharge $5,Agent Rep,,5,Successful
TXN000207,13/05/2024,00090,melbourne,Prepaid,Data Bundle,Data 40GB Monthly,USSD,40960,110,Successful
TXN002023,2024.12.03,CUST00535, Sydney ,Postpaid,Voice Bundle,Voice 100min,Ussd,,(4.50),Reversed
TXN003555,17 Mar 2024,CUST00384,melbourne,Prepaid,Data Bundle,Data 1GB Daily,Online,1024,$3.50,Successful
TXN001821,20 Dec 2024,CUST00759,Brisbane QLD,Prepaid,Recharge,Recharge $10,Web,,$10,Successful
TXN001377,,CUST00340, Sydney ,Prepaid,SMS Bundle,SMS 200,Ussd,,0.00,Failed
TXN000070,14/01/2024,00150,Sydney NSW,Postpaid,Recharge,Recharge $20,agent,,$20,Successful
TXN001176,05/01/2024,CUST00034,Sydney,Prepaid,Data Bundle,Data 10GB Monthly,Agent,10240,$35,Successful
TXN002524,10/03/2024,CUST00691,Canberra,Postpaid,Voice Bundle,Voice 100min,Agent,,$4.50,Successful
TXN000548,21/08/2024,CUST00720,Brisbane,Postpaid,Data Bundle,Data 1GB Daily,Mobile App,1024,$3.50,Successful
TXN002671,27 Mar 2024,CUST00318,Sydney NSW,Prepaid,Data Bundle,Data 1GB Daily,Website,1024,AUD 3.50,Successful
TXN004049,04-21-2024,CUST00644,Hobart,Postpaid,Data Bundle,Data 2GB Weekly,App,2048,8,Successful
TXN000593,2024.02.26,CUST00416,hobart,Prepaid,Data Bundle,Data 1GB Daily,Mobile app,1024,$3.50,Successful
TXN001410,12-27-2024,CUST00171,Adelaide,Prepaid,Recharge,Recharge $2,web,,AUD 2,Successful
TXN000572,04-26-2024, CUST00344 ,brisbane,Prepaid,Data Bundle,Data 2GB Weekly,App,2048, 8 ,Successful
TXN000119,09/09/2024,CUST00096,melbourne,Prepaid,Data Bundle,Data 2GB Weekly,USSD Code,2048,,Successful
TXN002574,26 May 2024,CUST00696,MEL,Prepaid,Voice Bundle,Voice 100min,Mobile app,,,Successful
TXN003266,12/09/2024,CUST00863,Adelaide SA,Prepaid,Voice Bundle,Voice 300min,USSD Code,,$11,Successful
TXN000196,18 May 2024,CUST00051,Harbour City,Prepaid,Recharge,Recharge $1,USSD Code,,0.00,Failed
TXN003317,20/04/2024, CUST00249 ,Melbourne,Prepaid,Data Bundle,Data 6GB Monthly,USSD Code,6144,25,Successful
TXN000859,12 Dec 2024, CUST00697 ,SYD,Prepaid,Data Bundle,Data 10GB Monthly,app,10240,35,Successful
TXN002750,2024.11.18,CUST00449,Melbourne,Prepaid,Recharge,Recharge $1,Agent Rep,,,Failed
TXN001096,03-28-2024,CUST00471,adelaide,Prepaid,Data Bundle,Data 1GB Daily,app,1024,$3.50,Successful
TXN000869,03-23-2024, CUST00756 ,brisbane,Prepaid,Voice Bundle,Voice 300min,agent,,$11,Successful
TXN001114,12/10/2024,CUST00187,adelaide,Prepaid,Recharge,Recharge $10,Online,, 10 ,Successful
TXN000297,04/10/2024,CUST00178,canberra,Prepaid,Recharge,Recharge $10,App,, 10 ,Successful
TXN002472,24/05/2024,CUST00816,Sydney NSW,Prepaid,Voice Bundle,Voice 100min,MobileApp,,4.50,Successful
TXN000277,07-23-2024,CUST00561,Hobart,Postpaid,Voice Bundle,Voice 300min,Website,, 11 ,Successful
TXN002874,2024.09.08,CUST00112,brisbane,Prepaid,Recharge,Recharge $2,Mobile App,,2,Successful
TXN003047,23/12/2024,CUST00043,,Prepaid,Data Bundle,Data 2GB Weekly,agent rep,2048,-AUD 8,Reversed
TXN002803,2024.09.09,CUST00201,VIC,Prepaid,Data Bundle,Data 2GB Weekly,USSD,2048, 8 ,Successful
TXN000562,07-05-2024,CUST00294,VIC,Prepaid,Data Bundle,Data 40GB Monthly,MobileApp,40960,$110,Successful
TXN001685,09-10-2024,CUST00586, Sydney ,Prepaid,Recharge,Recharge $10,Mobile app,,,Successful
TXN002950,16/02/2024,CUST00062,ADL,Prepaid,Data Bundle,Data 1GB Daily,agent,1024,3.50,Successful
TXN000189,06/10/2024,CUST00449,VIC,Prepaid,Voice Bundle,Voice 100min,web,, 4.50 ,Successful
TXN003645,26/07/2024,CUST00834,PTH,Prepaid,Data Bundle,Data 40GB Monthly,Agent Rep,40960,,Successful
TXN003417,06-08-2024,CUST00308,Brisbane QLD,Prepaid,Data Bundle,Data 1GB Daily,Ussd,1024, 3.50 ,Successful
TXN001180,19/02/2024,CUST00517,Perth-WA,Prepaid,Data Bundle,Data 6GB Monthly,Mobile app,6144,$25,Successful
TXN002451,2024.12.06,CUST00472,Adelaide,Prepaid,Recharge,Recharge $1,Mobile App,,AUD 1,Successful
TXN000496,25 Jan 2024,CUST00208,SYD,Prepaid,Recharge,Recharge $10,ussd,,AUD 10,Successful
TXN000986,12 Nov 2024,CUST00323,Hobart,Prepaid,Recharge,Recharge $5,agent,,-AUD 5,Reversed
TXN003673,45339,CUST00009,,Prepaid,Recharge,Recharge $2,web,, 2 ,Successful
TXN000581,16/06/2024,CUST00183,VIC,Prepaid,Recharge,Recharge $10,USSD Code,,10,Successful
TXN002213,12/05/2024,CUST00563,PTH,Prepaid,Data Bundle,Data 6GB Monthly,ussd,6144,-AUD 25,Reversed
TXN004124,02/03/2024,CUST00703,Melbourne VIC,Prepaid,Recharge,Recharge $5,USSD,, 5 ,Successful
TXN001635,11-05-2024,CUST00489,Sydney NSW,Postpaid,Recharge,Recharge $20,agent,,AUD 20,Successful
TXN003859,14/06/2024,CUST00574,ADL,Prepaid,Data Bundle,Data 6GB Monthly,Online,6144,25,Successful
TXN000232,19/09/2024,CUST00598,SYD,Postpaid,Voice Bundle,Voice 300min,Web,,AUD 11,Successful
TXN003303,2024.11.01,00114,Brisbane,Postpaid,Data Bundle,Data 10GB Monthly,Mobile App,10240,AUD 35,Successful
TXN003895,05/09/2024,CUST00103,VIC,Prepaid,Recharge,Recharge $1,Website,,1,Successful
TXN003766,10 Oct 2024,CUST00498,Canberra,Prepaid,Voice Bundle,Voice 300min,Website,,-AUD 11,Reversed
TXN000285,28/09/2024,CUST00864,Brisbane,Prepaid,Data Bundle,Data 6GB Monthly,App,6144,25,Successful
TXN003668,06-24-2024,CUST00260,Sydney NSW,Prepaid,Recharge,Recharge $2,Agent Rep,,$2,Successful
TXN000891,2024.03.06,CUST00183,VIC,Prepaid,Recharge,Recharge $1,Mobile app,,AUD 1,Successful
TXN003442,2024.07.22,CUST00022,Sydney NSW,Prepaid,Recharge,Recharge $5,U.S.S.D,,,Successful
TXN001490,2024.08.17,CUST00142,Perth-WA,Prepaid,Data Bundle,Data 1GB Daily,USSD,1024,AUD 3.50,Successful
TXN002110,45447,CUST00408,BNE,Prepaid,Recharge,Recharge $10,Mobile App,,AUD 10,Successful
TXN001766,02-28-2024,CUST00163,Sydney,Prepaid,Recharge,Recharge $2,Ussd,,AUD 2,Successful
TXN000978,04-14-2024,CUST00671,brisbane,Prepaid,Recharge,Recharge $5,MobileApp,,5,Successful
TXN001108,12/05/2024,CUST00631,Sydney NSW,Prepaid,Recharge,Recharge $1,web,,0.00,Failed
TXN000280,15/12/2024,CUST00791,Melbourne,Postpaid,SMS Bundle,SMS 200,Online,,AUD 2.50,Successful
TXN001245,14 May 2024,CUST00340,SYD,Prepaid,Recharge,Recharge $2,agent rep,,$2,Successful
TXN000789,17/10/2024,CUST00238,VIC,Postpaid,Data Bundle,Data 6GB Monthly,agent rep,6144,$25,Successful
TXN001779,20 Dec 2024,CUST00469,Brisbane QLD,Postpaid,Data Bundle,Data 2GB Weekly,Agent Rep,2048,,Successful
TXN003025,03/03/2024,CUST00064,Sydney NSW,Postpaid,Data Bundle,Data 10GB Monthly,app,10240,$35,Successful
TXN002765,03 Jul 2024, CUST00099 ,brisbane,Prepaid,Data Bundle,Data 2GB Weekly,agent,2048,$8,Successful
TXN002811,25/10/2024,CUST00701,sydney,Prepaid,Recharge,Recharge $20,agent rep,,,Failed
TXN001626,21 Mar 2024,CUST00897,brisbane,Postpaid,Recharge,Recharge $1,USSD Code,,1,Successful
TXN002161,2024-13-40,CUST00515, Sydney ,Prepaid,Data Bundle,Data 10GB Monthly,Agent Rep,10240, 35 ,Successful
TXN001171,20/10/2024,CUST00509,Sydney,Prepaid,Data Bundle,Data 1GB Daily,Ussd,1024, 3.50 ,Successful
TXN001325,05-18-2024,CUST00594,canberra,Postpaid,Recharge,Recharge $2,agent rep,, 2 ,Successful
TXN002262,02/04/2024,CUST00187,adelaide,Prepaid,Recharge,Recharge $10,Web,,10,Successful
TXN003084,09-28-2024,CUST00764,SYD,Prepaid,Data Bundle,Data 6GB Monthly,MobileApp,6144,AUD 25,Successful
TXN001901,14 Nov 2024,CUST00232,Sydney NSW,Prepaid,Recharge,Recharge $5,Website,,$5,Successful
TXN000499,45353,CUST00051,,Prepaid,Recharge,Recharge $1,Agent,,AUD 1,Successful
TXN000837,07/04/2024,CUST00020,Hobart,Prepaid,Data Bundle,Data 2GB Weekly,Website,2048,8,Successful
TXN000747,03-27-2024,00615,melbourne,Postpaid,Data Bundle,Data 10GB Monthly,web,10240,AUD 35,Successful
TXN001833,2024-13-40,CUST00688, Sydney ,Prepaid,Data Bundle,Data 1GB Daily,Mobile app,1024,AUD 3.50,Successful
TXN000972,08-22-2024,CUST00254,Sydney NSW,Prepaid,Recharge,Recharge $1,Web,,0,Failed
TXN001584,11/10/2024,CUST00672,adelaide,Prepaid,Recharge,Recharge $2,Web,,2,Successful
TXN004050,2024.02.16,CUST00819,melbourne,Prepaid,Recharge,Recharge $20,app,, 20 ,Successful
TXN002818,07-25-2024,CUST00258,Adelaide SA,Postpaid,Recharge,Recharge $5,app,,$5,Successful
TXN000362,02/12/2024,CUST00729,Brisbane QLD,Prepaid,Recharge,Recharge $20,Agent Rep,,,Failed
TXN003940,06-15-2024,CUST00788,melbourne,Postpaid,Data Bundle,Data 6GB Monthly,Agent Rep,6144,$25,Successful
TXN001545,23/09/2024,00204,SYD,Prepaid,Data Bundle,Data 1GB Daily,Mobile app,1024,AUD 3.50,Successful
TXN003420,06-24-2024,CUST00481,perth,Prepaid,Voice Bundle,Voice 100min,Mobile app,,$4.50,Successful
TXN002888,10-20-2024,CUST00712,CBR,Prepaid,Data Bundle,Data 6GB Monthly,App,6144,$25,Successful
TXN002879,2024.10.19,CUST00639,Sydney,Prepaid,Recharge,Recharge $10,Web,,0,Failed
TXN004002,02-15-2024,CUST00242,MEL,Prepaid,Voice Bundle,Voice 100min,app,,AUD 4.50,Successful
TXN000601,12-02-2024,CUST00250,Melbourne,Prepaid,Data Bundle,Data 6GB Monthly,Website,6144,$25,Successful
TXN003710,03 Aug 2024,CUST00864,Brisbane QLD,Prepaid,Data Bundle,Data 2GB Weekly,Web,2048,8,Successful
TXN003057,01/05/2024, CUST00003 ,,Prepaid,Recharge,Recharge $5,Agent Rep,, 5 ,Successful
TXN002702,2024-13-40,CUST00303,PER,Prepaid,Recharge,Recharge $2,Web,,,Failed
TXN000194,45632,CUST00622,Sydney NSW,Prepaid,Recharge,Recharge $5,Online,,AUD 5,Successful
TXN001138,03/09/2024,CUST00156,HBA,Prepaid,SMS Bundle,SMS 200,Mobile app,,,Successful
TXN000269,06/09/2024,CUST00012,VIC,Prepaid,Recharge,Recharge $10,app,, 10 ,Successful
TXN002066,12 Dec 2024,CUST00261,CBR,Prepaid,Recharge,Recharge $10,Web,,AUD 10,Successful
TXN003334,01-03-2024,CUST00786,Canberra,Prepaid,Recharge,Recharge $1,Agent Rep,, 1 ,Successful
TXN001872,09/10/2024,CUST00069,Sydney,Prepaid,Recharge,Recharge $1,agent,,$1,Successful
TXN002056,03/11/2024,CUST00138,Sydney,Prepaid,Recharge,Recharge $1,agent rep,,0,Failed
TXN002042,04/03/2024,CUST00791,Melbourne VIC,Postpaid,Data Bundle,Data 6GB Monthly,MobileApp,6144,25,Successful
TXN001915,20 Jan 2024,CUST00142,,Prepaid,Data Bundle,Data 2GB Weekly,USSD Code,2048,$8,Successful
TXN000228,03/02/2024,CUST00701,sydney,Prepaid,Data Bundle,Data 2GB Weekly,agent,2048,AUD 8,Successful
TXN004066,05 Jun 2024,CUST00502,Brisbane QLD,Postpaid,Voice Bundle,Voice 100min,USSD,,AUD 4.50,Successful
TXN000644,18/12/2024,00553,ADL,Postpaid,Voice Bundle,Voice 300min,Website,,11,Successful
TXN002749,17/12/2024,CUST00061,Adelaide,Prepaid,Recharge,Recharge $5,Mobile App,,,Successful
TXN001882,01 Mar 2024,CUST00499,MEL,Prepaid,Data Bundle,Data 6GB Monthly,web,6144,AUD 25,Successful
TXN001855,08-11-2024,CUST00024,SYD,Prepaid,Data Bundle,Data 10GB Monthly,Mobile App,10240,AUD 35,Successful
TXN002644,10/12/2024, CUST00278 ,HBA,Prepaid,Data Bundle,Data 1GB Daily,web,1024, 3.50 ,Successful
TXN003713,19/12/2024,CUST00878,Harbour City,Postpaid,Recharge,Recharge $10,Agent,,,Failed
TXN001011,24/01/2024,00401,Sydney,Prepaid,Data Bundle,Data 2GB Weekly,web,2048,0,Failed
TXN001532,2024.02.11,CUST00380,SYD,Prepaid,Data Bundle,Data 10GB Monthly,Agent Rep,10240,(35),Reversed
TXN002853,09-06-2024, CUST00606 ,Sydney,Prepaid,Recharge,Recharge $5,app,,5,Successful
TXN001471,19/10/2024,CUST00120,Brisbane,Prepaid,Data Bundle,Data 1GB Daily,App,1024,AUD 3.50,Successful
TXN001326,28/01/2024,CUST00264,canberra,Prepaid,Data Bundle,Data 2GB Weekly,agent,2048, 8 ,Successful
TXN002857,24/06/2024,00422,PER,Postpaid,Voice Bundle,Voice 300min,Website,,11,Successful
TXN003830,08-14-2024,CUST00271,Adelaide,Postpaid,Data Bundle,Data 10GB Monthly,web,10240, 35 ,Successful
TXN002393,13/01/2024,CUST00050,Canberra,Postpaid,Data Bundle,Data 6GB Monthly,Ussd,6144,$25,Successful
TXN002683,06/02/2024,CUST00536,Brisbane,Prepaid,Data Bundle,Data 2GB Weekly,agent rep,2048,AUD 8,Successful
TXN002291,06-10-2024,CUST00585,sydney,Prepaid,Recharge,Recharge $2,U.S.S.D,,AUD 2,Successful
TXN000080,18 Dec 2024, CUST00719 ,Sydney NSW,Prepaid,Voice Bundle,Voice 300min,app,,0,Failed
TXN000848,2024.06.01,CUST00569,melbourne,Prepaid,Data Bundle,Data 1GB Daily,MobileApp,1024,3.50,Successful
TXN003915,04-05-2024,CUST00129,Harbour City,Prepaid,Data Bundle,Data 10GB Monthly,ussd,10240,35,Successful
TXN003043,13/12/2024,CUST00093,MEL,Prepaid,Recharge,Recharge $10,MobileApp,,AUD 10,Successful
TXN900012,04-23-2024, CUST00716 ,Adelaide SA,Prepaid,Data Bundle,Data 2GB Weekly,agent rep,2048,,Successful
TXN002398,05 Aug 2024,CUST00703,Melbourne,Prepaid,Recharge,Recharge $10,web,,0,Failed
TXN003287,21/08/2024,CUST00534,PTH,Prepaid,Recharge,Recharge $1,Web,,(1),Reversed
TXN001298,08-13-2024,00548,Sydney,Prepaid,Data Bundle,Data 6GB Monthly,Ussd,6144,,Successful
TXN003332,2024.11.28,CUST00793, Sydney ,Prepaid,Data Bundle,Data 10GB Monthly,Agent Rep,10240,35,Successful
TXN000936,09/06/2024,CUST00144,HBA,Prepaid,Data Bundle,Data 10GB Monthly,Mobile app,10240,AUD 35,Successful
TXN003847,2024.03.22,CUST00168,Hobart,Postpaid,Data Bundle,Data 40GB Monthly,MobileApp,40960,,Successful
TXN002297,01-01-2024,CUST00628,HBA,Prepaid,Recharge,Recharge $2,USSD Code,,2,Successful
TXN001919,03 Mar 2024,CUST00721,,Prepaid,Voice Bundle,Voice 100min,Online,,,Failed
TXN002254,01-18-2024, CUST00832 ,Melbourne VIC,Prepaid,Recharge,Recharge $10,Ussd,,10,Successful
TXN003535,10-18-2024,CUST00246,Sydney,Prepaid,Recharge,Recharge $1,App,,AUD 1,Successful
TXN004134,2024.03.18,CUST00809,melbourne,Prepaid,Recharge,Recharge $10,Ussd,,,Successful
TXN003599,09-10-2024,CUST00008,,Prepaid,Recharge,Recharge $5,USSD Code,,5,Successful
TXN000181,10 Feb 2024,CUST00601,Hobart,Prepaid,SMS Bundle,SMS 200,Online,,,Successful
TXN004193,14/08/2024,CUST00447,Harbour City,Postpaid,Recharge,Recharge $20,Agent,," 1,500 ",Successful
TXN002075,26 Aug 2024,CUST00786,Canberra,Prepaid,Data Bundle,Data 6GB Monthly,Website,6144,$25,Successful
TXN000279,23/10/2024,CUST00845,Adelaide,Prepaid,Data Bundle,Data 6GB Monthly,U.S.S.D,6144,0.00,Failed
TXN001376,45609,00161,Hobart,Postpaid,Recharge,Recharge $20,agent,,$20,Successful
TXN002535,2024.10.02,CUST00880,Adelaide SA,Prepaid,Recharge,Recharge $1,Online,,AUD 1,Successful
TXN003029,06-15-2024, CUST00506 ,Perth,Prepaid,Recharge,Recharge $10,Mobile App,,-AUD 10,Reversed
TXN003864,06/09/2024,00081,sydney,Prepaid,Recharge,Recharge $5,Mobile App,,$5,Successful
TXN000583,03/01/2024,00106,sydney,Prepaid,Recharge,Recharge $2,Website,,,Successful
TXN001258,06-25-2024,CUST00786,canberra,Prepaid,Voice Bundle,Voice 100min,agent,,AUD 4.50,Successful
TXN002015,45588,CUST00823,MEL,Prepaid,Recharge,Recharge $20,Ussd,,20,Successful
TXN003178,22/09/2024,CUST00349,Perth,Postpaid,Data Bundle,Data 10GB Monthly,App,10240,0.00,Failed
TXN001948,25/12/2024,CUST00491,Harbour City,Postpaid,Recharge,Recharge $1,Online,,1,Successful
TXN900021,45650,CUST00073,Melbourne VIC,Prepaid,Data Bundle,Data 1GB Daily,Agent,1024,3.50,Successful
TXN000058,2024.12.11,CUST00184, Sydney ,Prepaid,Data Bundle,Data 1GB Daily,Online,1024,AUD 3.50,Successful
TXN002555,08-25-2024,CUST00625,Hobart,Prepaid,Voice Bundle,Voice 100min,Agent,,(4.50),Reversed
TXN003206,2024.03.02,CUST00285,PTH,Postpaid,Voice Bundle,Voice 100min,MobileApp,,-AUD 4.50,Reversed
TXN002027,11 Mar 2024,CUST00524,SYD,Prepaid,Recharge,Recharge $1,Mobile App,,(1),Reversed
TXN000739,25/10/2024, CUST00529 ,Melbourne VIC,Prepaid,Recharge,Recharge $1,web,,1,Successful
TXN001123,2024.01.27,CUST00079,Sydney NSW,Prepaid,Data Bundle,Data 6GB Monthly,App,6144,25,Successful
TXN002882,06/01/2024,CUST00610,SYD,Prepaid,Recharge,Recharge $5,agent,,AUD 5,Successful
TXN001024,2024.11.26,CUST00570,perth,Prepaid,Recharge,Recharge $1,USSD Code,,$1,Successful
TXN002324,24 Feb 2024,CUST00830,Canberra,Prepaid,Data Bundle,Data 6GB Monthly,agent,6144,,Successful
TXN002560,2024.06.24,CUST00060,,Prepaid,Data Bundle,Data 10GB Monthly,web,10240,$35,Successful
TXN001264,24/08/2024,CUST00309,adelaide,Prepaid,Recharge,Recharge $20,USSD Code,,AUD 20,Successful
TXN000347,17/11/2024,CUST00536,brisbane,Prepaid,Data Bundle,Data 10GB Monthly,app,10240, 35 ,Successful
TXN000503,14/01/2024,CUST00840,brisbane,Prepaid,Recharge,Recharge $5,agent,,$5,Successful
TXN004091,21/05/2024,CUST00526,Adelaide,Postpaid,Data Bundle,Data 6GB Monthly,U.S.S.D,6144,AUD 25,Successful
TXN000834,45385,CUST00754,Sydney,Prepaid,Recharge,Recharge $1,Agent,,AUD 1,Successful
TXN001722,2024.11.26,00647,Canberra,Prepaid,Data Bundle,Data 1GB Daily,Mobile app,1024,0,Failed
TXN002604,07/07/2024, CUST00199 ,VIC,Prepaid,Recharge,Recharge $5,Mobile App,,,Failed
TXN001698,15/06/2024,CUST00155,adelaide,Postpaid,Voice Bundle,Voice 300min,Website,,11,Successful
TXN002194,18/04/2024,CUST00190,Sydney NSW,Postpaid,Recharge,Recharge $2,USSD Code,,$2,Successful
TXN003750,07-12-2024,CUST00468,Brisbane,Postpaid,Voice Bundle,Voice 300min,Agent Rep,, 11 ,Successful
TXN001233,23/03/2024, CUST00097 ,sydney,Postpaid,Voice Bundle,Voice 300min,app,,-AUD 11,Reversed
TXN001523,14/04/2024,CUST00001,PTH,Prepaid,Recharge,Recharge $20,web,,$20,Successful
TXN001003,2024-13-40, CUST00605 ,sydney,Prepaid,Recharge,Recharge $5,App,,-5,Reversed
TXN001009,10-28-2024,CUST00718,Adelaide,Prepaid,Recharge,Recharge $20,Mobile app,,$20,Successful
TXN001797,21 Dec 2024,CUST00519,sydney,Prepaid,Recharge,Recharge $5,MobileApp,,$5,Successful
TXN000566,2024.07.14,CUST00858,melbourne,Prepaid,Data Bundle,Data 2GB Weekly,App,2048, 8 ,Successful
TXN000264,15/08/2024, CUST00822 ,SYD,Prepaid,Recharge,Recharge $5,Ussd,,-5,Reversed
TXN001749,16/11/2024,CUST00833,VIC,Postpaid,Voice Bundle,Voice 300min,U.S.S.D,, 11 ,Successful
TXN000382,11/08/2024, CUST00389 ,canberra,Postpaid,Voice Bundle,Voice 100min,Agent Rep,,4.50,Successful
TXN002769,23/08/2024,CUST00291,Sydney NSW,Postpaid,Data Bundle,Data 1GB Daily,ussd,1024,$3.50,Successful
TXN003726,17 Aug 2024,CUST00615,melbourne,Postpaid,Data Bundle,Data 2GB Weekly,Online,2048,AUD 8,Successful
TXN003682,2024.06.27,CUST00589,SYD,Prepaid,Data Bundle,Data 40GB Monthly,Ussd,40960,AUD 110,Successful
TXN002347,12/10/2024,CUST00719,SYD,Prepaid,SMS Bundle,SMS 200,Mobile app,,AUD 2.50,Successful
TXN001103,11/03/2024,CUST00836,MEL,Postpaid,Recharge,Recharge $10,agent,, 10 ,Successful
TXN001783,21 Apr 2024,CUST00078,Sydney NSW,Prepaid,Data Bundle,Data 6GB Monthly,agent rep,6144,$25,Successful
TXN003277,10 Jun 2024,CUST00107,,Prepaid,Data Bundle,Data 2GB Weekly,U.S.S.D,2048,,Successful
TXN002640,18/04/2024, CUST00397 ,hobart,Postpaid,Data Bundle,Data 6GB Monthly,Agent,6144,,Successful
TXN003111,08-20-2024,CUST00036, Sydney ,Postpaid,Recharge,Recharge $20,App,,AUD 20,Successful
TXN001643,04 May 2024,CUST00868,PTH,Prepaid,Recharge,Recharge $2,agent,,,Successful
TXN003524,02-26-2024,CUST00620,Sydney NSW,Prepaid,Recharge,Recharge $1,App,,$1,Successful
TXN003503,17/09/2024,CUST00114,brisbane,Postpaid,Recharge,Recharge $10,Agent,,10,Successful
TXN003055,08-11-2024,CUST00843,Perth,Prepaid,Data Bundle,Data 1GB Daily,Online,1024,$3.50,Successful
TXN000033,11-05-2024,CUST00308,BNE,Prepaid,Recharge,Recharge $1,Online,,1,Successful
TXN004057,06/06/2024,CUST00132,melbourne,Prepaid,Recharge,Recharge $1,ussd,,1,Successful
TXN003034,12/01/2024,CUST00522,Adelaide,Prepaid,Recharge,Recharge $1,USSD Code,, 1 ,Successful
TXN002191,24 Oct 2024,CUST00407,Harbour City,Prepaid,Recharge,Recharge $2,USSD,,0,Failed
TXN000241,15 Jan 2024, CUST00650 ,melbourne,Prepaid,Data Bundle,Data 6GB Monthly,app,6144,AUD 25,Successful
TXN001230,04/01/2024,CUST00245,Brisbane QLD,Prepaid,Voice Bundle,Voice 100min,Web,,$4.50,Successful
TXN002516,2024.10.01, CUST00008 ,PER,Prepaid,SMS Bundle,SMS 200,agent rep,,2.50,Successful
TXN001675,02/02/2024, CUST00112 ,BNE,Prepaid,Recharge,Recharge $1,U.S.S.D,, 1 ,Successful
TXN003936,45490,CUST00390,VIC,Prepaid,Recharge,Recharge $20,Website,,AUD 20,Successful
TXN001715,08-10-2024,CUST00753,ADL,Prepaid,Voice Bundle,Voice 100min,ussd,,4.50,Successful
TXN000394,05-21-2024,CUST00234,SYD,Prepaid,Recharge,Recharge $2,agent rep,,AUD 2,Successful
TXN003562,45628,CUST00045, Sydney ,Prepaid,SMS Bundle,SMS 200,USSD,,0,Failed
TXN001429,45541,CUST00389,canberra,Postpaid,Data Bundle,Data 6GB Monthly,Mobile app,6144, 25 ,Successful
TXN000281,02/07/2024,CUST00005,,Prepaid,Recharge,Recharge $10,App,,$10,Successful
TXN000218,02/01/2024,CUST00858,VIC,Prepaid,Voice Bundle,Voice 300min,Agent,,AUD 11,Successful
TXN003199,25/03/2024,CUST00102,Hobart,Prepaid,Recharge,Recharge $5,U.S.S.D,,$5,Successful
TXN000984,01/07/2024,CUST00217,Sydney NSW,Postpaid,Voice Bundle,Voice 300min,Agent Rep,,$11,Successful
TXN000190,11-26-2024, CUST00104 ,melbourne,Prepaid,Data Bundle,Data 6GB Monthly,web,6144,$25,Successful
TXN002415,05 Sep 2024,CUST00026,Melbourne,Prepaid,Recharge,Recharge $10,Agent,,-10,Reversed
TXN000554,01/06/2024,CUST00191,Perth,Prepaid,Data Bundle,Data 40GB Monthly,agent,40960,110,Successful
TXN003296,2024.07.26,CUST00290,VIC,Prepaid,Data Bundle,Data 2GB Weekly,Agent,2048, 8 ,Successful
TXN002036,01 Apr 2024,CUST00418,Perth-WA,Prepaid,Recharge,Recharge $10,Agent Rep,,,Successful
TXN001451,06/11/2024,00228,Sydney,Prepaid,Recharge,Recharge $5,U.S.S.D,, 5 ,Successful
TXN001129,18 Nov 2024,CUST00189,Perth-WA,Prepaid,Recharge,Recharge $1,Website,,AUD 1,Successful
TXN004023,25 Dec 2024,CUST00130,sydney,Postpaid,Recharge,Recharge $5,Web,,,Failed
TXN003430,20/04/2024,CUST00779,Harbour City,Prepaid,Recharge,Recharge $10,agent rep,,-10,Reversed
TXN002963,19/10/2024,CUST00412,PTH,Postpaid,Voice Bundle,Voice 300min,App,,AUD 11,Successful
TXN002379,15/05/2024,CUST00339,Adelaide,Postpaid,Recharge,Recharge $10,agent rep,,0.00,Failed
TXN003855,2024.12.14,CUST00254,sydney,Prepaid,Recharge,Recharge $5,web,,$5,Successful
TXN000740,45641,CUST00812,PER,Prepaid,Data Bundle,Data 6GB Monthly,Agent Rep,6144,AUD 25,Successful
TXN003730,2024-13-40,CUST00365, Sydney ,Prepaid,Data Bundle,Data 2GB Weekly,U.S.S.D,2048,-AUD 8,Reversed
TXN003878,01/06/2024,CUST00579,Melbourne,Prepaid,Data Bundle,Data 2GB Weekly,Web,2048,AUD 8,Successful
TXN001875,05 Jan 2024,CUST00172,sydney,Prepaid,Data Bundle,Data 40GB Monthly,Agent Rep,40960,110,Successful
TXN000667,28/05/2024,00894,perth,Prepaid,Recharge,Recharge $5,agent,,$5,Successful
TXN001496,12-06-2024,CUST00894,Perth-WA,Prepaid,Data Bundle,Data 2GB Weekly,U.S.S.D,2048,,Failed
TXN000632,07-17-2024,CUST00464,MEL,Prepaid,Data Bundle,Data 2GB Weekly,agent,2048,8,Successful
TXN003337,03-06-2024,CUST00016,,Prepaid,Recharge,Recharge $1,Mobile App,,$1,Successful
TXN001306,45575,CUST00376, Sydney ,Postpaid,Data Bundle,Data 2GB Weekly,ussd,2048,-8,Reversed
TXN001806,2024.04.04,00069, Sydney ,Prepaid,Data Bundle,Data 2GB Weekly,agent,2048,,Failed
TXN000013,20/06/2024,CUST00157, Sydney ,Prepaid,Data Bundle,Data 2GB Weekly,MobileApp,2048,8,Successful
TXN000486,2024.02.15,CUST00534,PER,Prepaid,SMS Bundle,SMS 200,Website,,AUD 2.50,Successful
TXN001228,20/06/2024,CUST00194,Sydney NSW,Prepaid,Data Bundle,Data 1GB Daily,USSD Code,1024,$3.50,Successful
TXN002576,27/04/2024,00302,melbourne,Prepaid,Recharge,Recharge $20,agent,,AUD 20,Successful
TXN001243,03/03/2024,CUST00369,melbourne,Prepaid,SMS Bundle,SMS 200,agent,,$2.50,Successful
TXN002359,2024.07.18,CUST00182,brisbane,Prepaid,Voice Bundle,Voice 100min,Agent,,AUD 4.50,Successful
TXN000991,20/06/2024,CUST00695,SYD,Prepaid,Data Bundle,Data 6GB Monthly,Agent Rep,6144,,Successful
TXN001777,27/12/2024,CUST00581,melbourne,Prepaid,Recharge,Recharge $20,Mobile app,,AUD 20,Successful
TXN002977,2024.09.03,CUST00871,Harbour City,Prepaid,Recharge,Recharge $2,USSD,,AUD 2,Successful
TXN002964,27 Nov 2024,CUST00786,CBR,Prepaid,Data Bundle,Data 2GB Weekly,MobileApp,2048,AUD 8,Successful
TXN003174,02/12/2024,CUST00623,Sydney NSW,Postpaid,Recharge,Recharge $20,Agent,,AUD 20,Successful
TXN004063,28/04/2024,CUST00010,Adelaide SA,Prepaid,Recharge,Recharge $5,U.S.S.D,, 5 ,Successful
TXN002006,02-08-2024,CUST00426,hobart,Prepaid,Recharge,Recharge $2,Agent Rep,,2,Successful
TXN002796,10-12-2024,00620,sydney,Prepaid,Recharge,Recharge $2,USSD Code,,$2,Successful
TXN002001,24 Oct 2024,CUST00240,HBA,Prepaid,Data Bundle,Data 10GB Monthly,agent rep,10240, 35 ,Successful
TXN003200,27/08/2024,CUST00723,PER,Postpaid,Data Bundle,Data 10GB Monthly,agent,10240,$35,Successful
TXN000159,03-22-2024,CUST00093,Melbourne,Prepaid,Data Bundle,Data 2GB Weekly,App,2048,AUD 8,Successful
TXN001967,2024.03.23,CUST00482,ADL,Postpaid,Data Bundle,Data 40GB Monthly,app,40960,$110,Successful
TXN001399,07/04/2024, CUST00006 ,Sydney,Prepaid,Recharge,Recharge $1,Ussd,,AUD 1,Successful
TXN003032,22/09/2024,CUST00495,Adelaide SA,Prepaid,Data Bundle,Data 1GB Daily,agent,1024, 3.50 ,Successful
TXN003527,07/05/2024,CUST00806,perth,Prepaid,Recharge,Recharge $10,ussd,, 10 ,Successful
TXN002051,17/02/2024,CUST00399,Melbourne,Postpaid,Data Bundle,Data 6GB Monthly,U.S.S.D,6144,AUD 25,Successful
TXN001124,10/07/2024,CUST00767,Melbourne,Prepaid,Data Bundle,Data 2GB Weekly,U.S.S.D,2048, 8 ,Successful
TXN003310,03 Jan 2024,CUST00033,hobart,Prepaid,Data Bundle,Data 6GB Monthly,ussd,6144,,Successful
TXN000227,22/07/2024,CUST00008,PER,Prepaid,Data Bundle,Data 2GB Weekly,agent rep,2048,8,Successful
TXN002973,26/10/2024,00675,MEL,Prepaid,Recharge,Recharge $2,ussd,,2,Successful
TXN002462,11-09-2024,00465,PER,Prepaid,Recharge,Recharge $5,U.S.S.D,,$5,Successful
TXN003576,03-23-2024,CUST00399,MEL,Postpaid,Voice Bundle,Voice 300min,App,,11,Successful
TXN002514,03-19-2024,CUST00047,Adelaide SA,Prepaid,Data Bundle,Data 40GB Monthly,Website,40960,$110,Successful
TXN001782,07/01/2024,CUST00100,canberra,Postpaid,SMS Bundle,SMS 200,Agent Rep,,$2.50,Successful
TXN002732,2024.07.05,CUST00099,brisbane,Prepaid,Data Bundle,Data 1GB Daily,Website,1024,0.00,Failed
TXN003149,2024.04.22,CUST00756,brisbane,Prepaid,Recharge,Recharge $2,Mobile app,,0.00,Failed
TXN003573,07/11/2024,CUST00588, Sydney ,Prepaid,Data Bundle,Data 2GB Weekly,U.S.S.D,2048,,Successful
TXN002715,2024.10.17,CUST00668,perth,Prepaid,Recharge,Recharge $2,Online,,AUD 2,Successful
TXN003308,45327,CUST00235,PER,Prepaid,Data Bundle,Data 1GB Daily,Agent,1024,$3.50,Successful
TXN003811,18/01/2024,CUST00700,SYD,Prepaid,Data Bundle,Data 40GB Monthly,Ussd,40960,110,Successful
TXN002153,26/11/2024,CUST00714,PER,Postpaid,SMS Bundle,SMS 200,USSD,,2.50,Successful
TXN001947,01-20-2024,CUST00743,sydney,Prepaid,Recharge,Recharge $2,MobileApp,,-2,Reversed
TXN000708,26/07/2024,CUST00345, Sydney ,Prepaid,Recharge,Recharge $2,Website,,-AUD 2,Reversed
TXN003772,,00512,HBA,Prepaid,Recharge,Recharge $10,ussd,,$10,Successful
TXN002734,07 Feb 2024,CUST00165,Adelaide SA,Postpaid,Data Bundle,Data 1GB Daily,Website,1024,0.00,Failed
TXN003306,16 Oct 2024,CUST00824,SYD,Postpaid,Recharge,Recharge $5,Mobile app,,AUD 5,Successful
TXN001403,24 Mar 2024,CUST00607,HBA,Prepaid,Recharge,Recharge $2,app,,,Successful
TXN001172,04-14-2024,CUST00684,hobart,Prepaid,Data Bundle,Data 6GB Monthly,USSD Code,6144, 25 ,Successful
TXN002899,01/10/2024,CUST00829,Sydney,Prepaid,Data Bundle,Data 1GB Daily,agent,1024,3.50,Successful
TXN900028,05-02-2024,CUST00280,Adelaide,Prepaid,Data Bundle,Data 6GB Monthly,Agent Rep,6144,25,Successful
TXN003755,09/10/2024,CUST00311,Sydney,Prepaid,Data Bundle,Data 2GB Weekly,agent,2048,8,Successful
TXN002264,04-03-2024,CUST00524,sydney,Prepaid,Recharge,Recharge $2,Web,,-2,Reversed
TXN000327,21/11/2024,CUST00020,hobart,Prepaid,Data Bundle,Data 1GB Daily,Mobile app,1024,$3.50,Successful
TXN002403,16/01/2024,CUST00022,sydney,Prepaid,Data Bundle,Data 6GB Monthly,Agent,6144,$25,Successful
TXN000477,14/05/2024,CUST00784,BNE,Prepaid,Recharge,Recharge $10,Agent Rep,,AUD 10,Successful
TXN003931,45324,CUST00751,PER,Postpaid,Data Bundle,Data 6GB Monthly,ussd,6144,25,Successful
TXN002080,18/09/2024,CUST00638, Sydney ,Prepaid,Recharge,Recharge $10,Website,,0.00,Failed
TXN002083,,CUST00533,sydney,Prepaid,Data Bundle,Data 10GB Monthly,Ussd,10240,-35,Reversed
TXN001816,2024.08.23,CUST00260,Harbour City,Prepaid,Recharge,Recharge $2,app,,AUD 2,Successful
TXN003186,45482,CUST00437,Harbour City,Prepaid,Data Bundle,Data 1GB Daily,App,1024,-AUD 3.50,Reversed
TXN002867,09-09-2024,CUST00189,Perth,Prepaid,Recharge,Recharge $1,U.S.S.D,,$1,Successful
TXN001556,04 Apr 2024,00212,SYD,Prepaid,Data Bundle,Data 1GB Daily,MobileApp,1024,$3.50,Successful
TXN002792,03-02-2024,CUST00679,SYD,Prepaid,Recharge,Recharge $5,Ussd,,0.00,Failed
TXN000524,2024.08.10,CUST00024,Sydney,Prepaid,Recharge,Recharge $2,agent,,,Failed
TXN003493,2024.03.06,CUST00469,BNE,Postpaid,Recharge,Recharge $5,Website,,0.00,Failed
TXN000204,17/08/2024,CUST00515,SYD,Prepaid,SMS Bundle,SMS 200,Website,,0.00,Failed
TXN003788,10-03-2024,CUST00725,VIC,Prepaid,Recharge,Recharge $20,Online,,AUD 20,Successful
TXN004006,2024.08.26,00281,MEL,Prepaid,Data Bundle,Data 6GB Monthly,Website,6144,25,Successful
TXN002571,45432,CUST00712,Canberra,Prepaid,Voice Bundle,Voice 100min,web,,AUD 4.50,Successful
TXN001359,06-24-2024,CUST00283,hobart,Postpaid,Data Bundle,Data 10GB Monthly,Agent Rep,10240,AUD 35,Successful
TXN000998,18/02/2024,CUST00682,hobart,Prepaid,Recharge,Recharge $20,agent rep,,$20,Successful
TXN002069,01/12/2024,CUST00312,Sydney NSW,Prepaid,Data Bundle,Data 6GB Monthly,Mobile App,6144,(25),Reversed
TXN000253,05/08/2024, CUST00638 ,SYD,Prepaid,Voice Bundle,Voice 100min,U.S.S.D,,AUD 4.50,Successful
TXN000101,10-25-2024, CUST00580 ,adelaide,Prepaid,Recharge,Recharge $20,agent,, 20 ,Successful
TXN003534,06-23-2024,CUST00280,ADL,Prepaid,Recharge,Recharge $5,Mobile App,,$5,Successful
TXN000821,06-14-2024,CUST00729,BNE,Prepaid,Recharge,Recharge $1,web,,AUD 1,Successful
TXN000752,20/04/2024,CUST00006, Sydney ,Prepaid,SMS Bundle,SMS 200,MobileApp,,2.50,Successful
TXN002804,09-02-2024,CUST00122,Brisbane,Postpaid,Voice Bundle,Voice 300min,Online,, 11 ,Successful
TXN000489,2024.07.05,CUST00707,Melbourne VIC,Prepaid,Data Bundle,Data 2GB Weekly,Ussd,2048,-AUD 8,Reversed
TXN003719,2024.12.12,CUST00608,Perth,Postpaid,Data Bundle,Data 6GB Monthly,App,6144,AUD 25,Successful
TXN002787,14/07/2024,CUST00086,canberra,Prepaid,Recharge,Recharge $2,ussd,,$2,Successful
TXN001679,10/05/2024,CUST00401,sydney,Prepaid,Recharge,Recharge $2,Agent Rep,, 2 ,Successful
TXN001877,45631,CUST00069,sydney,Prepaid,Recharge,Recharge $10,web,,$10,Successful
TXN000677,20/02/2024,CUST00802,Perth-WA,Prepaid,Voice Bundle,Voice 100min,agent,,$4.50,Successful
TXN002218,28/05/2024,CUST00351,PER,Postpaid,Voice Bundle,Voice 300min,Ussd,,$11,Successful
TXN002447,2024.09.04,CUST00273,Sydney,Prepaid,Data Bundle,Data 40GB Monthly,Ussd,40960,$110,Successful
TXN003192,2024-13-40,CUST00658,Sydney NSW,Prepaid,Recharge,Recharge $2,Agent Rep,,0.00,Failed
TXN003454,22/12/2024,CUST00038,PTH,Prepaid,Data Bundle,Data 2GB Weekly,USSD,2048, 8 ,Successful
TXN001407,02 Jan 2024,CUST00332,CBR,Prepaid,Data Bundle,Data 10GB Monthly,Online,10240,,Successful
TXN003946,08-05-2024,CUST00215,Adelaide,Prepaid,Recharge,Recharge $1,agent,,AUD 1,Successful
TXN002870,07/08/2024,CUST00299,perth,Prepaid,Data Bundle,Data 10GB Monthly,Agent,10240,AUD 35,Successful
TXN001416,01-23-2024,CUST00408,Brisbane QLD,Prepaid,Recharge,Recharge $5,ussd,,-5,Reversed
TXN002780,02-24-2024,CUST00031,Canberra,Prepaid,SMS Bundle,SMS 200,web,, 2.50 ,Successful
TXN002918,01/01/2024,CUST00609,ADL,Prepaid,Data Bundle,Data 2GB Weekly,Online,2048,8,Successful
TXN003958,02-20-2024, CUST00368 ,Brisbane,Prepaid,Recharge,Recharge $2,agent rep,, 2 ,Successful
TXN000979,04/03/2024,CUST00499,MEL,Prepaid,Data Bundle,Data 10GB Monthly,ussd,10240,,Successful
TXN000225,12-21-2024,CUST00730,Adelaide,Prepaid,Voice Bundle,Voice 100min,Online,,AUD 4.50,Successful
TXN003099,2024.06.07,CUST00461,Perth-WA,Postpaid,Data Bundle,Data 1GB Daily,U.S.S.D,1024,3.50,Successful
TXN000775,02-14-2024,CUST00526,Adelaide,Postpaid,Data Bundle,Data 2GB Weekly,agent rep,2048,,Successful
TXN003479,09-19-2024,CUST00266,Sydney,Prepaid,Recharge,Recharge $2,agent,,2,Successful
TXN003385,13/01/2024,00325,Melbourne,Prepaid,Data Bundle,Data 6GB Monthly,web,6144, 25 ,Successful
TXN002282,45515,CUST00349,Perth,Postpaid,Recharge,Recharge $2,App,,$2,Successful
TXN000173,08/04/2024,CUST00103,Melbourne,Prepaid,Data Bundle,Data 10GB Monthly,ussd,10240,AUD 35,Successful
TXN003372,13/12/2024,CUST00322,Perth,Prepaid,SMS Bundle,SMS 200,Online,,$2.50,Successful
TXN003839,28/05/2024,CUST00702,Melbourne,Prepaid,Recharge,Recharge $10,web,,AUD 10,Successful
TXN000111,45458,00643,PTH,Prepaid,Data Bundle,Data 6GB Monthly,Website,6144,AUD 25,Successful
TXN003928,22/11/2024,CUST00513, Sydney ,Postpaid,Data Bundle,Data 6GB Monthly,ussd,6144,AUD 25,Successful
TXN000337,06-27-2024,CUST00529,VIC,Prepaid,Data Bundle,Data 6GB Monthly,Ussd,6144,$25,Successful
TXN003349,27 Feb 2024,CUST00386,Brisbane QLD,Prepaid,Data Bundle,Data 2GB Weekly,Online,2048,AUD 8,Successful
TXN002837,03/07/2024,CUST00141,PTH,Prepaid,Recharge,Recharge $20,Mobile app,,$20,Successful
TXN001445,2024.11.10,CUST00206,Adelaide SA,Prepaid,Recharge,Recharge $2,Online,,$2,Successful
TXN004055,05-22-2024, CUST00362 ,ADL,Prepaid,Recharge,Recharge $1,USSD,,1,Successful
TXN002410,05/03/2024,CUST00455,SYD,Prepaid,Recharge,Recharge $1,agent,,AUD 1,Successful
TXN001154,20 Aug 2024,CUST00328,Adelaide SA,Prepaid,SMS Bundle,SMS 200,Web,,2.50,Successful
TXN001531,14/08/2024,CUST00670,Adelaide,Prepaid,Recharge,Recharge $2,agent rep,, 2 ,Successful
TXN004156,11/09/2024,CUST00086,Canberra,Prepaid,Recharge,Recharge $1,ussd,,1,Successful
TXN000025,07/03/2024,CUST00355, Sydney ,Prepaid,Recharge,Recharge $1,Online,,$1,Successful
TXN004071,10/06/2024,CUST00664,melbourne,Prepaid,Voice Bundle,Voice 300min,Agent,,11,Successful
TXN001436,02/08/2024,CUST00675,Melbourne VIC,Prepaid,Recharge,Recharge $1,U.S.S.D,,$1,Successful
TXN003782,01-15-2024,CUST00195,CBR,Prepaid,Recharge,Recharge $20,App,,20,Successful
TXN002654,08/10/2024,CUST00735,Hobart,Prepaid,Data Bundle,Data 1GB Daily,App,1024, 3.50 ,Successful
TXN002425,06/10/2024,00740,Brisbane QLD,Postpaid,Recharge,Recharge $5,agent,,5,Successful
TXN001255,45341,CUST00313,Brisbane,Prepaid,Data Bundle,Data 1GB Daily,Website,1024,AUD 3.50,Successful
TXN001040,04 Apr 2024, CUST00565 ,Sydney NSW,Prepaid,Recharge,Recharge $5,MobileApp,, 5 ,Successful
TXN000185,26/08/2024,CUST00187,ADL,Prepaid,Data Bundle,Data 2GB Weekly,Web,2048,8,Successful
TXN002694,23/12/2024,CUST00072,sydney,Postpaid,Recharge,Recharge $10,app,,$10,Successful
TXN000825,17 Dec 2024,00133,,Prepaid,Data Bundle,Data 2GB Weekly,Ussd,2048,AUD 8,Successful
TXN000387,18 Sep 2024,CUST00870,sydney,Prepaid,Data Bundle,Data 6GB Monthly,ussd,6144,-25,Reversed
TXN003871,12/01/2024,CUST00207,Perth-WA,Prepaid,Recharge,Recharge $2,Mobile App,,$2,Successful
TXN000009,45420,CUST00489,Sydney NSW,Postpaid,Data Bundle,Data 1GB Daily,Agent,1024,AUD 3.50,Successful
TXN001548,10 Jul 2024,CUST00810,Harbour City,Postpaid,Data Bundle,Data 6GB Monthly,U.S.S.D,6144,25,Successful
TXN000722,01/07/2024,CUST00740,BNE,Postpaid,Voice Bundle,Voice 300min,Agent,,11,Successful
TXN001583,45641, CUST00463 ,PER,Prepaid,Data Bundle,Data 1GB Daily,Agent Rep,1024,(3.50),Reversed
TXN000469,01 Oct 2024,CUST00403,Melbourne VIC,Prepaid,Recharge,Recharge $5,app,,,Successful
TXN004169,04-24-2024,CUST00534,Perth-WA,Prepaid,Recharge,Recharge $20,USSD,,20,Successful
TXN000537,06-19-2024,CUST00546,CBR,Prepaid,Data Bundle,Data 1GB Daily,Online,1024,$3.50,Successful
TXN001311,20/04/2024, CUST00062 ,Adelaide,Prepaid,Recharge,Recharge $1,Web,, 1 ,Successful
TXN000342,2024.07.19,CUST00645,Harbour City,Prepaid,Recharge,Recharge $2,Website,,2,Successful
TXN003026,2024.05.20,CUST00712,Canberra,Prepaid,Data Bundle,Data 1GB Daily,App,1024, 3.50 ,Successful
TXN002826,10-05-2024,CUST00714,Perth,Postpaid,Recharge,Recharge $2,Online,,(2),Reversed
TXN001600,15 Oct 2024,CUST00555,BNE,Prepaid,Voice Bundle,Voice 100min,Agent Rep,,AUD 4.50,Successful
TXN002994,2024.05.08,CUST00044,canberra,Prepaid,Recharge,Recharge $10,USSD Code,,$10,Successful
TXN001658,02-01-2024,CUST00387, Sydney ,Prepaid,Recharge,Recharge $5,Web,,$5,Successful
TXN000443,02-10-2024,CUST00531,hobart,Prepaid,SMS Bundle,SMS 200,agent,,$2.50,Successful
TXN000055,14/07/2024,CUST00085, Sydney ,Prepaid,Recharge,Recharge $5,USSD Code,,AUD 5,Successful
TXN003707,12/08/2024,CUST00338,Brisbane QLD,Prepaid,Recharge,Recharge $1,Web,,AUD 1,Successful
TXN002383,02-03-2024,CUST00240,Hobart,Prepaid,Data Bundle,Data 6GB Monthly,USSD,6144,$25,Successful
TXN003742,03-23-2024,CUST00768,HBA,Prepaid,Data Bundle,Data 1GB Daily,app,1024,AUD 3.50,Successful
TXN004024,2024.10.17,00219,,Postpaid,Voice Bundle,Voice 100min,Online,,0,Failed
TXN000786,27/08/2024, CUST00302 ,VIC,Prepaid,Recharge,Recharge $5,Online,,-5,Reversed
TXN001084,45578,CUST00449,VIC,Prepaid,Recharge,Recharge $10,App,,$10,Successful
TXN001494,2024.02.03,CUST00331,Brisbane QLD,Prepaid,Data Bundle,Data 1GB Daily,Website,1024,3.50,Successful
TXN000718,14/03/2024,CUST00650,Melbourne,Prepaid,Recharge,Recharge $5,Mobile app,, 5 ,Successful
TXN001259,19/08/2024,CUST00131,hobart,Postpaid,Data Bundle,Data 40GB Monthly,Web,40960,AUD 110,Successful
TXN003831,2024.12.11,00271,Adelaide,Postpaid,Recharge,Recharge $1,USSD,,$1,Successful
TXN003640,08-09-2024,CUST00217, Sydney ,Postpaid,Voice Bundle,Voice 300min,App,,$11,Successful
TXN001644,09 Feb 2024, CUST00512 ,hobart,Prepaid,Recharge,Recharge $2,ussd,,AUD 2,Successful
TXN002298,05-28-2024,CUST00095,sydney,Prepaid,SMS Bundle,SMS 200,Online,,AUD 2.50,Successful
TXN001374,01/08/2024,CUST00133,ADL,Prepaid,Data Bundle,Data 10GB Monthly,agent,10240,-35,Reversed
TXN002585,19/09/2024,CUST00776,ADL,Prepaid,Recharge,Recharge $10,App,,AUD 10,Successful
TXN003664,,CUST00748,canberra,Postpaid,Data Bundle,Data 1GB Daily,USSD,1024,,Successful
TXN004150,03/09/2024,CUST00689,sydney,Postpaid,Recharge,Recharge $1,USSD Code,, 1 ,Successful
TXN002062,2024.06.26,CUST00405,Brisbane,Prepaid,Recharge,Recharge $20,MobileApp,,20,Successful
TXN000921,10/03/2024,CUST00291,SYD,Postpaid,Recharge,Recharge $2,USSD,,0,Failed
TXN003917,45628, CUST00650 ,melbourne,Prepaid,Recharge,Recharge $2,Agent,, 2 ,Successful
TXN004067,04/02/2024,CUST00601,HBA,Prepaid,Recharge,Recharge $1,Web,,,Successful
TXN000735,27/10/2024,CUST00483,Sydney,Prepaid,Recharge,Recharge $10,Ussd,,,Successful
TXN000849,16/01/2024,CUST00001,Perth,Prepaid,Recharge,Recharge $2,Agent,,2,Successful
TXN001390,45555,00330,sydney,Prepaid,Recharge,Recharge $1,web,,$1,Successful
TXN000993,23/08/2024,CUST00301,Sydney,Prepaid,Recharge,Recharge $20,U.S.S.D,,$20,Successful
TXN002336,2024.11.13,CUST00469,brisbane,Postpaid,Data Bundle,Data 1GB Daily,Agent Rep,1024, 3.50 ,Successful
TXN003457,24/12/2024,CUST00486,Harbour City,Prepaid,Recharge,Recharge $1,web,,AUD 1,Successful
TXN002386,2024.05.09,CUST00240,HBA,Prepaid,Data Bundle,Data 2GB Weekly,USSD,2048,,Successful
TXN003604,45651,CUST00684,hobart,Prepaid,Data Bundle,Data 2GB Weekly,agent rep,2048,8,Successful
TXN003412,03/08/2024,CUST00344,Brisbane QLD,Prepaid,Data Bundle,Data 1GB Daily,Web,1024, 3.50 ,Successful
TXN001788,08-02-2024,CUST00014,Harbour City,Prepaid,SMS Bundle,SMS 200,agent rep,,AUD 2.50,Successful
TXN002832,02-03-2024, CUST00151 ,HBA,Prepaid,Data Bundle,Data 2GB Weekly,web,2048,AUD 8,Successful
TXN000142,10-19-2024,CUST00262,Perth-WA,Prepaid,Recharge,Recharge $1,ussd,,$1,Successful
TXN001671,04/09/2024,CUST00073,VIC,Prepaid,Data Bundle,Data 6GB Monthly,agent rep,6144,,Failed
TXN000613,12-03-2024,CUST00385,Harbour City,Postpaid,Data Bundle,Data 2GB Weekly,app,2048,AUD 8,Successful
TXN002944,11-19-2024,00856,brisbane,Prepaid,Data Bundle,Data 1GB Daily,Website,1024,AUD 3.50,Successful
TXN003219,12/01/2024,CUST00240,hobart,Prepaid,Data Bundle,Data 6GB Monthly,Agent,6144,$25,Successful
TXN003424,10-16-2024,CUST00358,VIC,Prepaid,Recharge,Recharge $10,web,,$10,Successful
TXN001252,2024.01.12, CUST00225 ,ADL,Prepaid,Data Bundle,Data 2GB Weekly,Website,2048,$8,Successful
TXN000569,13/09/2024,CUST00389,Canberra,Postpaid,Recharge,Recharge $5,ussd,,$5,Successful
TXN002186,26/04/2024,00887,Harbour City,Prepaid,Data Bundle,Data 2GB Weekly,Online,2048,0.00,Failed
TXN000863,24/08/2024,CUST00067,Hobart,Postpaid,Recharge,Recharge $10,MobileApp,, 10 ,Successful
TXN004004,28/07/2024,CUST00867,hobart,Prepaid,Recharge,Recharge $2,Web,,,Successful
TXN003764,45373,CUST00479,Sydney,Prepaid,Recharge,Recharge $2,Agent,,0.00,Failed
TXN001622,08-22-2024,CUST00729,,Prepaid,Recharge,Recharge $2,Agent,,$2,Successful
TXN003336,19/04/2024,CUST00470,Adelaide SA,Prepaid,Recharge,Recharge $2,web,,AUD 2,Successful
TXN001314,2024.10.07,CUST00830,Canberra,Prepaid,Data Bundle,Data 2GB Weekly,web,2048,AUD 8,Successful
TXN004039,15/12/2024,CUST00400,brisbane,Postpaid,Data Bundle,Data 1GB Daily,web,1024,$3.50,Successful
TXN003403,,CUST00563,Perth,Prepaid,Recharge,Recharge $2,Ussd,,AUD 2,Successful
TXN004040,2024.10.07, CUST00405 ,,Prepaid,Recharge,Recharge $5,Ussd,,AUD 5,Successful
TXN002820,01/04/2024,00818,Canberra,Prepaid,Data Bundle,Data 2GB Weekly,agent,2048,$8,Successful
TXN001750,20/10/2024,CUST00394,CBR,Prepaid,Data Bundle,Data 1GB Daily,agent,1024,3.50,Successful
TXN001198,15 Nov 2024,CUST00648,melbourne,Prepaid,Recharge,Recharge $1,Web,,$1,Successful
TXN003853,07-25-2024,CUST00295,Melbourne VIC,Prepaid,Recharge,Recharge $1,Ussd,,1,Successful
TXN001560,15/01/2024,CUST00390,Melbourne VIC,Prepaid,Recharge,Recharge $2,USSD,,,Successful
TXN000846,21 Oct 2024,CUST00253,sydney,Prepaid,Data Bundle,Data 1GB Daily,Mobile app,1024,AUD 3.50,Successful
TXN000603,26/09/2024,CUST00427,Sydney NSW,Prepaid,Recharge,Recharge $1,Agent,,,Failed
TXN002522,45517,CUST00141,PER,Prepaid,Recharge,Recharge $2,Website,,AUD 2,Successful
TXN002643,09-07-2024, CUST00116 , Sydney ,Prepaid,Voice Bundle,Voice 100min,Mobile app,,0,Failed
TXN002228,2024.06.08,CUST00419,Perth-WA,Prepaid,Data Bundle,Data 2GB Weekly,USSD,2048,AUD 8,Successful
TXN004027,45646, CUST00325 ,Melbourne,Prepaid,Recharge,Recharge $10,Agent,,$10,Successful
TXN003395,01-21-2024, CUST00384 ,Melbourne,Prepaid,Recharge,Recharge $1,Website,,$1,Successful
TXN002658,03/05/2024,CUST00501,Sydney NSW,Prepaid,Recharge,Recharge $1,ussd,, 1 ,Successful
TXN003607,06 Mar 2024,CUST00615,MEL,Postpaid,Recharge,Recharge $10,USSD Code,,$10,Successful
TXN003998,12 Dec 2024,00719, Sydney ,Prepaid,Data Bundle,Data 1GB Daily,U.S.S.D,1024,,Failed
TXN000424,12/09/2024,CUST00022,Sydney,Prepaid,Recharge,Recharge $2,Website,,0.00,Failed
TXN003232,11 Jan 2024,CUST00713,Melbourne VIC,Prepaid,Recharge,Recharge $5,Agent Rep,,-AUD 5,Reversed
TXN001303,11/04/2024,CUST00185, Sydney ,Postpaid,Data Bundle,Data 10GB Monthly,Agent Rep,10240,,Failed
TXN000829,10/12/2024, CUST00050 ,Canberra,Postpaid,Recharge,Recharge $5,USSD Code,,5,Successful
TXN000152,14/12/2024,CUST00543,Melbourne,Prepaid,SMS Bundle,SMS 200,Agent Rep,,$2.50,Successful
TXN002697,12-27-2024,00895,Melbourne VIC,Prepaid,Recharge,Recharge $5,Online,,AUD 5,Successful
TXN001764,11/02/2024,CUST00347,Perth-WA,Postpaid,Data Bundle,Data 1GB Daily,Website,1024,,Failed
TXN000037,10/12/2024,CUST00891,CBR,Postpaid,SMS Bundle,SMS 200,ussd,, 2.50 ,Successful
TXN002630,2024.08.01, CUST00796 ,Hobart,Postpaid,Recharge,Recharge $20,Mobile app,, 20 ,Successful
TXN002653,2024.10.13, CUST00004 ,hobart,Prepaid,Recharge,Recharge $2,ussd,,AUD 2,Successful
TXN000398,45582,CUST00027,sydney,Postpaid,Recharge,Recharge $10,Online,,,Failed
TXN001006,2024.10.28, CUST00150 , Sydney ,Postpaid,Data Bundle,Data 6GB Monthly,Ussd,6144,(25),Reversed
TXN000167,04-15-2024, CUST00192 ,Harbour City,Prepaid,Data Bundle,Data 1GB Daily,agent rep,1024,3.50,Successful
TXN000930,11-06-2024,CUST00246,Harbour City,Prepaid,Data Bundle,Data 1GB Daily,ussd,1024,(3.50),Reversed
TXN001226,05 Jun 2024,CUST00363,Canberra,Postpaid,Data Bundle,Data 1GB Daily,Website,1024,$3.50,Successful
TXN003602,11/06/2024,CUST00198,SYD,Prepaid,Data Bundle,Data 1GB Daily,agent,1024,(3.50),Reversed
TXN000589,13/08/2024,CUST00181,PER,Prepaid,Recharge,Recharge $5,USSD,,AUD 5,Successful
TXN000143,01/11/2024, CUST00046 ,Sydney NSW,Prepaid,Recharge,Recharge $10,Mobile app,,AUD 10,Successful
TXN001241,2024.04.17,CUST00116,sydney,Prepaid,Recharge,Recharge $1,Mobile app,, 1 ,Successful
TXN003445,14 May 2024,CUST00241,Melbourne VIC,Prepaid,Recharge,Recharge $2,MobileApp,,$2,Successful
TXN003378,09/10/2024,CUST00599,BNE,Postpaid,Recharge,Recharge $10,MobileApp,,,Successful
TXN000452,,CUST00052,Perth,Prepaid,Data Bundle,Data 1GB Daily,app,1024,$3.50,Successful
TXN001768,12-05-2024,CUST00157, Sydney ,Prepaid,Recharge,Recharge $5,Online,,5,Successful
TXN003814,2024.02.28, CUST00747 ,Canberra,Prepaid,Recharge,Recharge $10,Mobile app,,,Failed
TXN001773,45360,CUST00343, Sydney ,Prepaid,Data Bundle,Data 2GB Weekly,Website,2048,,Successful
TXN003216,12-24-2024,00003,PER,Prepaid,Recharge,Recharge $1,App,,AUD 1,Successful
TXN000238,22/02/2024,CUST00513,Sydney NSW,Postpaid,Recharge,Recharge $20,Mobile app,,,Failed
TXN001996,45646,CUST00349,,Postpaid,Voice Bundle,Voice 100min,app,, 4.50 ,Successful
TXN001375,18/10/2024,CUST00362,Adelaide SA,Prepaid,Recharge,Recharge $1,App,,$1,Successful
TXN003877,18/08/2024, CUST00869 ,canberra,Prepaid,Recharge,Recharge $5,MobileApp,,5,Successful
TXN001906,,CUST00059,Sydney NSW,Prepaid,Recharge,Recharge $10,agent,,$10,Successful
TXN001022,21 Jul 2024,CUST00394,canberra,Prepaid,Recharge,Recharge $5,agent,,,Successful
TXN003314,23 Feb 2024,CUST00297,Sydney,Prepaid,SMS Bundle,SMS 200,U.S.S.D,,AUD 2.50,Successful
TXN003229,2024.11.27,CUST00147,Perth,Prepaid,Recharge,Recharge $2,U.S.S.D,,2,Successful
TXN002937,06 Oct 2024,CUST00080, Sydney ,Prepaid,Recharge,Recharge $5,app,,$5,Successful
TXN003523,05/01/2024,00329,Sydney,Prepaid,Recharge,Recharge $1,web,,$1,Successful
TXN002795,04/03/2024,CUST00561,HBA,Postpaid,Recharge,Recharge $20,agent rep,,AUD 20,Successful
TXN003431,09-14-2024,CUST00490,Harbour City,Prepaid,Recharge,Recharge $1,U.S.S.D,, 1 ,Successful
TXN001562,24/12/2024, CUST00124 ,SYD,Prepaid,Data Bundle,Data 6GB Monthly,app,6144,-AUD 25,Reversed
TXN003795,15/03/2024,CUST00088,ADL,Prepaid,SMS Bundle,SMS 200,app,,AUD 2.50,Successful
TXN003389,18/12/2024,CUST00792,Sydney NSW,Prepaid,SMS Bundle,SMS 200,Online,,,Failed
TXN002117,2024.12.04,CUST00698,Adelaide,Prepaid,Data Bundle,Data 2GB Weekly,Online,2048,$8,Successful
TXN002223,04/06/2024,CUST00473,sydney,Prepaid,Recharge,Recharge $1,U.S.S.D,,0,Failed
TXN000804,08 Oct 2024, CUST00788 ,Melbourne VIC,Postpaid,Recharge,Recharge $10,agent rep,,AUD 10,Successful
TXN003912,03-08-2024,CUST00052,PER,Prepaid,Recharge,Recharge $1,Agent Rep,,$1,Successful
TXN003234,10-19-2024,CUST00328,Adelaide,Prepaid,Recharge,Recharge $1,Online,,1,Successful
TXN001227,05-02-2024,CUST00280,Adelaide,Prepaid,Data Bundle,Data 6GB Monthly,Agent Rep,6144,25,Successful
TXN001204,45576,CUST00699,Perth,Prepaid,Recharge,Recharge $2,web,,$2,Successful
TXN003624,16/05/2024, CUST00106 ,,Prepaid,Recharge,Recharge $10,Agent Rep,,-AUD 10,Reversed
TXN000856,03/05/2024,CUST00781,BNE,Prepaid,Recharge,Recharge $1,web,,0.00,Failed
TXN002928,05/06/2024,CUST00846,CBR,Prepaid,Recharge,Recharge $1,MobileApp,,$1,Successful
TXN001907,08/02/2024,CUST00380,Sydney,Prepaid,SMS Bundle,SMS 200,web,,AUD 2.50,Successful
TXN003010,02-20-2024,CUST00409,ADL,Prepaid,SMS Bundle,SMS 200,Agent,,AUD 2.50,Successful
TXN003074,03-26-2024,CUST00135,PTH,Prepaid,Recharge,Recharge $20,Agent Rep,,0.00,Failed
TXN002115,2024.09.11,CUST00557,perth,Prepaid,Recharge,Recharge $5,Website,,AUD 5,Successful
TXN002020,10-24-2024,CUST00059,Harbour City,Prepaid,Data Bundle,Data 2GB Weekly,Agent,2048,$8,Successful
TXN003893,45432,CUST00129,SYD,Prepaid,Recharge,Recharge $1,MobileApp,,$1,Successful
TXN001704,45493,CUST00122,Brisbane,Postpaid,Voice Bundle,Voice 300min,web,,11,Successful
TXN002869,06-25-2024,CUST00199,melbourne,Prepaid,Recharge,Recharge $5,ussd,,0.00,Failed
TXN002157,08-26-2024,CUST00339,Adelaide SA,Postpaid,Recharge,Recharge $2,Web,, 2 ,Successful
TXN003943,2024.05.28,CUST00461,PTH,Postpaid,Data Bundle,Data 40GB Monthly,USSD,40960,$110,Successful
TXN001268,01/02/2024,CUST00443,hobart,Prepaid,Data Bundle,Data 10GB Monthly,Mobile App,10240,AUD 35,Successful
TXN004001,2024-13-40,CUST00220,VIC,Postpaid,Data Bundle,Data 6GB Monthly,Website,6144,,Successful
TXN000960,03-08-2024,CUST00435,sydney,Prepaid,Data Bundle,Data 1GB Daily,App,1024,$3.50,Successful
TXN002993,25/02/2024,CUST00001,PTH,Prepaid,Recharge,Recharge $5,agent rep,,-AUD 5,Reversed
TXN000186,05-03-2024,CUST00145,Melbourne,Prepaid,SMS Bundle,SMS 200,ussd,,2.50,Successful
TXN003397,07 Nov 2024,CUST00554,perth,Postpaid,Data Bundle,Data 2GB Weekly,ussd,2048,,Successful
TXN000038,16/12/2024,CUST00765,Melbourne,Postpaid,Data Bundle,Data 6GB Monthly,App,6144,AUD 25,Successful
TXN001179,17/12/2024, CUST00413 ,CBR,Prepaid,Recharge,Recharge $2,MobileApp,,$2,Successful
TXN000097,2024.03.10,CUST00569,VIC,Prepaid,Recharge,Recharge $5,ussd,,AUD 5,Successful
TXN003009,01/01/2024,CUST00413,Canberra,Prepaid,Recharge,Recharge $5,Web,,AUD 5,Successful
TXN000072,04-13-2024,00139,SYD,Prepaid,Data Bundle,Data 1GB Daily,Agent Rep,1024,AUD 3.50,Successful
TXN002986,20/01/2024,CUST00861,perth,Prepaid,Recharge,Recharge $1,Mobile app,,AUD 1,Successful
TXN001612,2024-13-40,CUST00686,Sydney,Prepaid,Recharge,Recharge $1,Ussd,,$1,Successful
TXN002701,2024.08.25,CUST00558,Sydney NSW,Postpaid,Data Bundle,Data 1GB Daily,App,1024,-AUD 3.50,Reversed
TXN002061,01-12-2024, CUST00766 ,Sydney NSW,Postpaid,Data Bundle,Data 40GB Monthly,Website,40960,(110),Reversed
TXN000670,12-20-2024,00815,SYD,Prepaid,SMS Bundle,SMS 200,U.S.S.D,,,Successful
TXN002139,27/02/2024,CUST00201,Melbourne,Prepaid,Recharge,Recharge $2,Mobile app,,$2,Successful
TXN003462,15/06/2024,CUST00436,,Prepaid,Data Bundle,Data 2GB Weekly,Mobile app,2048,0.00,Failed
TXN001611,11-02-2024,00588,Sydney,Prepaid,Data Bundle,Data 10GB Monthly,Web,10240, 35 ,Successful
TXN003172,05 Jul 2024,CUST00225,Adelaide,Prepaid,Recharge,Recharge $2,MobileApp,,AUD 2,Successful
TXN001936,,CUST00407,Sydney NSW,Prepaid,Data Bundle,Data 10GB Monthly,Online,10240, 35 ,Successful
TXN002107,07-10-2024,CUST00684,hobart,Prepaid,Recharge,Recharge $1,agent,,AUD 1,Successful
TXN001912,08-02-2024,CUST00683,Adelaide SA,Prepaid,Recharge,Recharge $5,USSD Code,,(5),Reversed
TXN002501,12/06/2024,CUST00810,Sydney NSW,Postpaid,Data Bundle,Data 6GB Monthly,U.S.S.D,6144,AUD 25,Successful
TXN001378,04/12/2024,CUST00774,HBA,Prepaid,Data Bundle,Data 6GB Monthly,Agent,6144,-25,Reversed
TXN003547,08 Jul 2024,CUST00439,Sydney,Postpaid,Data Bundle,Data 40GB Monthly,web,40960,$110,Successful
TXN000994,03/07/2024,CUST00131,HBA,Postpaid,Data Bundle,Data 10GB Monthly,Website,10240, 35 ,Successful
TXN003073,21/06/2024,CUST00304,Melbourne VIC,Prepaid,Recharge,Recharge $10,Ussd,, 10 ,Successful
TXN002367,01 May 2024,CUST00608,Perth-WA,Postpaid,Recharge,Recharge $10,U.S.S.D,,$10,Successful
TXN001741,28/06/2024,CUST00444, Sydney ,Prepaid,SMS Bundle,SMS 200,USSD Code,,0,Failed
TXN000079,06-17-2024,CUST00597,sydney,Prepaid,Data Bundle,Data 1GB Daily,Agent,1024,,Successful
TXN003781,2024.11.27, CUST00237 ,Melbourne,Prepaid,Recharge,Recharge $2,agent rep,,0.00,Failed
TXN900037,45445,00422,perth,Postpaid,Voice Bundle,Voice 300min,U.S.S.D,,11,Successful
TXN002737,08-18-2024,CUST00114,Brisbane QLD,Postpaid,Voice Bundle,Voice 100min,agent,,,Successful
TXN003735,20/10/2024,CUST00313,Brisbane QLD,Prepaid,Recharge,Recharge $5,Agent Rep,,AUD 5,Successful
TXN003062,01-04-2024,CUST00601,hobart,Prepaid,Data Bundle,Data 10GB Monthly,U.S.S.D,10240, 35 ,Successful
TXN003697,09-21-2024,00143,melbourne,Postpaid,SMS Bundle,SMS 200,Website,,AUD 2.50,Successful
TXN000944,2024.03.18, CUST00640 ,Adelaide SA,Prepaid,Recharge,Recharge $1,agent,,$1,Successful
TXN002517,25/07/2024,CUST00317, Sydney ,Prepaid,Recharge,Recharge $10,Online,,AUD 10,Successful
TXN003989,13/05/2024,00232,Sydney,Prepaid,Recharge,Recharge $1,Web,,1,Successful
TXN000242,2024.10.25,CUST00502,BNE,Postpaid,Data Bundle,Data 6GB Monthly,Online,6144,$25,Successful
TXN002335,11/12/2024,CUST00888,canberra,Prepaid,Recharge,Recharge $1,USSD,,0,Failed
TXN003833,28/05/2024,CUST00353,Sydney,Prepaid,Recharge,Recharge $5,Website,,$5,Successful
TXN000527,23/02/2024,CUST00278,Hobart,Prepaid,Recharge,Recharge $2,agent rep,,AUD 2,Successful
TXN003709,22 Mar 2024,CUST00076,CBR,Prepaid,Data Bundle,Data 2GB Weekly,app,2048, 8 ,Successful
TXN001807,05-07-2024,CUST00352,Adelaide SA,Prepaid,Data Bundle,Data 1GB Daily,U.S.S.D,1024,AUD 3.50,Successful
TXN003321,15/12/2024,CUST00690,Melbourne,Prepaid,Data Bundle,Data 6GB Monthly,ussd,6144,AUD 25,Successful
TXN900001,23 Oct 2024,CUST00182,brisbane,Prepaid,Data Bundle,Data 40GB Monthly,USSD Code,40960,AUD 110,Successful
TXN003774,25/11/2024,CUST00675,MEL,Prepaid,Data Bundle,Data 6GB Monthly,Online,6144,,Successful
TXN002545,27/11/2024,CUST00801,canberra,Prepaid,Data Bundle,Data 1GB Daily,agent,1024,AUD 3.50,Successful
TXN002285,08/06/2024,CUST00213,melbourne,Prepaid,Data Bundle,Data 2GB Weekly,Agent Rep,2048,-8,Reversed
TXN003293,07/12/2024,CUST00085,SYD,Prepaid,Recharge,Recharge $10,app,,$10,Successful
TXN000084,14/02/2024,CUST00495,Adelaide SA,Prepaid,Data Bundle,Data 10GB Monthly,agent,10240,AUD 35,Successful
TXN000430,14 Apr 2024,CUST00628,Hobart,Prepaid,Recharge,Recharge $1,ussd,,AUD 1,Successful
TXN003567,45631,CUST00166,adelaide,Prepaid,Recharge,Recharge $1,Website,,1,Successful
TXN004102,2024.07.10,CUST00388,Brisbane,Prepaid,Data Bundle,Data 2GB Weekly,App,2048,$8,Successful
TXN003482,01-13-2024,CUST00262,PTH,Prepaid,Recharge,Recharge $20,Agent,,$20,Successful
TXN000982,2024.01.01,CUST00284,Harbour City,Postpaid,Data Bundle,Data 2GB Weekly,Ussd,2048,$8,Successful
TXN004143,06-02-2024,CUST00159,melbourne,Prepaid,Recharge,Recharge $20,Online,, 20 ,Successful
TXN000760,,CUST00127,SYD,Prepaid,Data Bundle,Data 10GB Monthly,Agent,10240,$35,Successful
TXN001479,13/05/2024,CUST00690,VIC,Prepaid,Data Bundle,Data 40GB Monthly,web,40960,AUD 110,Successful
TXN000339,2024.03.12,CUST00154,,Postpaid,Data Bundle,Data 10GB Monthly,Online,10240, 35 ,Successful
TXN000027,09-28-2024,CUST00613,ADL,Prepaid,Data Bundle,Data 6GB Monthly,app,6144,AUD 25,Successful
TXN001731,14 Oct 2024,CUST00635, Sydney ,Prepaid,Data Bundle,Data 6GB Monthly,U.S.S.D,6144, 25 ,Successful
TXN001988,16/05/2024,CUST00582,Perth-WA,Prepaid,Recharge,Recharge $1,web,,$1,Successful
TXN001732,11/09/2024,CUST00763,melbourne,Prepaid,Voice Bundle,Voice 300min,USSD,,11,Successful
TXN000321,05-22-2024, CUST00339 ,Adelaide,Postpaid,Recharge,Recharge $2,Mobile app,,,Successful
TXN000001,,CUST00900,Sydney NSW,Prepaid,SMS Bundle,SMS 200,USSD,,-2.50,Reversed
TXN004048,12-02-2024,CUST00408,Brisbane,Prepaid,Data Bundle,Data 2GB Weekly,MobileApp,2048,8,Successful
TXN003347,12 Apr 2024,CUST00659,sydney,Postpaid,Data Bundle,Data 2GB Weekly,USSD,2048,AUD 8,Successful
TXN001662,28/11/2024,CUST00844,canberra,Prepaid,Recharge,Recharge $20,Agent Rep,,20,Successful
TXN000408,09-18-2024,CUST00292,Adelaide SA,Prepaid,Recharge,Recharge $2,Mobile App,,0.00,Failed
TXN001085,01-19-2024,CUST00189,PTH,Prepaid,Data Bundle,Data 2GB Weekly,Online,2048,8,Successful
TXN001794,06-12-2024,CUST00382,adelaide,Prepaid,Data Bundle,Data 10GB Monthly,Website,10240,$35,Successful
TXN001285,45584,CUST00369,Melbourne,Prepaid,Recharge,Recharge $1,Online,,$1,Successful
TXN001192,05-07-2024,CUST00888,,Prepaid,Recharge,Recharge $2,MobileApp,,-2,Reversed
TXN000621,02 Oct 2024,CUST00752,Sydney,Prepaid,Recharge,Recharge $10,ussd,,10,Successful
TXN001990,20/05/2024,CUST00099,brisbane,Prepaid,Recharge,Recharge $2,Agent Rep,,,Failed
TXN000751,11/01/2024,CUST00571,adelaide,Prepaid,Voice Bundle,Voice 100min,USSD Code,, 4.50 ,Successful
TXN001772,08-17-2024,CUST00273,Sydney,Prepaid,Data Bundle,Data 10GB Monthly,Agent Rep,10240,AUD 35,Successful
TXN002776,04/09/2024,CUST00565,sydney,Prepaid,Data Bundle,Data 2GB Weekly,MobileApp,2048,8,Successful
TXN001917,15 Jun 2024,CUST00712,,Prepaid,Recharge,Recharge $5,Online,,AUD 5,Successful
TXN001592,20/12/2024,CUST00554,PER,Postpaid,Recharge,Recharge $10,Web,,,Failed
TXN001585,22/07/2024,CUST00791,VIC,Postpaid,Voice Bundle,Voice 100min,Agent,,AUD 4.50,Successful
TXN003515,07 Dec 2024,CUST00178,CBR,Prepaid,Recharge,Recharge $2,Ussd,,AUD 2,Successful
TXN000578,09-09-2024, CUST00114 ,Brisbane,Postpaid,Data Bundle,Data 10GB Monthly,Website,10240, 35 ,Successful
TXN003596,2024.10.14, CUST00190 , Sydney ,Postpaid,Voice Bundle,Voice 300min,ussd,,0,Failed
TXN001396,22/04/2024,CUST00145,VIC,Prepaid,Data Bundle,Data 1GB Daily,agent,1024, 3.50 ,Successful
TXN001609,02-25-2024,CUST00590,Perth,Prepaid,Data Bundle,Data 1GB Daily,Website,1024,AUD 3.50,Successful
TXN003355,16 Sep 2024,CUST00083,HBA,Prepaid,Data Bundle,Data 2GB Weekly,agent rep,2048,AUD 8,Successful
TXN002919,02-13-2024, CUST00041 ,BNE,Prepaid,Voice Bundle,Voice 300min,USSD,,AUD 11,Successful
TXN001854,25/08/2024,CUST00634,Brisbane QLD,Prepaid,Data Bundle,Data 1GB Daily,MobileApp,1024,3.50,Successful
TXN000271,09-13-2024,CUST00564,canberra,Postpaid,Data Bundle,Data 2GB Weekly,Online,2048, 8 ,Successful
TXN000171,01/04/2024,CUST00398,SYD,Prepaid,Recharge,Recharge $2,agent,,,Successful
TXN002247,28/12/2024,CUST00840,brisbane,Prepaid,Recharge,Recharge $1,MobileApp,,-AUD 1,Reversed
TXN002610,2024.05.04,CUST00182,Brisbane QLD,Prepaid,Data Bundle,Data 1GB Daily,USSD,1024,$3.50,Successful
TXN002623,05/04/2024, CUST00756 ,Brisbane,Prepaid,Data Bundle,Data 1GB Daily,Website,1024,,Successful
TXN002290,12/06/2024,CUST00323,HBA,Prepaid,Recharge,Recharge $10,Ussd,,$10,Successful
TXN004149,09/10/2024,CUST00780,VIC,Postpaid,Data Bundle,Data 10GB Monthly,Agent,10240,$35,Successful
TXN002941,45538,CUST00752,Harbour City,Prepaid,SMS Bundle,SMS 200,agent rep,,0,Failed
TXN000675,01-16-2024,CUST00080,SYD,Prepaid,Recharge,Recharge $2,ussd,,0,Failed
TXN003106,27 Mar 2024,CUST00851,BNE,Prepaid,Data Bundle,Data 2GB Weekly,agent rep,2048, 8 ,Successful
TXN000679,24 Jul 2024,CUST00876,Sydney,Prepaid,Recharge,Recharge $20,U.S.S.D,,0,Failed
TXN004031,19/11/2024,CUST00620, Sydney ,Prepaid,Data Bundle,Data 40GB Monthly,agent rep,40960, 110 ,Successful
TXN001497,09-28-2024,CUST00699,Perth-WA,Prepaid,Data Bundle,Data 40GB Monthly,Online,40960,,Failed
TXN000020,12-16-2024,CUST00071,Melbourne VIC,Prepaid,Recharge,Recharge $10,web,, 10 ,Successful
TXN001276,2024.01.27,CUST00404,BNE,Prepaid,Recharge,Recharge $5,App,,5,Successful
TXN003456,04/08/2024,CUST00097,SYD,Postpaid,Data Bundle,Data 10GB Monthly,app,10240,$35,Successful
TXN001550,09-07-2024,CUST00625,HBA,Prepaid,Data Bundle,Data 2GB Weekly,Web,2048,$8,Successful
TXN002552,05-19-2024,CUST00138,SYD,Prepaid,Recharge,Recharge $2,USSD Code,,,Failed
TXN002905,21/11/2024,CUST00726,sydney,Prepaid,Data Bundle,Data 2GB Weekly,USSD Code,2048,$8,Successful
TXN002743,12-16-2024,CUST00231,Harbour City,Prepaid,Data Bundle,Data 2GB Weekly,Agent,2048,$8,Successful
TXN002846,,CUST00723,perth,Postpaid,Recharge,Recharge $5,Agent,, 5 ,Successful
TXN003214,12/09/2024,00628,HBA,Prepaid,Recharge,Recharge $2,Website,,2,Successful
TXN002163,, CUST00382 ,Adelaide,Prepaid,Recharge,Recharge $2,MobileApp,,$2,Successful
TXN001597,2024.03.09,CUST00073,Melbourne VIC,Prepaid,Recharge,Recharge $10,app,,$10,Successful
TXN000254,45326,CUST00290,Melbourne,Prepaid,Data Bundle,Data 1GB Daily,App,1024,,Successful
TXN003904,11-14-2024,CUST00308,Brisbane,Prepaid,Data Bundle,Data 10GB Monthly,app,10240,AUD 35,Successful
TXN002758,04/04/2024,CUST00465,Perth-WA,Prepaid,Recharge,Recharge $1,ussd,,1,Successful
TXN002308,03-03-2024, CUST00891 ,CBR,Postpaid,SMS Bundle,SMS 200,Online,,,Successful
TXN003909,2024.05.07,00284,Harbour City,Postpaid,Data Bundle,Data 10GB Monthly,Agent Rep,10240,$35,Successful
TXN001590,17/11/2024,CUST00577,Perth,Prepaid,Data Bundle,Data 1GB Daily,App,1024,$3.50,Successful
TXN003656,45471,CUST00267,Brisbane,Prepaid,Recharge,Recharge $1,Mobile app,,-AUD 1,Reversed
TXN000296,07/10/2024,00795,melbourne,Postpaid,Recharge,Recharge $5,app,,5,Successful
TXN002531,2024.12.19,CUST00741,brisbane,Prepaid,Data Bundle,Data 1GB Daily,Agent Rep,1024,$3.50,Successful
TXN000054,13/06/2024,CUST00096,VIC,Prepaid,Recharge,Recharge $1,app,,0.00,Failed
TXN002997,23/05/2024,CUST00122,brisbane,Postpaid,Data Bundle,Data 40GB Monthly,agent,40960,AUD 110,Successful
TXN001353,2024.10.08,CUST00621, Sydney ,Prepaid,Recharge,Recharge $2,MobileApp,,,Failed
TXN002974,2024.10.04,00478,MEL,Prepaid,Recharge,Recharge $20,web,,AUD 20,Successful
TXN000192,03-13-2024,CUST00351,perth,Postpaid,Recharge,Recharge $2,Ussd,,2,Successful
TXN002202,45465,CUST00420,Melbourne VIC,Postpaid,Recharge,Recharge $5,Ussd,,$5,Successful
TXN001295,, CUST00355 ,Harbour City,Prepaid,Data Bundle,Data 1GB Daily,Online,1024,0,Failed
TXN000302,03-07-2024,CUST00358,Melbourne VIC,Prepaid,Recharge,Recharge $5,Website,,$5,Successful
TXN000366,2024.04.27, CUST00563 ,PTH,Prepaid,Data Bundle,Data 1GB Daily,agent rep,1024,,Successful
TXN900010,09/11/2024,CUST00628,hobart,Prepaid,Recharge,Recharge $10,web,,$10,Successful
TXN000103,45365,CUST00560,BNE,Postpaid,Voice Bundle,Voice 100min,agent rep,,AUD 4.50,Successful
TXN001579,08-17-2024,CUST00685,VIC,Postpaid,Recharge,Recharge $10,agent,,$10,Successful
TXN000745,12-15-2024,00792, Sydney ,Prepaid,Recharge,Recharge $1,App,,$1,Successful
TXN003723,12-09-2024,CUST00626,BNE,Prepaid,Data Bundle,Data 1GB Daily,Agent,1024, 3.50 ,Successful
TXN003461,2024.10.06,CUST00795,Melbourne VIC,Postpaid,Data Bundle,Data 1GB Daily,Mobile App,1024,$3.50,Successful
TXN002668,26/03/2024,CUST00747,Canberra,Prepaid,Recharge,Recharge $1,U.S.S.D,,1,Successful
TXN002374,09-03-2024,CUST00228, Sydney ,Prepaid,Recharge,Recharge $5,agent rep,,AUD 5,Successful
TXN001803,2024.01.26, CUST00734 ,hobart,Prepaid,Recharge,Recharge $1,ussd,,AUD 1,Successful
TXN001959,28 Oct 2024, CUST00190 ,Sydney NSW,Postpaid,Data Bundle,Data 2GB Weekly,ussd,2048, 8 ,Successful
TXN002377,10/12/2024,CUST00735,,Prepaid,Recharge,Recharge $2,Mobile App,, 2 ,Successful
TXN002329,45352,CUST00190,sydney,Postpaid,Data Bundle,Data 10GB Monthly,Online,10240,35,Successful
TXN002155,24/01/2024,CUST00575,SYD,Prepaid,Recharge,Recharge $20,app,,-20,Reversed
TXN001488,04-18-2024,CUST00410,ADL,Prepaid,Recharge,Recharge $10,USSD,,10,Successful
TXN001207,2024.04.27,CUST00473,Sydney NSW,Prepaid,Voice Bundle,Voice 100min,ussd,,,Successful
TXN000375,10-08-2024,CUST00511,Sydney NSW,Prepaid,Voice Bundle,Voice 100min,Mobile App,,,Failed
TXN001214,2024.01.10,CUST00114,brisbane,Postpaid,Recharge,Recharge $20,web,,$20,Successful
TXN002814,06/06/2024,CUST00024,Harbour City,Prepaid,Data Bundle,Data 2GB Weekly,U.S.S.D,2048,$8,Successful
TXN001352,2024.04.15,CUST00295,VIC,Prepaid,Recharge,Recharge $2,Agent,,AUD 2,Successful
TXN000292,45548,CUST00761,Sydney,Prepaid,Data Bundle,Data 6GB Monthly,Agent Rep,6144,$25,Successful
TXN003183,04 Dec 2024,CUST00549,Adelaide,Prepaid,Data Bundle,Data 6GB Monthly,ussd,6144,$25,Successful
TXN000390,2024.01.04,CUST00353,Sydney NSW,Prepaid,Data Bundle,Data 2GB Weekly,Mobile App,2048,$8,Successful
TXN004038,12/01/2024,CUST00625,Hobart,Prepaid,Data Bundle,Data 2GB Weekly,Agent,2048,0.00,Failed
TXN003832,2024-13-40,CUST00601,Hobart,Prepaid,Data Bundle,Data 10GB Monthly,USSD,10240,AUD 35,Successful
TXN001700,2024.01.01,CUST00806,,Prepaid,Data Bundle,Data 40GB Monthly,U.S.S.D,40960,0.00,Failed
TXN000248,08/06/2024,CUST00832,MEL,Prepaid,SMS Bundle,SMS 200,Ussd,,,Successful
TXN001992,19/01/2024,00707,Melbourne,Prepaid,Recharge,Recharge $10,web,,0,Failed
TXN001184,08/07/2024,CUST00199,Melbourne,Prepaid,Data Bundle,Data 10GB Monthly,agent rep,10240,AUD 35,Successful
TXN001808,02 Jul 2024, CUST00696 ,MEL,Prepaid,Recharge,Recharge $5,Website,,$5,Successful
TXN900035,11-09-2024,CUST00860,Adelaide,Prepaid,Data Bundle,Data 10GB Monthly,Mobile App,10240,AUD 35,Successful
TXN001660,10/12/2024,CUST00193,VIC,Prepaid,Voice Bundle,Voice 100min,agent rep,,$4.50,Successful
TXN000215,09-07-2024,CUST00620, Sydney ,Prepaid,Voice Bundle,Voice 300min,Online,, 11 ,Successful
TXN001017,05/06/2024,CUST00608,perth,Postpaid,Data Bundle,Data 1GB Daily,app,1024,,Failed
TXN003113,13/04/2024,CUST00605,Harbour City,Prepaid,Recharge,Recharge $1,USSD,, 1 ,Successful
TXN000411,45589,CUST00129, Sydney ,Prepaid,Recharge,Recharge $1,app,,0,Failed
TXN003322,2024.11.20, CUST00228 ,SYD,Prepaid,Data Bundle,Data 2GB Weekly,App,2048,-8,Reversed
TXN003095,11/04/2024,CUST00863,Adelaide,Prepaid,Recharge,Recharge $10,web,,$10,Successful
TXN003227,,00100,CBR,Postpaid,Data Bundle,Data 2GB Weekly,App,2048,AUD 8,Successful
TXN003133,08 Jul 2024,CUST00018,melbourne,Prepaid,Recharge,Recharge $10,U.S.S.D,,0.00,Failed
TXN000833,2024-13-40,CUST00397,Hobart,Postpaid,Recharge,Recharge $2,web,,$2,Successful
TXN000180,17/02/2024,CUST00793,Sydney NSW,Prepaid,Recharge,Recharge $5,web,,$5,Successful
TXN000691,2024.10.21,CUST00775,Canberra,Prepaid,Recharge,Recharge $10,Web,,$10,Successful
TXN003035,, CUST00329 ,Sydney NSW,Prepaid,Data Bundle,Data 2GB Weekly,agent,2048,8,Successful
TXN000471,08/12/2024,CUST00569,Melbourne VIC,Prepaid,Voice Bundle,Voice 100min,U.S.S.D,,AUD 4.50,Successful
TXN000705,11/04/2024,CUST00890,PER,Prepaid,Data Bundle,Data 1GB Daily,Online,1024,0,Failed
TXN002496,03/11/2024,CUST00886, Sydney ,Prepaid,Data Bundle,Data 1GB Daily,web,1024,-AUD 3.50,Reversed
TXN003064,05-15-2024,CUST00776,adelaide,Prepaid,Recharge,Recharge $5,app,, 5 ,Successful
TXN002772,06-25-2024,CUST00526,Adelaide SA,Postpaid,Recharge,Recharge $5,App,,AUD 5,Successful
TXN003181,12-10-2024,CUST00108,canberra,Postpaid,Data Bundle,Data 10GB Monthly,ussd,10240,AUD 35,Successful
TXN002044,09-02-2024,CUST00690,MEL,Prepaid,Data Bundle,Data 2GB Weekly,agent rep,2048,$8,Successful
TXN001076,28 Aug 2024,CUST00700,Sydney,Prepaid,Recharge,Recharge $5,Agent Rep,,$5,Successful
TXN002060,02/02/2024,CUST00079,Sydney NSW,Prepaid,Data Bundle,Data 40GB Monthly,Web,40960,-AUD 110,Reversed
TXN001443,10-05-2024,CUST00582,perth,Prepaid,Data Bundle,Data 6GB Monthly,ussd,6144,0,Failed
TXN003785,2024.01.15,CUST00681, Sydney ,Postpaid,Recharge,Recharge $10,Online,,(10),Reversed
TXN003671,22/12/2024,CUST00551, Sydney ,Prepaid,Data Bundle,Data 40GB Monthly,web,40960,AUD 110,Successful
TXN002406,2024-13-40,CUST00189,Perth,Prepaid,SMS Bundle,SMS 200,Mobile app,,2.50,Successful
TXN000064,04-03-2024,CUST00818,canberra,Prepaid,Recharge,Recharge $2,MobileApp,,$2,Successful
TXN000770,16 Nov 2024,CUST00457,sydney,Prepaid,Data Bundle,Data 1GB Daily,Website,1024,,Failed
TXN002078,2024.12.04,CUST00180,Sydney NSW,Prepaid,Data Bundle,Data 6GB Monthly,agent rep,6144,AUD 25,Successful
TXN000325,16/10/2024,CUST00368,BNE,Prepaid,Recharge,Recharge $2,agent rep,, 2 ,Successful
TXN000820,2024.05.19,CUST00108,Canberra,Postpaid,Data Bundle,Data 40GB Monthly,Mobile app,40960,$110,Successful
TXN000781,45524,CUST00311, Sydney ,Prepaid,Data Bundle,Data 2GB Weekly,Website,2048, 8 ,Successful
TXN002810,10-04-2024,CUST00047,Adelaide,Prepaid,Recharge,Recharge $10,agent rep,,AUD 10,Successful
TXN002243,10 Mar 2024,CUST00153, Sydney ,Prepaid,Recharge,Recharge $20,Mobile app,,-20,Reversed
TXN003770,45574,CUST00649,canberra,Prepaid,Data Bundle,Data 2GB Weekly,Mobile app,2048,AUD 8,Successful
TXN003980,03-01-2024,00540,perth,Prepaid,Recharge,Recharge $2,Web,,$2,Successful
TXN000753,01-06-2024,CUST00573,melbourne,Prepaid,Recharge,Recharge $20,Online,,$20,Successful
TXN001068,23/04/2024,00885,,Prepaid,Data Bundle,Data 10GB Monthly,U.S.S.D,10240,,Failed
TXN003920,19/07/2024,CUST00790,Sydney NSW,Postpaid,Recharge,Recharge $10,Agent Rep,,$10,Successful
TXN003315,17/10/2024,CUST00614,Adelaide SA,Prepaid,Recharge,Recharge $1,USSD Code,,$1,Successful
TXN001042,2024.02.01,CUST00607,Hobart,Prepaid,Data Bundle,Data 2GB Weekly,MobileApp,2048,AUD 8,Successful
TXN001237,04-04-2024,CUST00895,VIC,Prepaid,Recharge,Recharge $1,Agent,, 1 ,Successful
TXN003379,14 Feb 2024, CUST00590 ,Perth-WA,Prepaid,Voice Bundle,Voice 100min,MobileApp,,AUD 4.50,Successful
TXN000364,01 Apr 2024,CUST00369,VIC,Prepaid,SMS Bundle,SMS 200,Agent,,AUD 2.50,Successful
TXN002685,09/07/2024,CUST00855,Sydney,Postpaid,Recharge,Recharge $1,MobileApp,,1,Successful
TXN000717,10/09/2024,00765,VIC,Postpaid,Recharge,Recharge $20,USSD Code,,,Successful
TXN001136,04/09/2024,CUST00133,ADL,Prepaid,Voice Bundle,Voice 100min,app,,4.50,Successful
TXN001165,01/08/2024,CUST00696,VIC,Prepaid,Recharge,Recharge $5,Agent,, 5 ,Successful
TXN003245,18 Sep 2024,CUST00284, Sydney ,Postpaid,Data Bundle,Data 1GB Daily,Mobile App,1024,,Successful
TXN001364,03-14-2024,CUST00728,Brisbane,Postpaid,Data Bundle,Data 6GB Monthly,MobileApp,6144,$25,Successful
TXN003130,45547,CUST00299,PTH,Prepaid,Recharge,Recharge $5,USSD Code,, 5 ,Successful
TXN000551,10-16-2024,CUST00148,Adelaide SA,Prepaid,SMS Bundle,SMS 200,Mobile app,,$2.50,Successful
TXN003316,12-04-2024,CUST00025,PER,Prepaid,Voice Bundle,Voice 300min,agent rep,,$11,Successful
TXN002082,11/08/2024, CUST00533 ,SYD,Prepaid,Data Bundle,Data 1GB Daily,MobileApp,1024,-3.50,Reversed
TXN000750,13/03/2024,CUST00704,Hobart,Prepaid,Data Bundle,Data 6GB Monthly,USSD,6144,,Successful
TXN002076,10/12/2024, CUST00092 ,canberra,Prepaid,Data Bundle,Data 6GB Monthly,MobileApp,6144,25,Successful
TXN001623,13 Feb 2024,CUST00407,SYD,Prepaid,SMS Bundle,SMS 200,agent rep,,AUD 2.50,Successful
TXN002979,21/01/2024,CUST00209,sydney,Prepaid,Recharge,Recharge $20,Ussd,,AUD 20,Successful
TXN003996,26/04/2024,CUST00294,Melbourne,Prepaid,Data Bundle,Data 40GB Monthly,agent rep,40960,$110,Successful
TXN002916,14/03/2024,CUST00458,Brisbane QLD,Prepaid,Data Bundle,Data 6GB Monthly,USSD,6144,AUD 25,Successful
TXN002742,22/01/2024,CUST00632, Sydney ,Postpaid,Data Bundle,Data 6GB Monthly,USSD Code,6144,(25),Reversed
TXN003665,,00324,HBA,Prepaid,Data Bundle,Data 1GB Daily,app,1024,$3.50,Successful
TXN004068,2024-13-40,CUST00631, Sydney ,Prepaid,Data Bundle,Data 6GB Monthly,U.S.S.D,6144, 25 ,Successful
TXN003182,2024.03.08,CUST00771,HBA,Prepaid,Recharge,Recharge $5,Web,,-AUD 5,Reversed
TXN002622,20/05/2024,CUST00352,Adelaide SA,Prepaid,Recharge,Recharge $10,web,,AUD 10,Successful
TXN000843,45439,CUST00265,sydney,Prepaid,Recharge,Recharge $2,Mobile app,, 2 ,Successful
TXN004065,11/10/2024,CUST00298,Melbourne VIC,Postpaid,Recharge,Recharge $2,Ussd,,$2,Successful
TXN000021,12-13-2024,CUST00384,VIC,Prepaid,Voice Bundle,Voice 300min,ussd,,11,Successful
TXN002906,03-01-2024, CUST00605 ,sydney,Prepaid,Data Bundle,Data 1GB Daily,Online,1024,$3.50,Successful
TXN000880,04-26-2024,CUST00191,Perth-WA,Prepaid,Recharge,Recharge $1,agent rep,,$1,Successful
TXN002619,2024.09.12,CUST00555,Brisbane,Prepaid,Recharge,Recharge $2,Mobile App,,2,Successful
TXN003393,08-12-2024,CUST00025,PER,Prepaid,Data Bundle,Data 1GB Daily,Ussd,1024, 3.50 ,Successful
TXN003636,15/10/2024,CUST00871,Sydney NSW,Prepaid,Recharge,Recharge $5,Mobile App,,-5,Reversed
TXN000864,2024.10.09,CUST00536,brisbane,Prepaid,Data Bundle,Data 2GB Weekly,Agent Rep,2048,8,Successful
TXN002624,14 Oct 2024,CUST00147,Perth-WA,Prepaid,SMS Bundle,SMS 200,Online,,,Successful
TXN002148,02-16-2024,CUST00853,SYD,Postpaid,Recharge,Recharge $5,agent rep,,,Failed
TXN000208,2024.09.19,CUST00806,perth,Prepaid,Recharge,Recharge $10,Mobile app,,,Successful
TXN000355,14/11/2024,CUST00268,perth,Prepaid,Data Bundle,Data 1GB Daily,Web,1024,3.50,Successful
TXN000952,05/02/2024,CUST00635,SYD,Prepaid,Recharge,Recharge $5,Mobile App,,0.00,Failed
TXN004140,09/12/2024,CUST00561,Hobart,Postpaid,Recharge,Recharge $1,agent,,AUD 1,Successful
TXN003685,02/03/2024,CUST00372,Harbour City,Prepaid,Recharge,Recharge $2,agent,,,Failed
TXN002054,,CUST00342,Sydney NSW,Prepaid,Data Bundle,Data 6GB Monthly,USSD Code,6144,AUD 25,Successful
TXN001569,17/03/2024,CUST00430,Sydney,Prepaid,Data Bundle,Data 10GB Monthly,agent,10240,AUD 35,Successful
TXN003733,10-27-2024,CUST00406,Melbourne,Prepaid,Data Bundle,Data 6GB Monthly,Website,6144,25,Successful
TXN003045,2024.04.01,00308,Brisbane,Prepaid,Recharge,Recharge $20,Website,,(20),Reversed
TXN003239,06/03/2024,CUST00198,SYD,Prepaid,Recharge,Recharge $20,USSD,,,Successful
TXN001701,12/12/2024,CUST00321,CBR,Prepaid,Recharge,Recharge $2,USSD Code,,$2,Successful
TXN001074,01-22-2024,CUST00042,BNE,Postpaid,Recharge,Recharge $10,ussd,,$10,Successful
TXN001160,2024.01.26,CUST00843,PTH,Prepaid,Recharge,Recharge $1,App,,$1,Successful
TXN000059,19/04/2024, CUST00079 ,Sydney,Prepaid,Data Bundle,Data 10GB Monthly,agent,10240,35,Successful
TXN001327,15/01/2024,CUST00112,Brisbane QLD,Prepaid,Recharge,Recharge $1,Agent Rep,,$1,Successful
TXN003312,11-25-2024,00846,CBR,Prepaid,Recharge,Recharge $5,Online,, 5 ,Successful
TXN003778,08/06/2024,CUST00456,VIC,Postpaid,Data Bundle,Data 40GB Monthly,App,40960,$110,Successful
TXN002162,28 Feb 2024,00027,SYD,Postpaid,Recharge,Recharge $1,agent rep,,0,Failed
TXN002022,2024.07.05,CUST00088,Adelaide,Prepaid,Data Bundle,Data 1GB Daily,Online,1024, 3.50 ,Successful
TXN001239,2024.10.15,CUST00824, Sydney ,Postpaid,Recharge,Recharge $20,Website,,20,Successful
TXN003680,07 Jan 2024,CUST00750,Melbourne VIC,Postpaid,Voice Bundle,Voice 100min,MobileApp,,$4.50,Successful
TXN004178,45605,CUST00673,adelaide,Prepaid,Data Bundle,Data 1GB Daily,app,1024,$3.50,Successful
TXN002174,17/06/2024,CUST00786,Canberra,Prepaid,Data Bundle,Data 2GB Weekly,Mobile App,2048,AUD 8,Successful
TXN001456,2024.11.26,CUST00672,Adelaide SA,Prepaid,Recharge,Recharge $5,web,,5,Successful
TXN004076,12/04/2024,CUST00021,perth,Prepaid,Data Bundle,Data 10GB Monthly,Web,10240,0.00,Failed
TXN001414,45460,CUST00201,VIC,Prepaid,Data Bundle,Data 1GB Daily,agent rep,1024, 3.50 ,Successful
TXN001086,17/09/2024,CUST00516,Sydney NSW,Prepaid,Data Bundle,Data 40GB Monthly,agent rep,40960,-110,Reversed
TXN003518,24/03/2024,CUST00567,SYD,Prepaid,Recharge,Recharge $2,agent,,0,Failed
TXN004135,12-06-2024,CUST00082,SYD,Postpaid,Data Bundle,Data 6GB Monthly,Agent Rep,6144,,Successful
TXN002600,20 Jun 2024,00093,Melbourne,Prepaid,Data Bundle,Data 10GB Monthly,agent rep,10240,$35,Successful
TXN001514,22/03/2024, CUST00760 ,VIC,Prepaid,Data Bundle,Data 1GB Daily,USSD Code,1024,AUD 3.50,Successful
TXN003362,07-14-2024,CUST00663,Adelaide SA,Prepaid,Recharge,Recharge $20,App,,-AUD 20,Reversed
TXN002672,45574,CUST00645,sydney,Prepaid,Data Bundle,Data 1GB Daily,Ussd,1024,$3.50,Successful
TXN003020,2024.08.14,CUST00460,Perth-WA,Prepaid,Data Bundle,Data 1GB Daily,Web,1024,$3.50,Successful
TXN002579,45405,CUST00509,Harbour City,Prepaid,Recharge,Recharge $10,app,,$10,Successful
TXN003027,07/07/2024,CUST00529,VIC,Prepaid,Recharge,Recharge $2,agent rep,,$2,Successful
TXN003967,03-05-2024, CUST00311 ,Harbour City,Prepaid,SMS Bundle,SMS 200,Mobile app,,$2.50,Successful
TXN001069,20/10/2024,CUST00718,Adelaide,Prepaid,SMS Bundle,SMS 200,app,,AUD 2.50,Successful
TXN001366,26 Jul 2024,00685,MEL,Postpaid,Data Bundle,Data 6GB Monthly,agent,6144,$25,Successful
TXN000148,10/05/2024,CUST00009,Harbour City,Prepaid,Recharge,Recharge $5,web,,AUD 5,Successful
TXN003252,25/10/2024,CUST00131,hobart,Postpaid,Voice Bundle,Voice 300min,Mobile app,,$11,Successful
TXN003988,08-21-2024,00547,Adelaide SA,Prepaid,Recharge,Recharge $10,agent rep,,-AUD 10,Reversed
TXN000517,26/02/2024,CUST00610,Sydney,Prepaid,Data Bundle,Data 40GB Monthly,agent,40960,110,Successful
TXN001842,45396,CUST00286,PTH,Prepaid,Recharge,Recharge $2,Mobile App,,$2,Successful
TXN003297,,CUST00534,perth,Prepaid,Data Bundle,Data 1GB Daily,App,1024,$3.50,Successful
TXN003545,04-21-2024,CUST00638, Sydney ,Prepaid,Recharge,Recharge $2,web,,-2,Reversed
TXN002632,45628,CUST00856,Brisbane,Prepaid,Recharge,Recharge $2,Web,, 2 ,Successful
TXN000453,,CUST00443,hobart,Prepaid,Recharge,Recharge $5,USSD Code,,AUD 5,Successful
TXN003863,, CUST00200 ,,Prepaid,Recharge,Recharge $1,Agent,,0,Failed
TXN001099,24 Jul 2024,CUST00742, Sydney ,Prepaid,Recharge,Recharge $1,USSD Code,,AUD 1,Successful
TXN003068,2024.07.04,CUST00231,Sydney NSW,Prepaid,Data Bundle,Data 1GB Daily,web,1024,,Failed
TXN004167,02-22-2024,CUST00547,ADL,Prepaid,Voice Bundle,Voice 300min,agent,, 11 ,Successful
TXN000193,2024.08.20,CUST00347,PER,Postpaid,Recharge,Recharge $1,App,,$1,Successful
TXN002686,15 Feb 2024,CUST00854,PTH,Prepaid,Recharge,Recharge $5,web,,AUD 5,Successful
TXN002028,08-24-2024,CUST00804,Brisbane QLD,Postpaid,Data Bundle,Data 10GB Monthly,USSD,10240,$35,Successful
TXN001417,10-16-2024,00884,SYD,Postpaid,Data Bundle,Data 2GB Weekly,USSD,2048,0.00,Failed
TXN001039,45612,CUST00603,melbourne,Prepaid,Recharge,Recharge $5,Agent Rep,,5,Successful
TXN002137,22 Jan 2024,CUST00583,,Prepaid,Recharge,Recharge $5,Agent,,$5,Successful
TXN001860,13 Aug 2024, CUST00872 ,Melbourne VIC,Prepaid,Data Bundle,Data 6GB Monthly,Website,6144,AUD 25,Successful
TXN002934,05-11-2024, CUST00485 ,Brisbane,Postpaid,Voice Bundle,Voice 300min,ussd,,$11,Successful
TXN003701,03/08/2024,CUST00149,melbourne,Prepaid,Recharge,Recharge $2,USSD Code,,,Successful
TXN003000,08-05-2024,CUST00291,Sydney NSW,Postpaid,Recharge,Recharge $20,app,,20,Successful
TXN003471,23/01/2024, CUST00793 ,Harbour City,Prepaid,Recharge,Recharge $2,app,, 2 ,Successful
TXN003118,2024.11.25,CUST00066,Harbour City,Prepaid,Recharge,Recharge $2,MobileApp,,,Successful
TXN001304,08-16-2024,CUST00133,Adelaide SA,Prepaid,Data Bundle,Data 2GB Weekly,Mobile app,2048,-AUD 8,Reversed
TXN000627,09-20-2024,00807,PER,Prepaid,SMS Bundle,SMS 200,agent rep,,$2.50,Successful
TXN001711,14/12/2024,CUST00637,Sydney NSW,Prepaid,Data Bundle,Data 40GB Monthly,agent rep,40960,,Failed
TXN002091,03-01-2024,CUST00771,hobart,Prepaid,Recharge,Recharge $20,Website,, 20 ,Successful
TXN001100,01-27-2024,CUST00847,Sydney NSW,Prepaid,Recharge,Recharge $1,USSD Code,,,Failed
TXN003658,03/05/2024,CUST00854,perth,Prepaid,Recharge,Recharge $1,app,,1,Successful
TXN002755,06/01/2024,CUST00173,SYD,Postpaid,Data Bundle,Data 10GB Monthly,MobileApp,10240,AUD 35,Successful
TXN000975,45620,CUST00771,Hobart,Prepaid,Data Bundle,Data 1GB Daily,Agent Rep,1024,AUD 3.50,Successful
TXN003339,2024.02.21,00869,CBR,Prepaid,Data Bundle,Data 10GB Monthly,MobileApp,10240,$35,Successful
TXN002966,11-15-2024,CUST00792,Sydney,Prepaid,Data Bundle,Data 6GB Monthly,web,6144,$25,Successful
TXN001871,07-14-2024,CUST00296,Hobart,Prepaid,Recharge,Recharge $1,U.S.S.D,,$1,Successful
TXN002588,24/03/2024,CUST00100,canberra,Postpaid,Data Bundle,Data 10GB Monthly,Ussd,10240,$35,Successful
TXN000151,01-22-2024, CUST00344 ,BNE,Prepaid,Data Bundle,Data 6GB Monthly,Mobile app,6144, 25 ,Successful
TXN003516,07-28-2024,CUST00316,CBR,Prepaid,Recharge,Recharge $5,App,,AUD 5,Successful
TXN002124,2024.08.18, CUST00441 ,sydney,Prepaid,Data Bundle,Data 1GB Daily,app,1024,,Failed
TXN000930,11-06-2024,CUST00246,Harbour City,Prepaid,Data Bundle,Data 1GB Daily,ussd,1024,(3.50),Reversed
TXN003123,2024.10.13,CUST00581,Melbourne,Prepaid,Data Bundle,Data 2GB Weekly,ussd,2048, 8 ,Successful
TXN000310,2024.02.02,CUST00039,HBA,Prepaid,Recharge,Recharge $2,App,,AUD 2,Successful
TXN001413,2024.08.07, CUST00632 ,Sydney NSW,Postpaid,Recharge,Recharge $5,USSD,,,Successful
TXN003620,05-14-2024,CUST00683,Adelaide,Prepaid,Data Bundle,Data 1GB Daily,Agent Rep,1024,$3.50,Successful
TXN000485,19/12/2024,CUST00627,BNE,Prepaid,Data Bundle,Data 1GB Daily,ussd,1024,AUD 3.50,Successful
TXN003804,21/11/2024, CUST00706 ,Sydney NSW,Prepaid,SMS Bundle,SMS 200,USSD,,$2.50,Successful
TXN000368,18 Jul 2024,CUST00417,Brisbane QLD,Prepaid,Recharge,Recharge $5,Agent Rep,,5,Successful
TXN003284,12-13-2024,CUST00211,Melbourne VIC,Prepaid,Recharge,Recharge $5,USSD Code,,5,Successful
TXN003358,2024.10.02,CUST00817,PER,Postpaid,Recharge,Recharge $10,Web,,10,Successful
TXN000650,18/01/2024,CUST00201,Melbourne,Prepaid,Data Bundle,Data 2GB Weekly,Online,2048,-8,Reversed
TXN002100,19/12/2024, CUST00049 ,canberra,Prepaid,Data Bundle,Data 1GB Daily,agent rep,1024,3.50,Successful
TXN002170,12-03-2024,CUST00215,adelaide,Prepaid,Data Bundle,Data 10GB Monthly,ussd,10240, 35 ,Successful
TXN000442,15/12/2024,CUST00369,VIC,Prepaid,Data Bundle,Data 2GB Weekly,USSD,2048,$8,Successful
TXN001594,23/01/2024,CUST00001,PER,Prepaid,Recharge,Recharge $5,Ussd,,AUD 5,Successful
TXN002578,12/07/2024,CUST00785,adelaide,Prepaid,Data Bundle,Data 6GB Monthly,Web,6144,$25,Successful
TXN004052,2024-13-40,CUST00153,SYD,Prepaid,Recharge,Recharge $1,USSD,,AUD 1,Successful
TXN003559,21 Aug 2024,CUST00700,Sydney,Prepaid,Data Bundle,Data 6GB Monthly,Ussd,6144,$25,Successful
TXN001542,22 Jul 2024,CUST00587,Harbour City,Prepaid,Data Bundle,Data 1GB Daily,USSD,1024,(3.50),Reversed
TXN004077,11-14-2024,CUST00121,MEL,Prepaid,Voice Bundle,Voice 100min,Mobile app,,AUD 4.50,Successful
TXN002544,10/02/2024, CUST00672 ,ADL,Prepaid,Recharge,Recharge $10,web,,AUD 10,Successful
TXN001515,2024.08.18,CUST00278,hobart,Prepaid,Voice Bundle,Voice 100min,U.S.S.D,,4.50,Successful
TXN002120,03/09/2024,CUST00336,MEL,Postpaid,Voice Bundle,Voice 300min,Agent Rep,,$11,Successful
TXN003747,07/06/2024, CUST00187 ,,Prepaid,Recharge,Recharge $10,Agent,,AUD 10,Successful
TXN001217,07-16-2024,CUST00592,Harbour City,Postpaid,Data Bundle,Data 40GB Monthly,USSD,40960,AUD 110,Successful
TXN002754,17/03/2024,CUST00121,Melbourne VIC,Prepaid,Recharge,Recharge $5,U.S.S.D,,$5,Successful
TXN003351,2024.01.26,CUST00233,brisbane,Prepaid,Data Bundle,Data 10GB Monthly,Mobile app,10240,AUD 35,Successful
TXN000946,09/09/2024,CUST00068,Harbour City,Prepaid,Recharge,Recharge $5,App,,,Failed
TXN003201,05 Oct 2024,CUST00027,Sydney NSW,Postpaid,Data Bundle,Data 10GB Monthly,web,10240,0.00,Failed
TXN004064,14/05/2024,CUST00020,HBA,Prepaid,Data Bundle,Data 1GB Daily,agent,1024,,Failed
TXN000073,2024.05.27,CUST00451,CBR,Prepaid,Recharge,Recharge $1,MobileApp,, 1 ,Successful
TXN003304,23/01/2024,CUST00267,Brisbane,Prepaid,Data Bundle,Data 6GB Monthly,ussd,6144,$25,Successful
TXN003687,24 Dec 2024,CUST00632,sydney,Postpaid,Data Bundle,Data 6GB Monthly,Agent Rep,6144,-25,Reversed
TXN000459,2024.01.27,CUST00452,canberra,Prepaid,Data Bundle,Data 2GB Weekly,USSD,2048, 8 ,Successful
TXN000995,04 Dec 2024,CUST00173,Harbour City,Postpaid,Data Bundle,Data 6GB Monthly,App,6144,0.00,Failed
TXN000763,12-04-2024,CUST00698,adelaide,Prepaid,Data Bundle,Data 1GB Daily,agent,1024,3.50,Successful
TXN003195,04/03/2024,CUST00399,Melbourne VIC,Postpaid,Data Bundle,Data 6GB Monthly,agent rep,6144,$25,Successful
TXN000090,13/08/2024,CUST00461,perth,Postpaid,Recharge,Recharge $10,USSD Code,,10,Successful
TXN003054,03/12/2024,CUST00656, Sydney ,Prepaid,Recharge,Recharge $1,U.S.S.D,,$1,Successful
TXN001983,08/01/2024,00137,Perth,Postpaid,Data Bundle,Data 1GB Daily,app,1024,$3.50,Successful
TXN000018,26/06/2024,00573,Melbourne VIC,Prepaid,Recharge,Recharge $1,ussd,,$1,Successful
TXN004137,06-28-2024,CUST00503,melbourne,Prepaid,Data Bundle,Data 10GB Monthly,Website,10240, 35 ,Successful
TXN001735,14/09/2024, CUST00044 ,canberra,Prepaid,Recharge,Recharge $10,Website,,$10,Successful
TXN003021,21/10/2024,CUST00157,sydney,Prepaid,SMS Bundle,SMS 200,Ussd,,-AUD 2.50,Reversed
TXN001689,18/06/2024, CUST00471 ,Adelaide,Prepaid,Recharge,Recharge $1,App,,AUD 1,Successful
TXN002897,28/12/2024,CUST00132,melbourne,Prepaid,Recharge,Recharge $5,Online,,AUD 5,Successful
TXN000805,10-14-2024,CUST00382,Adelaide,Prepaid,Data Bundle,Data 2GB Weekly,Web,2048,$8,Successful
TXN002932,2024-13-40, CUST00536 ,brisbane,Prepaid,Data Bundle,Data 40GB Monthly,agent rep,40960,$110,Successful
TXN000911,25 Jul 2024,CUST00670,Adelaide SA,Prepaid,Recharge,Recharge $10,Mobile app,, 10 ,Successful
TXN004015,12-01-2024,CUST00399,Melbourne VIC,Postpaid,Recharge,Recharge $2,USSD,,$2,Successful
TXN001128,2024.05.05,CUST00535,Sydney NSW,Postpaid,Data Bundle,Data 1GB Daily,web,1024,0.00,Failed
TXN002321,07-13-2024,CUST00896,VIC,Prepaid,Data Bundle,Data 1GB Daily,App,1024,,Successful
TXN002699,2024.03.12,CUST00582,PER,Prepaid,Recharge,Recharge $5,Ussd,, 5 ,Successful
TXN003956,23/07/2024,CUST00019,Adelaide SA,Prepaid,Recharge,Recharge $10,web,,AUD 10,Successful
TXN002959,28/01/2024,CUST00410,Adelaide,Prepaid,SMS Bundle,SMS 200,ussd,,AUD 2.50,Successful
TXN000839,2024.06.14,CUST00349,PER,Postpaid,Data Bundle,Data 2GB Weekly,ussd,2048,8,Successful
TXN001058,2024.02.16,CUST00421,Sydney NSW,Prepaid,Data Bundle,Data 6GB Monthly,Web,6144,(25),Reversed
TXN003973,02-19-2024,CUST00851,BNE,Prepaid,Data Bundle,Data 6GB Monthly,Website,6144,,Successful
TXN001287,14 Jan 2024,CUST00821,Sydney,Prepaid,Voice Bundle,Voice 100min,MobileApp,, 4.50 ,Successful
TXN003553,24 Jun 2024,CUST00507,Brisbane QLD,Prepaid,Recharge,Recharge $5,ussd,,$5,Successful
TXN000865,08-15-2024,CUST00698,Adelaide SA,Prepaid,Data Bundle,Data 2GB Weekly,ussd,2048,$8,Successful
TXN002924,05/12/2024,CUST00022,Harbour City,Prepaid,Data Bundle,Data 2GB Weekly,Agent Rep,2048,-AUD 8,Reversed
TXN001998,07-07-2024, CUST00863 ,adelaide,Prepaid,Recharge,Recharge $5,app,,(5),Reversed
TXN002659,,CUST00372,Harbour City,Prepaid,Recharge,Recharge $10,app,,-AUD 10,Reversed
TXN002533,28/03/2024,CUST00708,sydney,Prepaid,Recharge,Recharge $1,Agent Rep,,-1,Reversed
TXN002992,23/11/2024,CUST00415,Brisbane QLD,Postpaid,Data Bundle,Data 6GB Monthly,Online,6144,AUD 25,Successful
TXN000299,,CUST00158,adelaide,Postpaid,Voice Bundle,Voice 300min,agent,,AUD 11,Successful
TXN003650,03/03/2024,00360,Sydney NSW,Prepaid,Data Bundle,Data 6GB Monthly,Mobile app,6144,25,Successful
TXN001294,26/07/2024,CUST00242,melbourne,Prepaid,Data Bundle,Data 1GB Daily,Ussd,1024,$3.50,Successful
TXN003469,28 Dec 2024,CUST00605,Harbour City,Prepaid,Recharge,Recharge $10,web,,$10,Successful
TXN003995,02/01/2024,CUST00853,sydney,Postpaid,Recharge,Recharge $1,agent,,$1,Successful
TXN001785,03-04-2024, CUST00488 ,Sydney,Prepaid,Recharge,Recharge $2,Agent Rep,,$2,Successful
TXN001537,01-06-2024,CUST00110, Sydney ,Prepaid,Recharge,Recharge $20,Online,, 20 ,Successful
TXN001062,03-07-2024,CUST00033,Hobart,Prepaid,SMS Bundle,SMS 200,Web,, 2.50 ,Successful
TXN001030,45480,CUST00621,sydney,Prepaid,Data Bundle,Data 2GB Weekly,U.S.S.D,2048,0.00,Failed
TXN003307,04/07/2024,CUST00197,Sydney,Prepaid,Voice Bundle,Voice 100min,MobileApp,, 4.50 ,Successful
TXN004095,21/09/2024,CUST00474,CBR,Prepaid,Voice Bundle,Voice 100min,USSD,,4.50,Successful
TXN000399,03-24-2024,CUST00317,Sydney,Prepaid,Data Bundle,Data 1GB Daily,Mobile app,1024,,Failed
TXN003249,2024.02.16,CUST00308,brisbane,Prepaid,Recharge,Recharge $2,agent rep,,AUD 2,Successful
TXN003107,26/11/2024,CUST00650,Melbourne VIC,Prepaid,SMS Bundle,SMS 200,Web,,AUD 2.50,Successful
TXN002722,2024.04.18,CUST00800,,Prepaid,Recharge,Recharge $1,agent rep,, 1 ,Successful
TXN003963,01-13-2024,CUST00345,Sydney NSW,Prepaid,Data Bundle,Data 2GB Weekly,Mobile App,2048,8,Successful
TXN001610,2024.05.24,CUST00835,Brisbane,Postpaid,Data Bundle,Data 10GB Monthly,Online,10240, 35 ,Successful
TXN000282,08-24-2024, CUST00709 ,perth,Prepaid,Recharge,Recharge $10,agent rep,,AUD 10,Successful
TXN003722,45587,CUST00549,adelaide,Prepaid,Voice Bundle,Voice 100min,USSD,,$4.50,Successful
TXN002326,08-04-2024,CUST00244,VIC,Prepaid,SMS Bundle,SMS 200,Website,,2.50,Successful
TXN000396,05/11/2024,CUST00189,perth,Prepaid,Data Bundle,Data 2GB Weekly,U.S.S.D,2048,$8,Successful
TXN000095,2024.09.17,CUST00383,BNE,Postpaid,Voice Bundle,Voice 300min,web,,$11,Successful
TXN001858,09/12/2024,00178,,Prepaid,Recharge,Recharge $2,web,,2,Successful
TXN001786,01-19-2024, CUST00277 ,sydney,Prepaid,Data Bundle,Data 6GB Monthly,U.S.S.D,6144,,Failed
TXN003274,16/06/2024,CUST00682,hobart,Prepaid,Recharge,Recharge $2,ussd,,$2,Successful
TXN002980,,00466,sydney,Prepaid,Data Bundle,Data 1GB Daily,MobileApp,1024,$3.50,Successful
TXN003205,06-03-2024,CUST00426,hobart,Prepaid,SMS Bundle,SMS 200,Mobile App,,AUD 2.50,Successful
TXN001956,04/01/2024,CUST00301,Harbour City,Prepaid,Data Bundle,Data 2GB Weekly,agent rep,2048,8,Successful
TXN002086,03/09/2024,CUST00445,melbourne,Prepaid,Data Bundle,Data 1GB Daily,ussd,1024,AUD 3.50,Successful
TXN004046,12-15-2024,CUST00403,melbourne,Prepaid,Recharge,Recharge $1,agent rep,,$1,Successful
TXN001543,03/10/2024,CUST00144,Hobart,Prepaid,Data Bundle,Data 6GB Monthly,Agent,6144,$25,Successful
TXN003977,08/09/2024,CUST00088,ADL,Prepaid,Data Bundle,Data 1GB Daily,U.S.S.D,1024,$3.50,Successful
TXN002320,2024.09.04,CUST00247,MEL,Prepaid,Recharge,Recharge $10,Agent,, 10 ,Successful
TXN002730,14/12/2024,CUST00401, Sydney ,Prepaid,Recharge,Recharge $1,Website,,-AUD 1,Reversed
TXN002346,20/01/2024,CUST00387,,Prepaid,Recharge,Recharge $1,Online,,,Failed
TXN000882,17/12/2024,00378,canberra,Prepaid,Data Bundle,Data 2GB Weekly,USSD Code,2048,,Failed
TXN900038,28 Dec 2024,CUST00184,sydney,Prepaid,Data Bundle,Data 10GB Monthly,Web,10240,35,Successful
TXN002968,2024.10.19,CUST00212,Sydney,Prepaid,SMS Bundle,SMS 200,ussd,,0,Failed
TXN001432,12-19-2024,CUST00038,Perth,Prepaid,Data Bundle,Data 1GB Daily,web,1024, 3.50 ,Successful
TXN000662,19/10/2024,00614,Adelaide,Prepaid,Recharge,Recharge $10,web,,$10,Successful
TXN001603,24/02/2024,00536,brisbane,Prepaid,Voice Bundle,Voice 100min,Website,, 4.50 ,Successful
TXN003447,2024.08.17,CUST00068,sydney,Prepaid,Recharge,Recharge $1,USSD,,$1,Successful
TXN002615,21/05/2024,CUST00505,HBA,Prepaid,Data Bundle,Data 6GB Monthly,Mobile App,6144,$25,Successful
TXN002201,07/02/2024,CUST00750,MEL,Postpaid,Voice Bundle,Voice 300min,Online,,$11,Successful
TXN003418,16/12/2024,CUST00549,adelaide,Prepaid,Data Bundle,Data 2GB Weekly,Web,2048,0,Failed
TXN000318,21/06/2024, CUST00217 ,sydney,Postpaid,Data Bundle,Data 10GB Monthly,agent rep,10240,0,Failed
TXN001322,03/01/2024,CUST00419,Perth,Prepaid,Data Bundle,Data 1GB Daily,Ussd,1024,AUD 3.50,Successful
TXN003090,06-08-2024,CUST00170,melbourne,Prepaid,Data Bundle,Data 2GB Weekly,Agent,2048,$8,Successful
TXN003539,06-01-2024,CUST00228,Sydney NSW,Prepaid,Data Bundle,Data 1GB Daily,Ussd,1024,AUD 3.50,Successful
TXN000948,20 Dec 2024,CUST00258,Adelaide SA,Postpaid,Data Bundle,Data 10GB Monthly,Mobile app,10240,AUD 35,Successful
TXN003294,18/01/2024,CUST00398,,Prepaid,Recharge,Recharge $5,Agent,,0.00,Failed
TXN001588,06-03-2024,CUST00464,melbourne,Prepaid,Recharge,Recharge $10,Mobile app,,$10,Successful
TXN000771,06/05/2024,CUST00831,CBR,Prepaid,Recharge,Recharge $10,Agent Rep,,,Failed
TXN003848,01/04/2024,CUST00259, Sydney ,Prepaid,Data Bundle,Data 2GB Weekly,Website,2048,0.00,Failed
TXN002402,2024.11.10,CUST00584,Melbourne,Prepaid,SMS Bundle,SMS 200,MobileApp,,$2.50,Successful
TXN002168,21 Jun 2024,CUST00434,Sydney,Prepaid,SMS Bundle,SMS 200,MobileApp,,,Successful
TXN000545,12/12/2024,CUST00736,CBR,Prepaid,Recharge,Recharge $1,Web,,1,Successful
TXN003593,23/01/2024,CUST00464,Melbourne VIC,Prepaid,Recharge,Recharge $20,agent,,20,Successful
TXN002448,45585,CUST00547,Adelaide,Prepaid,Recharge,Recharge $1,web,,$1,Successful
TXN001707,27/09/2024,CUST00601,HBA,Prepaid,Recharge,Recharge $10,Website,,,Successful
TXN002747,25 Nov 2024,CUST00554,perth,Postpaid,Data Bundle,Data 10GB Monthly,Online,10240,AUD 35,Successful
TXN003569,2024.06.16,CUST00010,Adelaide SA,Prepaid,Data Bundle,Data 10GB Monthly,Agent Rep,10240,AUD 35,Successful
TXN002226,02-24-2024,CUST00530,Perth-WA,Prepaid,Recharge,Recharge $10,ussd,,AUD 10,Successful
TXN003392,20/09/2024,CUST00656, Sydney ,Prepaid,Recharge,Recharge $10,Mobile App,, 10 ,Successful
TXN001385,01-16-2024,CUST00392,perth,Prepaid,SMS Bundle,SMS 200,Ussd,,$2.50,Successful
TXN001544,06-07-2024,CUST00792,Harbour City,Prepaid,Recharge,Recharge $10,agent,,$10,Successful
TXN001430,11-06-2024,CUST00280,adelaide,Prepaid,Data Bundle,Data 2GB Weekly,Website,2048,8,Successful
TXN000636,22/06/2024,CUST00301, Sydney ,Prepaid,Recharge,Recharge $1,Website,,-AUD 1,Reversed
TXN001333,2024.12.08,CUST00080,,Prepaid,SMS Bundle,SMS 200,web,, 2.50 ,Successful
TXN001615,2024-13-40,CUST00716,Adelaide,Prepaid,Data Bundle,Data 1GB Daily,agent,1024,AUD 3.50,Successful
TXN001182,18 Aug 2024,00029,Harbour City,Prepaid,Recharge,Recharge $5,MobileApp,,,Successful
TXN003038,2024-13-40,CUST00327,CBR,Prepaid,SMS Bundle,SMS 200,Mobile app,,2.50,Successful
TXN003210,04-01-2024,CUST00124,sydney,Prepaid,Recharge,Recharge $2,Agent Rep,,2,Successful
TXN000109,05 Nov 2024, CUST00284 ,Sydney NSW,Postpaid,Recharge,Recharge $5,agent,,,Failed
TXN002929,01/06/2024,CUST00806,PER,Prepaid,Data Bundle,Data 6GB Monthly,USSD,6144,$25,Successful
TXN000947,04-20-2024,CUST00421,Sydney,Prepaid,Data Bundle,Data 2GB Weekly,Mobile App,2048,$8,Successful
TXN001885,11-15-2024, CUST00381 ,Adelaide,Prepaid,SMS Bundle,SMS 200,App,,$2.50,Successful
TXN001743,16/03/2024,00823,MEL,Prepaid,Data Bundle,Data 1GB Daily,Agent,1024,3.50,Successful
TXN002527,,CUST00811,VIC,Postpaid,Data Bundle,Data 6GB Monthly,Mobile App,6144,AUD 25,Successful
TXN001313,07-12-2024,CUST00033,Hobart,Prepaid,Data Bundle,Data 1GB Daily,agent rep,1024, 3.50 ,Successful
TXN001878,13 Jul 2024,CUST00564,Canberra,Postpaid,SMS Bundle,SMS 200,Agent Rep,,$2.50,Successful
TXN003050,11-08-2024,CUST00167,adelaide,Prepaid,Recharge,Recharge $1,Website,,,Successful
TXN002586,27/06/2024,CUST00662,Harbour City,Prepaid,Recharge,Recharge $5,MobileApp,,5,Successful
TXN003542,09-04-2024, CUST00264 ,canberra,Prepaid,Voice Bundle,Voice 300min,Online,,$11,Successful
TXN003899,11-06-2024, CUST00460 ,perth,Prepaid,Data Bundle,Data 1GB Daily,agent rep,1024,$3.50,Successful
TXN000140,09/11/2024,CUST00344,brisbane,Prepaid,Recharge,Recharge $2,U.S.S.D,,AUD 2,Successful
TXN000713,2024.09.11, CUST00444 , Sydney ,Prepaid,Recharge,Recharge $10,Web,,$10,Successful
TXN002567,03 Feb 2024,CUST00103,VIC,Prepaid,Data Bundle,Data 1GB Daily,U.S.S.D,1024,3.50,Successful
TXN000288,22/08/2024,00597,SYD,Prepaid,Data Bundle,Data 2GB Weekly,Agent,2048, 8 ,Successful
TXN002739,03 May 2024,CUST00189,PTH,Prepaid,Recharge,Recharge $1,App,, 1 ,Successful
TXN000824,12-27-2024,CUST00750,Melbourne VIC,Postpaid,Data Bundle,Data 2GB Weekly,Website,2048, 8 ,Successful
TXN003083,01/07/2024,CUST00406,Melbourne,Prepaid,Recharge,Recharge $10,Mobile App,,AUD 10,Successful
TXN002407,10/10/2024,CUST00225,ADL,Prepaid,Recharge,Recharge $1,Ussd,,0,Failed
TXN002603,01-01-2024,CUST00724,Sydney,Prepaid,Recharge,Recharge $2,agent,,,Failed
TXN002684,18/06/2024,CUST00771,hobart,Prepaid,Recharge,Recharge $1,Online,,$1,Successful
TXN001903,26/03/2024,CUST00569,MEL,Prepaid,SMS Bundle,SMS 200,app,,,Successful
TXN004053,45400, CUST00564 ,Canberra,Postpaid,Voice Bundle,Voice 100min,MobileApp,,,Failed
TXN001110,12 Nov 2024, CUST00640 ,ADL,Prepaid,Voice Bundle,Voice 300min,Agent Rep,,$11,Successful
TXN003327,24/05/2024,CUST00016,ADL,Prepaid,Recharge,Recharge $5,MobileApp,,$5,Successful
TXN003605,24/04/2024,CUST00632,sydney,Postpaid,SMS Bundle,SMS 200,App,,0,Failed
TXN003444,13/11/2024,CUST00508,Adelaide,Prepaid,Data Bundle,Data 6GB Monthly,Mobile App,6144,$25,Successful
TXN003953,2024.07.16,CUST00243,Hobart,Postpaid,Data Bundle,Data 1GB Daily,USSD Code,1024,AUD 3.50,Successful
TXN001225,22/01/2024,CUST00274,CBR,Prepaid,Recharge,Recharge $5,U.S.S.D,,$5,Successful
TXN003941,09-12-2024,CUST00106, Sydney ,Prepaid,Data Bundle,Data 1GB Daily,U.S.S.D,1024,3.50,Successful
TXN003615,01/11/2024,00349,PTH,Postpaid,Recharge,Recharge $20,Agent Rep,,AUD 20,Successful
TXN003711,2024.12.16,CUST00010,adelaide,Prepaid,Data Bundle,Data 2GB Weekly,U.S.S.D,2048,$8,Successful
TXN002499,05-13-2024,CUST00794,SYD,Prepaid,Recharge,Recharge $20,Online,,-AUD 20,Reversed
TXN004084,04/11/2024,CUST00040,sydney,Prepaid,Voice Bundle,Voice 300min,Ussd,,0,Failed
TXN002509,45305,CUST00221,Perth-WA,Postpaid,Data Bundle,Data 2GB Weekly,MobileApp,2048,0,Failed
TXN000526,20/01/2024,CUST00118,Sydney,Prepaid,Recharge,Recharge $1,agent,,AUD 1,Successful
TXN000474,07-26-2024,CUST00595,BNE,Prepaid,Recharge,Recharge $2,MobileApp,,AUD 2,Successful
TXN003436,07-03-2024,CUST00367,Hobart,Prepaid,Recharge,Recharge $1,Web,, 1 ,Successful
TXN002207,45478,CUST00796,HBA,Postpaid,Recharge,Recharge $2,Web,, 2 ,Successful
TXN001832,01-14-2024,CUST00417,Brisbane QLD,Prepaid,Recharge,Recharge $5,App,,$5,Successful
TXN000507,11-20-2024,CUST00505,Hobart,Prepaid,Recharge,Recharge $5,USSD Code,,5,Successful
TXN003690,11-20-2024,CUST00629,ADL,Prepaid,Recharge,Recharge $2,ussd,, 2 ,Successful
TXN002624,14 Oct 2024,CUST00147,Perth-WA,Prepaid,SMS Bundle,SMS 200,Online,,,Successful
TXN004017,2024.08.07,CUST00867,HBA,Prepaid,Data Bundle,Data 6GB Monthly,Ussd,6144,AUD 25,Successful
TXN001224,04/06/2024, CUST00151 ,HBA,Prepaid,Recharge,Recharge $2,Mobile App,,,Successful
TXN000397,2024.03.04,00216,Sydney,Prepaid,SMS Bundle,SMS 200,USSD Code,,$2.50,Successful
TXN001461,20/07/2024, CUST00203 ,adelaide,Prepaid,Recharge,Recharge $10,agent,,0,Failed
TXN000516,12-21-2024, CUST00348 ,Adelaide SA,Prepaid,Recharge,Recharge $2,Mobile App,,AUD 2,Successful
TXN001940,08/05/2024, CUST00082 ,Sydney NSW,Postpaid,Recharge,Recharge $2,agent rep,,$2,Successful
TXN002098,10-25-2024,CUST00144,hobart,Prepaid,Recharge,Recharge $1,U.S.S.D,,AUD 1,Successful
TXN001696,01/12/2024,CUST00185,Sydney NSW,Postpaid,Data Bundle,Data 1GB Daily,Agent,1024,AUD 3.50,Successful
TXN003497,2024.09.01,CUST00706,Sydney,Prepaid,Recharge,Recharge $1,USSD Code,,0,Failed
TXN000892,04 Sep 2024,CUST00389,canberra,Postpaid,Recharge,Recharge $10,Agent,,$10,Successful
TXN004081,19/06/2024,00805, Sydney ,Prepaid,Recharge,Recharge $1,Agent Rep,,(1),Reversed
TXN001627,2024.08.27, CUST00879 ,Melbourne,Prepaid,Data Bundle,Data 1GB Daily,app,1024,$3.50,Successful
TXN001265,20/01/2024,CUST00069,sydney,Prepaid,Recharge,Recharge $1,Website,,0,Failed
TXN001922,03-16-2024,00727,Harbour City,Postpaid,Data Bundle,Data 1GB Daily,agent rep,1024,$3.50,Successful
TXN002645,2024.04.11,CUST00496,melbourne,Prepaid,Voice Bundle,Voice 100min,Agent,,$4.50,Successful
TXN000878,04/03/2024,CUST00602,BNE,Prepaid,Data Bundle,Data 2GB Weekly,Mobile App,2048,$8,Successful
TXN002530,19/03/2024,CUST00150,sydney,Postpaid,Data Bundle,Data 1GB Daily,Online,1024,$3.50,Successful
TXN003015,12-11-2024, CUST00304 ,Melbourne VIC,Prepaid,Data Bundle,Data 2GB Weekly,MobileApp,2048,,Failed
TXN002418,16/08/2024, CUST00535 ,Sydney NSW,Postpaid,Data Bundle,Data 10GB Monthly,Online,10240, 35 ,Successful
TXN001431,08-12-2024,CUST00364,perth,Prepaid,Recharge,Recharge $10,Mobile App,,$10,Successful
TXN000014,25/04/2024,CUST00781,BNE,Prepaid,Data Bundle,Data 6GB Monthly,Agent Rep,6144, 25 ,Successful
TXN000482,09/12/2024,CUST00783,Canberra,Prepaid,Data Bundle,Data 6GB Monthly,App,6144,$25,Successful
TXN002190,2024.02.26,CUST00134,Brisbane,Postpaid,SMS Bundle,SMS 200,Agent,,2.50,Successful
TXN003152,45577, CUST00032 ,brisbane,Prepaid,Recharge,Recharge $5,agent rep,,$5,Successful
TXN001746,2024.06.07,CUST00379,Brisbane QLD,Prepaid,Recharge,Recharge $2,Agent,,2,Successful
TXN003356,09-21-2024,CUST00182,Brisbane QLD,Prepaid,Recharge,Recharge $1,app,,,Successful
TXN003641,02-03-2024,CUST00239,BNE,Prepaid,Recharge,Recharge $2,Web,,$2,Successful
TXN000377,12-16-2024,CUST00693,SYD,Prepaid,Data Bundle,Data 6GB Monthly,ussd,6144,$25,Successful
TXN000505,2024.10.20,CUST00496,VIC,Prepaid,Recharge,Recharge $10,Agent,,10,Successful
TXN002356,2024.08.05,CUST00866,Brisbane QLD,Prepaid,Data Bundle,Data 10GB Monthly,Ussd,10240, 35 ,Successful
TXN003069,45552,CUST00357,Canberra,Prepaid,Voice Bundle,Voice 100min,agent rep,,AUD 4.50,Successful
TXN000858,45450,CUST00128,CBR,Postpaid,Recharge,Recharge $10,Agent Rep,,,Failed
TXN000504,17/07/2024,CUST00338,Brisbane,Prepaid,Recharge,Recharge $2,ussd,,-2,Reversed
TXN001082,23 Aug 2024,CUST00171,ADL,Prepaid,Recharge,Recharge $1,Mobile App,,AUD 1,Successful
TXN000047,08/11/2024,CUST00141,perth,Prepaid,Recharge,Recharge $2,web,,$2,Successful
TXN002322,02/09/2024,CUST00783,CBR,Prepaid,Recharge,Recharge $20,Web,,AUD 20,Successful
TXN002133,28 Jul 2024,00518,Sydney,Prepaid,Data Bundle,Data 10GB Monthly,App,10240,(35),Reversed
TXN000267,2024.11.17,CUST00686,Sydney,Prepaid,Data Bundle,Data 2GB Weekly,Mobile App,2048,0,Failed
TXN002532,04/04/2024,CUST00103,Melbourne,Prepaid,Data Bundle,Data 6GB Monthly,U.S.S.D,6144,AUD 25,Successful
TXN004005,2024.11.18,CUST00675,melbourne,Prepaid,Recharge,Recharge $1,App,,1,Successful
TXN000900,13/04/2024, CUST00486 ,Sydney,Prepaid,Data Bundle,Data 6GB Monthly,Mobile app,6144, 25 ,Successful
TXN001023,28/10/2024,CUST00066,Harbour City,Prepaid,Recharge,Recharge $10,web,,AUD 10,Successful
TXN000233,2024.05.10,CUST00688,Sydney NSW,Prepaid,Data Bundle,Data 2GB Weekly,Agent,2048,AUD 8,Successful
TXN003654,2024.09.12,00671,BNE,Prepaid,SMS Bundle,SMS 200,Mobile App,,2.50,Successful
TXN003882,04 Sep 2024,CUST00310,Perth-WA,Prepaid,Recharge,Recharge $2,web,,$2,Successful
TXN004013,13/07/2024,CUST00742,sydney,Prepaid,Data Bundle,Data 1GB Daily,agent,1024,,Failed
TXN004177,2024.12.18,CUST00710,Canberra,Prepaid,Data Bundle,Data 6GB Monthly,Mobile app,6144,,Successful
TXN002370,12/11/2024,CUST00886, Sydney ,Prepaid,Recharge,Recharge $2,Ussd,, 2 ,Successful
TXN001190,12/12/2024,CUST00121,melbourne,Prepaid,Data Bundle,Data 1GB Daily,Agent Rep,1024,0.00,Failed
TXN003611,45574,CUST00525,canberra,Prepaid,Recharge,Recharge $2,Mobile App,,2,Successful
TXN001599,02-21-2024,CUST00537,Brisbane QLD,Prepaid,Recharge,Recharge $2,USSD,,2,Successful
TXN002621,19/11/2024,CUST00627,BNE,Prepaid,Recharge,Recharge $5,MobileApp,,$5,Successful
TXN000005,21/04/2024,CUST00344,BNE,Prepaid,Recharge,Recharge $20,Web,, 20 ,Successful
TXN002295,04/11/2024,CUST00165,Adelaide,Postpaid,Recharge,Recharge $20,Website,,20,Successful
TXN003022,10/04/2024,CUST00318,SYD,Prepaid,Recharge,Recharge $1,Mobile app,,,Failed
TXN000174,08/12/2024,CUST00783,CBR,Prepaid,SMS Bundle,SMS 200,Mobile app,,$2.50,Successful
TXN001166,04 Nov 2024, CUST00515 ,sydney,Prepaid,Data Bundle,Data 2GB Weekly,Website,2048,$8,Successful
TXN000205,12-06-2024,CUST00178,canberra,Prepaid,Recharge,Recharge $2,Ussd,,,Failed
TXN003018,27/12/2024,CUST00583,Perth-WA,Prepaid,SMS Bundle,SMS 200,agent rep,,$2.50,Successful
TXN002718,02-09-2024,CUST00406,melbourne,Prepaid,Voice Bundle,Voice 300min,app,,,Failed
TXN002463,45355,CUST00273, Sydney ,Prepaid,SMS Bundle,SMS 200,Mobile app,,$2.50,Successful
TXN001178,19/01/2024,CUST00849,Sydney NSW,Prepaid,SMS Bundle,SMS 200,MobileApp,,2.50,Successful
TXN900039,21/09/2024,CUST00474,CBR,Prepaid,Voice Bundle,Voice 100min,USSD,,4.50,Successful
TXN003261,2024.01.23,00389,CBR,Postpaid,Voice Bundle,Voice 100min,ussd,,0.00,Failed
TXN001163,19/06/2024,CUST00650,Melbourne VIC,Prepaid,Recharge,Recharge $2,web,,$2,Successful
TXN000631,17/12/2024,CUST00362,ADL,Prepaid,Recharge,Recharge $5,agent rep,,0.00,Failed
TXN000682,12-06-2024,CUST00690,Melbourne VIC,Prepaid,Recharge,Recharge $10,Website,,$10,Successful
TXN001601,04-02-2024,CUST00897,brisbane,Postpaid,Voice Bundle,Voice 300min,web,,11,Successful
TXN000990,27 Dec 2024,CUST00004,HBA,Prepaid,Data Bundle,Data 1GB Daily,agent,1024,AUD 3.50,Successful
TXN003243,24 Apr 2024,CUST00198,,Prepaid,Data Bundle,Data 10GB Monthly,App,10240,AUD 35,Successful
TXN001870,03/03/2024,CUST00320,Brisbane QLD,Prepaid,Recharge,Recharge $1,App,,-AUD 1,Reversed
TXN000941,08 May 2024,00256,Harbour City,Prepaid,Recharge,Recharge $1,ussd,,0.00,Failed
TXN002717,2024.03.27, CUST00358 ,VIC,Prepaid,Recharge,Recharge $10,app,,0.00,Failed
TXN003551,2024.12.06,CUST00843,Perth,Prepaid,Recharge,Recharge $2,Agent,,AUD 2,Successful
TXN001604,09-14-2024,CUST00857, Sydney ,Postpaid,Data Bundle,Data 6GB Monthly,Agent Rep,6144,$25,Successful
TXN002361,09-23-2024,CUST00165,Adelaide,Postpaid,Recharge,Recharge $2,USSD Code,, 2 ,Successful
TXN000622,07-03-2024, CUST00464 ,Melbourne VIC,Prepaid,Recharge,Recharge $1,Mobile app,,$1,Successful
TXN002511,2024.07.12,CUST00665,Adelaide,Prepaid,Data Bundle,Data 2GB Weekly,Agent,2048, 8 ,Successful
TXN002070,18/11/2024,CUST00489,sydney,Postpaid,Data Bundle,Data 2GB Weekly,Mobile App,2048,AUD 8,Successful
TXN003446,02/01/2024,CUST00832,melbourne,Prepaid,Recharge,Recharge $1,app,,0.00,Failed
TXN000365,19/05/2024,CUST00686, Sydney ,Prepaid,Recharge,Recharge $1,U.S.S.D,,AUD 1,Successful
TXN001933,12-20-2024, CUST00475 ,Canberra,Postpaid,Voice Bundle,Voice 300min,MobileApp,,11,Successful
TXN002481,,CUST00181,perth,Prepaid,Recharge,Recharge $2,Web,,$2,Successful
TXN002902,04/08/2024,CUST00103,melbourne,Prepaid,Data Bundle,Data 2GB Weekly,Online,2048,0.00,Failed
TXN001293,2024.03.27,CUST00143,VIC,Postpaid,Voice Bundle,Voice 300min,USSD Code,,$11,Successful
TXN001928,20/05/2024, CUST00729 ,brisbane,Prepaid,Recharge,Recharge $1,App,,1,Successful
TXN001107,04/03/2024,CUST00504,,Prepaid,SMS Bundle,SMS 200,USSD Code,,-2.50,Reversed
TXN002557,08 Jul 2024,CUST00836,VIC,Postpaid,Recharge,Recharge $10,Mobile App,,$10,Successful
TXN002646,04-02-2024,00169, Sydney ,Postpaid,Data Bundle,Data 40GB Monthly,Agent Rep,40960,,Failed
TXN003402,12-13-2024,00529,melbourne,Prepaid,Recharge,Recharge $1,Website,,,Successful
TXN000133,2024.03.02,CUST00269,SYD,Prepaid,Recharge,Recharge $5,Online,,5,Successful
TXN002312,2024.05.01, CUST00487 ,Adelaide,Postpaid,Recharge,Recharge $2,Online,,AUD 2,Successful
TXN001125,2024.02.02,CUST00294,Melbourne,Prepaid,Data Bundle,Data 1GB Daily,App,1024,$3.50,Successful
TXN001037,12-25-2024,CUST00372,SYD,Prepaid,Voice Bundle,Voice 100min,Ussd,,0.00,Failed
TXN000645,15/02/2024,CUST00787,MEL,Prepaid,Recharge,Recharge $1,Agent,,$1,Successful
TXN001654,16/12/2024,CUST00246,SYD,Prepaid,Recharge,Recharge $10,Website,,(10),Reversed
TXN000779,03-24-2024,CUST00217,sydney,Postpaid,Voice Bundle,Voice 300min,USSD Code,,,Failed
TXN000755,2024.07.27,CUST00131,hobart,Postpaid,Data Bundle,Data 1GB Daily,agent,1024,$3.50,Successful
TXN002224,26 Mar 2024, CUST00040 ,Harbour City,Prepaid,Recharge,Recharge $10,Online,,,Failed
TXN003244,21/10/2024,00448,Harbour City,Prepaid,Data Bundle,Data 1GB Daily,app,1024,$3.50,Successful
TXN002119,07-03-2024,CUST00386,,Prepaid,Recharge,Recharge $2,agent rep,,AUD 2,Successful
TXN002093,2024.08.27,CUST00834,PTH,Prepaid,SMS Bundle,SMS 200,U.S.S.D,,AUD 2.50,Successful
TXN000221,09/11/2024,CUST00168,HBA,Postpaid,Data Bundle,Data 10GB Monthly,Website,10240,$35,Successful
TXN003218,18/02/2024, CUST00493 ,PTH,Prepaid,Data Bundle,Data 1GB Daily,Mobile app,1024,,Successful
TXN002976,45440,CUST00106,Sydney,Prepaid,Data Bundle,Data 6GB Monthly,MobileApp,6144,$25,Successful
TXN002864,2024.08.19,CUST00858,VIC,Prepaid,Recharge,Recharge $1,USSD Code,,AUD 1,Successful
TXN002209,05/04/2024,CUST00611,Brisbane QLD,Prepaid,Data Bundle,Data 10GB Monthly,agent rep,10240,AUD 35,Successful
TXN004021,22/01/2024,CUST00076,canberra,Prepaid,Recharge,Recharge $1,web,,1,Successful
TXN002169,,CUST00765,VIC,Postpaid,Data Bundle,Data 10GB Monthly,agent,10240,35,Successful
TXN003911,16 Apr 2024,CUST00227,melbourne,Prepaid,Recharge,Recharge $5,App,,$5,Successful
TXN000118,2024.12.05,CUST00208, Sydney ,Prepaid,Recharge,Recharge $2,Agent,,,Successful
TXN000040,45489,CUST00369,melbourne,Prepaid,Data Bundle,Data 10GB Monthly,Agent Rep,10240, 35 ,Successful
TXN001193,07/04/2024, CUST00275 ,PER,Prepaid,Data Bundle,Data 2GB Weekly,Online,2048,,Successful
TXN003729,16 Aug 2024, CUST00809 ,melbourne,Prepaid,Recharge,Recharge $5,Web,,AUD 5,Successful
TXN002520,07 Mar 2024,CUST00716,Adelaide,Prepaid,Data Bundle,Data 6GB Monthly,Web,6144,$25,Successful
TXN000564,26/06/2024,CUST00675,VIC,Prepaid,Data Bundle,Data 6GB Monthly,MobileApp,6144,AUD 25,Successful
TXN000723,14/01/2024,CUST00888,CBR,Prepaid,Data Bundle,Data 2GB Weekly,Mobile App,2048,(8),Reversed
TXN001419,06-28-2024,CUST00085,SYD,Prepaid,Recharge,Recharge $10,agent rep,, 10 ,Successful
TXN000491,23/06/2024, CUST00184 ,sydney,Prepaid,Recharge,Recharge $10,app,,(10),Reversed
TXN001071,2024.08.03,CUST00019,ADL,Prepaid,Recharge,Recharge $10,Mobile app,, 10 ,Successful
TXN002606,2024.08.02,CUST00786,CBR,Prepaid,Data Bundle,Data 1GB Daily,Web,1024,3.50,Successful
TXN002738,2024.06.05,CUST00251,Brisbane QLD,Prepaid,Recharge,Recharge $5,app,,$5,Successful
TXN003049,02-11-2024,CUST00388,Brisbane,Prepaid,Data Bundle,Data 1GB Daily,Agent Rep,1024, 3.50 ,Successful
TXN000523,2024.09.20,CUST00046,Sydney NSW,Prepaid,Recharge,Recharge $10,Agent Rep,,,Failed
TXN002952,45437,CUST00242,MEL,Prepaid,Recharge,Recharge $5,app,,,Failed
TXN003087,2024.10.05,CUST00218,BNE,Prepaid,SMS Bundle,SMS 200,agent rep,,$2.50,Successful
TXN003143,2024.11.25,CUST00599,BNE,Postpaid,Recharge,Recharge $5,U.S.S.D,,AUD 5,Successful
TXN003119,18/07/2024, CUST00462 ,brisbane,Postpaid,Recharge,Recharge $2,agent,,AUD 2,Successful
TXN003660,06-03-2024,CUST00482,adelaide,Postpaid,Data Bundle,Data 40GB Monthly,web,40960,,Successful
TXN002746,18/12/2024,CUST00328,Adelaide,Prepaid,Data Bundle,Data 40GB Monthly,Online,40960,$110,Successful
TXN003825,09/12/2024,CUST00096,Melbourne,Prepaid,Recharge,Recharge $2,agent rep,, 2 ,Successful
TXN004080,16/05/2024,CUST00454,PTH,Prepaid,SMS Bundle,SMS 200,app,,0,Failed
TXN000577,05/11/2024,CUST00089,sydney,Prepaid,Data Bundle,Data 6GB Monthly,app,6144,25,Successful
TXN001651,10/12/2024,00827,adelaide,Prepaid,Data Bundle,Data 2GB Weekly,Mobile app,2048,8,Successful
TXN001961,2024.11.08,CUST00597,Harbour City,Prepaid,Recharge,Recharge $5,U.S.S.D,,$5,Successful
TXN003981,2024-13-40,CUST00279,Sydney,Postpaid,Recharge,Recharge $20,Agent,,$20,Successful
TXN003862,19 Dec 2024,CUST00486,Sydney,Prepaid,Recharge,Recharge $5,Mobile App,,5,Successful
TXN001636,2024.04.24,CUST00584,VIC,Prepaid,Data Bundle,Data 1GB Daily,Mobile App,1024,AUD 3.50,Successful
TXN001275,11 Oct 2024,CUST00672,ADL,Prepaid,Data Bundle,Data 40GB Monthly,agent rep,40960,110,Successful
TXN001817,11/04/2024,CUST00041,Brisbane,Prepaid,Data Bundle,Data 2GB Weekly,ussd,2048, 8 ,Successful
TXN000756,09/11/2024,CUST00628,hobart,Prepaid,Recharge,Recharge $10,web,,$10,Successful
TXN001328,11-14-2024,CUST00850,MEL,Prepaid,Recharge,Recharge $10,USSD,,AUD 10,Successful
TXN000640,02/10/2024,CUST00296,,Prepaid,Recharge,Recharge $5,Mobile app,, 5 ,Successful
TXN003282,45509,CUST00310,PER,Prepaid,Recharge,Recharge $5,ussd,,0.00,Failed
TXN000044,16/10/2024,CUST00264,CBR,Prepaid,Data Bundle,Data 6GB Monthly,agent rep,6144,$25,Successful
TXN000008,06-11-2024,CUST00847,sydney,Prepaid,Data Bundle,Data 2GB Weekly,Mobile App,2048,,Failed
TXN003509,12-24-2024, CUST00384 ,VIC,Prepaid,Voice Bundle,Voice 100min,Web,,AUD 4.50,Successful
TXN003810,10/01/2024,CUST00661,ADL,Postpaid,Voice Bundle,Voice 100min,web,,,Successful
TXN000472,05-22-2024,CUST00748,canberra,Postpaid,Data Bundle,Data 6GB Monthly,app,6144,,Successful
TXN000422,45417,00062,adelaide,Prepaid,Data Bundle,Data 6GB Monthly,Mobile app,6144,25,Successful
TXN002774,2024.03.12,CUST00479,Sydney NSW,Prepaid,Recharge,Recharge $10,App,,0.00,Failed
TXN000655,03 Aug 2024,CUST00856,Brisbane QLD,Prepaid,Recharge,Recharge $5,Agent Rep,,$5,Successful
TXN002196,12/06/2024,CUST00113,Harbour City,Prepaid,Voice Bundle,Voice 100min,USSD Code,,4.50,Successful
TXN003635,05-12-2024,CUST00201,Melbourne VIC,Prepaid,Data Bundle,Data 2GB Weekly,USSD Code,2048,-8,Reversed
TXN003549,11-25-2024, CUST00784 ,Brisbane,Prepaid,Recharge,Recharge $2,Agent,,0.00,Failed
TXN000465,45421,CUST00069, Sydney ,Prepaid,Voice Bundle,Voice 300min,ussd,,-11,Reversed
TXN002246,28/11/2024,CUST00170,melbourne,Prepaid,Recharge,Recharge $1,Web,,1,Successful
TXN001692,07/03/2024,CUST00730,adelaide,Prepaid,Data Bundle,Data 6GB Monthly,web,6144,25,Successful
TXN001034,2024.09.09,CUST00073,MEL,Prepaid,Data Bundle,Data 2GB Weekly,MobileApp,2048,AUD 8,Successful
TXN003344,05/03/2024,CUST00406,melbourne,Prepaid,Recharge,Recharge $1,App,,AUD 1,Successful
TXN001039,45612,CUST00603,melbourne,Prepaid,Recharge,Recharge $5,Agent Rep,,5,Successful
TXN000066,05/04/2024,CUST00780,melbourne,Postpaid,Data Bundle,Data 1GB Daily,Online,1024, 3.50 ,Successful
TXN002444,21 Jan 2024,CUST00353,Harbour City,Prepaid,Recharge,Recharge $2,Mobile app,,0.00,Failed
TXN001433,45557,CUST00356,perth,Prepaid,Recharge,Recharge $5,Agent Rep,, 5 ,Successful
TXN002519,45635,CUST00708,SYD,Prepaid,Recharge,Recharge $1,Agent,,,Failed
TXN000996,23/12/2024,CUST00772,melbourne,Prepaid,Recharge,Recharge $10,app,,$10,Successful
TXN003783,06-22-2024,CUST00443,,Prepaid,Recharge,Recharge $20,Web,,$20,Successful
TXN003024,16/07/2024,CUST00054,,Prepaid,Recharge,Recharge $2,agent rep,,$2,Successful
TXN001781,2024.01.01,CUST00635,Harbour City,Prepaid,Recharge,Recharge $1,App,,1,Successful
TXN002143,19/03/2024,CUST00399,Melbourne VIC,Postpaid,SMS Bundle,SMS 200,Mobile App,, 2.50 ,Successful
TXN003409,2024.05.11,CUST00603,melbourne,Prepaid,Recharge,Recharge $2,Agent Rep,,$2,Successful
TXN000130,26/09/2024, CUST00303 ,perth,Prepaid,Recharge,Recharge $5,Ussd,,$5,Successful
TXN003519,05-13-2024,CUST00786,canberra,Prepaid,Data Bundle,Data 1GB Daily,agent rep,1024,0.00,Failed
TXN000850,2024.09.19,CUST00863,Adelaide SA,Prepaid,Recharge,Recharge $1,USSD Code,,1,Successful
TXN002245,2024-13-40,CUST00597,SYD,Prepaid,Data Bundle,Data 10GB Monthly,Agent,10240,0,Failed
TXN003065,20/01/2024, CUST00402 ,BNE,Postpaid,Data Bundle,Data 1GB Daily,Website,1024,3.50,Successful
TXN001587,11-04-2024,CUST00469,Brisbane QLD,Postpaid,Recharge,Recharge $20,agent,,$20,Successful
TXN002221,15 Jan 2024,CUST00638, Sydney ,Prepaid,Data Bundle,Data 6GB Monthly,Agent Rep,6144,(25),Reversed
TXN003546,08-12-2024, CUST00146 ,Sydney NSW,Prepaid,Data Bundle,Data 10GB Monthly,Online,10240,35,Successful
TXN004108,2024.09.13,CUST00842,SYD,Postpaid,Recharge,Recharge $5,Agent Rep,,0.00,Failed
TXN001923,2024-13-40,CUST00068, Sydney ,Prepaid,Recharge,Recharge $2,Online,,$2,Successful
TXN003993,07-19-2024,00670,Adelaide,Prepaid,Recharge,Recharge $2,USSD,,,Successful
TXN002808,12-07-2024,CUST00034,SYD,Prepaid,SMS Bundle,SMS 200,App,,AUD 2.50,Successful
TXN004130,26/12/2024,CUST00592,Harbour City,Postpaid,Recharge,Recharge $5,Agent,,0,Failed
TXN002103,05-13-2024,CUST00208,Harbour City,Prepaid,Data Bundle,Data 1GB Daily,Ussd,1024,0,Failed
TXN002512,03/02/2024,CUST00208,Sydney NSW,Prepaid,Recharge,Recharge $5,ussd,,-5,Reversed
TXN003881,06/04/2024,CUST00086,CBR,Prepaid,Data Bundle,Data 6GB Monthly,web,6144,,Successful
TXN002783,05-02-2024,CUST00320,Brisbane,Prepaid,Recharge,Recharge $2,Online,,$2,Successful
TXN001482,06-25-2024,CUST00579,melbourne,Prepaid,SMS Bundle,SMS 200,web,,AUD 2.50,Successful
TXN003136,20/01/2024,CUST00749,Sydney,Prepaid,Recharge,Recharge $2,Agent Rep,,AUD 2,Successful
TXN000383,20 Apr 2024,CUST00243,Hobart,Postpaid,Recharge,Recharge $5,Website,,$5,Successful
TXN004047,45603, CUST00748 ,Canberra,Postpaid,Data Bundle,Data 40GB Monthly,agent rep,40960,,Successful
TXN003480,11/09/2024,CUST00026,MEL,Prepaid,Data Bundle,Data 6GB Monthly,agent rep,6144,-25,Reversed
TXN004174,22/04/2024,CUST00548, Sydney ,Prepaid,Recharge,Recharge $20,agent rep,,AUD 20,Successful
TXN003407,14/03/2024,CUST00680,Hobart,Prepaid,Voice Bundle,Voice 100min,U.S.S.D,,4.50,Successful
TXN000559,06-16-2024,CUST00481,Perth,Prepaid,Recharge,Recharge $5,Agent,,AUD 5,Successful
TXN000836,2024.07.25,CUST00584,Melbourne VIC,Prepaid,Voice Bundle,Voice 100min,App,, 4.50 ,Successful
TXN000030,2024.04.02,CUST00424,melbourne,Prepaid,Voice Bundle,Voice 100min,Web,,AUD 4.50,Successful
TXN000464,07/01/2024,CUST00175,Perth,Prepaid,Recharge,Recharge $2,Ussd,,$2,Successful
TXN002597,20/03/2024,CUST00675,VIC,Prepaid,Voice Bundle,Voice 300min,Mobile app,,$11,Successful
TXN004058,08/02/2024,CUST00463,Perth-WA,Prepaid,Recharge,Recharge $2,Mobile app,,2,Successful
TXN001826,06-18-2024,CUST00597,Sydney,Prepaid,Recharge,Recharge $2,web,,(2),Reversed
TXN004034,12-04-2024,CUST00894,PER,Prepaid,Data Bundle,Data 6GB Monthly,U.S.S.D,6144, 25 ,Successful
TXN003852,28 Oct 2024,CUST00034,SYD,Prepaid,Data Bundle,Data 1GB Daily,agent rep,1024,$3.50,Successful
TXN002416,23/03/2024,CUST00863,Adelaide SA,Prepaid,Recharge,Recharge $2,Mobile App,,$2,Successful
TXN003281,2024.02.28,CUST00148,ADL,Prepaid,Recharge,Recharge $20,agent rep,,20,Successful
TXN000519,2024.02.26,CUST00180,sydney,Prepaid,Recharge,Recharge $2,ussd,,0,Failed
TXN002171,27/02/2024,CUST00755,Melbourne,Prepaid,Recharge,Recharge $2,USSD Code,,$2,Successful
TXN001873,18/03/2024,CUST00741,Brisbane,Prepaid,Data Bundle,Data 6GB Monthly,app,6144,25,Successful
TXN002286,2024-13-40,CUST00336,Melbourne,Postpaid,Data Bundle,Data 10GB Monthly,Agent Rep,10240,0.00,Failed
TXN000596,10-15-2024, CUST00841 ,BNE,Prepaid,Data Bundle,Data 10GB Monthly,Ussd,10240,-AUD 35,Reversed
TXN000470,2024.04.02,CUST00514,Harbour City,Postpaid,Voice Bundle,Voice 300min,USSD Code,,$11,Successful
TXN003888,,CUST00488,SYD,Prepaid,Recharge,Recharge $5,U.S.S.D,,AUD 5,Successful
TXN002936,2024.11.10,CUST00043,MEL,Prepaid,Recharge,Recharge $10,agent,,10,Successful
TXN002766,04-17-2024,CUST00711,BNE,Prepaid,Data Bundle,Data 1GB Daily,Mobile app,1024, 3.50 ,Successful
TXN001555,2024.11.12,CUST00789,adelaide,Prepaid,Data Bundle,Data 1GB Daily,Mobile app,1024,3.50,Successful
TXN000098,01/05/2024,CUST00887,SYD,Prepaid,Recharge,Recharge $2,Web,,2,Successful
TXN002807,20/11/2024,CUST00564,CBR,Postpaid,SMS Bundle,SMS 200,agent,,(2.50),Reversed
TXN002077,45416,CUST00151,hobart,Prepaid,Data Bundle,Data 6GB Monthly,app,6144,25,Successful
TXN000448,09-02-2024,CUST00610,sydney,Prepaid,Data Bundle,Data 1GB Daily,U.S.S.D,1024,0,Failed
TXN001217,07-16-2024,CUST00592,Harbour City,Postpaid,Data Bundle,Data 40GB Monthly,USSD,40960,AUD 110,Successful
TXN001734,16/04/2024,CUST00512,HBA,Prepaid,SMS Bundle,SMS 200,MobileApp,,,Successful
TXN001898,02-15-2024, CUST00117 ,Brisbane,Prepaid,Data Bundle,Data 6GB Monthly,web,6144,$25,Successful
TXN003365,07 Sep 2024,00720,Brisbane QLD,Postpaid,Data Bundle,Data 1GB Daily,Online,1024,,Successful
TXN003793,09/09/2024,CUST00271,ADL,Postpaid,Data Bundle,Data 1GB Daily,Agent Rep,1024, 3.50 ,Successful
TXN002894,01/03/2024,CUST00285,Perth,Postpaid,Data Bundle,Data 6GB Monthly,ussd,6144,AUD 25,Successful
TXN002339,03 Apr 2024,CUST00380,sydney,Prepaid,Data Bundle,Data 2GB Weekly,app,2048,,Successful
TXN003167,22/08/2024,00244,Melbourne VIC,Prepaid,Recharge,Recharge $1,U.S.S.D,, 1 ,Successful
TXN003203,24/09/2024, CUST00874 ,PTH,Prepaid,Data Bundle,Data 2GB Weekly,App,2048,$8,Successful
TXN003621,23/01/2024,CUST00468,Brisbane QLD,Postpaid,Voice Bundle,Voice 300min,U.S.S.D,,$11,Successful
TXN002131,03 May 2024,CUST00282,brisbane,Prepaid,Data Bundle,Data 2GB Weekly,Online,2048, 8 ,Successful
TXN003771,12/02/2024,CUST00298,,Postpaid,Data Bundle,Data 6GB Monthly,app,6144,AUD 25,Successful
TXN003563,2024.07.06,CUST00084,Sydney,Prepaid,Recharge,Recharge $2,Mobile App,,AUD 2,Successful
TXN002371,03/11/2024,CUST00424,MEL,Prepaid,Data Bundle,Data 2GB Weekly,Web,2048,,Successful
TXN000287,07-21-2024,CUST00516,Harbour City,Prepaid,Recharge,Recharge $1,Website,,-1,Reversed
TXN004171,09 May 2024,CUST00691,Canberra,Postpaid,Recharge,Recharge $1,Online,,,Successful
TXN000780,01/05/2024,CUST00006,Sydney,Prepaid,Recharge,Recharge $10,web,,10,Successful
TXN003856,11-14-2024,CUST00571,adelaide,Prepaid,Data Bundle,Data 2GB Weekly,Web,2048,$8,Successful
TXN004116,13 Jun 2024,CUST00031,CBR,Prepaid,Recharge,Recharge $2,Mobile App,,AUD 2,Successful
TXN002053,2024.07.27, CUST00115 ,sydney,Postpaid,Voice Bundle,Voice 300min,web,,0.00,Failed
TXN000429,18 Jan 2024,CUST00739,Perth-WA,Prepaid,Data Bundle,Data 1GB Daily,app,1024,3.50,Successful
TXN002390,20 Sep 2024, CUST00451 ,canberra,Prepaid,Recharge,Recharge $10,Web,,,Failed
TXN001468,05/05/2024,CUST00335,BNE,Prepaid,Data Bundle,Data 2GB Weekly,Website,2048,AUD 8,Successful
TXN003077,02-09-2024, CUST00383 ,Brisbane QLD,Postpaid,Data Bundle,Data 10GB Monthly,agent,10240,$35,Successful
TXN003649,16/12/2024,CUST00024, Sydney ,Prepaid,Recharge,Recharge $5,web,,(5),Reversed
TXN004085,03-13-2024,CUST00796,Hobart,Postpaid,Data Bundle,Data 6GB Monthly,Ussd,6144,$25,Successful
TXN000351,12/10/2024,00809,Melbourne,Prepaid,Data Bundle,Data 6GB Monthly,USSD,6144,AUD 25,Successful
TXN003818,08/05/2024,CUST00419,PER,Prepaid,Recharge,Recharge $1,Agent,,,Successful
TXN000661,21/12/2024,CUST00504,Sydney,Prepaid,Recharge,Recharge $1,U.S.S.D,,(1),Reversed
TXN003383,05 Aug 2024,CUST00666,Adelaide,Prepaid,Recharge,Recharge $10,Mobile App,,$10,Successful
TXN003564,2024.02.04,CUST00021,Perth,Prepaid,Data Bundle,Data 1GB Daily,web,1024,3.50,Successful
TXN000384,12/10/2024,CUST00718,adelaide,Prepaid,Recharge,Recharge $10,MobileApp,, 10 ,Successful
TXN002255,11-27-2024,CUST00849,SYD,Prepaid,Data Bundle,Data 1GB Daily,Website,1024,(3.50),Reversed
TXN000466,04-21-2024,CUST00020,Hobart,Prepaid,SMS Bundle,SMS 200,ussd,,AUD 2.50,Successful
TXN001133,21/08/2024,CUST00193,Melbourne VIC,Prepaid,Recharge,Recharge $2,Ussd,,$2,Successful
TXN000300,18 Oct 2024,CUST00503,MEL,Prepaid,Data Bundle,Data 6GB Monthly,Mobile app,6144,AUD 25,Successful
TXN001616,12/06/2024,00759,Brisbane,Prepaid,Recharge,Recharge $20,agent rep,,20,Successful
TXN002751,2024.11.05,CUST00635, Sydney ,Prepaid,Recharge,Recharge $5,MobileApp,,0.00,Failed
TXN004161,20 Mar 2024,CUST00656,Harbour City,Prepaid,Data Bundle,Data 1GB Daily,Online,1024,AUD 3.50,Successful
TXN002577,01/04/2024,CUST00013,Canberra,Prepaid,Data Bundle,Data 40GB Monthly,Web,40960,AUD 110,Successful
TXN001938,2024.12.07, CUST00509 ,Harbour City,Prepaid,Data Bundle,Data 1GB Daily,App,1024, 3.50 ,Successful
TXN004103,2024.12.21,CUST00059,sydney,Prepaid,Data Bundle,Data 10GB Monthly,Online,10240,,Successful
TXN003577,28/06/2024,CUST00079,Harbour City,Prepaid,Recharge,Recharge $2,Ussd,,0,Failed
TXN004041,08-12-2024,CUST00180, Sydney ,Prepaid,Data Bundle,Data 1GB Daily,Online,1024,$3.50,Successful
TXN001049,2024.09.22, CUST00528 ,canberra,Prepaid,Recharge,Recharge $1,Mobile app,,0,Failed
TXN004119,02-14-2024,CUST00053,Harbour City,Prepaid,Recharge,Recharge $5,Web,,,Failed
TXN003039,12-23-2024,CUST00619, Sydney ,Prepaid,Recharge,Recharge $2,Ussd,,$2,Successful
TXN001529,20 Sep 2024,CUST00106,SYD,Prepaid,Data Bundle,Data 2GB Weekly,Mobile App,2048,-8,Reversed
TXN003732,2024.12.12,CUST00580,ADL,Prepaid,Data Bundle,Data 10GB Monthly,Ussd,10240,,Failed
TXN000847,12 Dec 2024,CUST00802,Perth-WA,Prepaid,Data Bundle,Data 6GB Monthly,Website,6144, 25 ,Successful
TXN000252,45556,CUST00211,melbourne,Prepaid,Recharge,Recharge $10,Agent,,(10),Reversed
TXN003076,2024.07.04,CUST00434, Sydney ,Prepaid,Recharge,Recharge $1,Ussd,,$1,Successful
TXN003614,05/12/2024,CUST00393,SYD,Postpaid,Recharge,Recharge $20,app,,$20,Successful
TXN000807,2024.06.25,CUST00031,canberra,Prepaid,Data Bundle,Data 10GB Monthly,USSD,10240,35,Successful
TXN001553,20/04/2024,CUST00589,Sydney,Prepaid,Recharge,Recharge $1,app,,-AUD 1,Reversed
TXN003536,02 Mar 2024, CUST00458 ,,Prepaid,Recharge,Recharge $2,U.S.S.D,,AUD 2,Successful
TXN000716,2024.10.02,CUST00580,Adelaide SA,Prepaid,Recharge,Recharge $5,Mobile app,,,Successful
TXN003610,2024.09.28, CUST00288 ,Sydney NSW,Postpaid,Recharge,Recharge $1,app,,AUD 1,Successful
TXN004106,07/01/2024,00290,Melbourne,Prepaid,Data Bundle,Data 1GB Daily,Agent Rep,1024,AUD 3.50,Successful
TXN003572,2024.04.14,CUST00612,Perth,Prepaid,Voice Bundle,Voice 300min,ussd,, 11 ,Successful
TXN003262,14 Jul 2024,CUST00281,melbourne,Prepaid,Voice Bundle,Voice 100min,App,,0.00,Failed
TXN001045,04-14-2024,CUST00515,Sydney,Prepaid,Voice Bundle,Voice 100min,Agent,,AUD 4.50,Successful
TXN002021,26/09/2024,CUST00389,Canberra,Postpaid,Recharge,Recharge $20,app,,20,Successful
TXN001760,27/02/2024,00378,CBR,Prepaid,Data Bundle,Data 1GB Daily,agent,1024,$3.50,Successful
TXN002145,12/09/2024,CUST00574,Adelaide,Prepaid,SMS Bundle,SMS 200,Agent Rep,,$2.50,Successful
TXN003571,2024.11.15, CUST00376 ,Sydney NSW,Postpaid,Voice Bundle,Voice 300min,Website,,$11,Successful
TXN004117,01/09/2024,00672,adelaide,Prepaid,Recharge,Recharge $5,Agent,,5,Successful
TXN002553,03-14-2024,CUST00225,Adelaide,Prepaid,Recharge,Recharge $1,Website,, 1 ,Successful
TXN000331,07-15-2024,CUST00776,adelaide,Prepaid,Data Bundle,Data 1GB Daily,MobileApp,1024,$3.50,Successful
TXN003606,07-23-2024,CUST00248,Harbour City,Prepaid,Data Bundle,Data 1GB Daily,Online,1024,AUD 3.50,Successful
TXN004016,02/10/2024,CUST00684,Hobart,Prepaid,Recharge,Recharge $5,ussd,,$5,Successful
TXN001516,08-08-2024,CUST00458,BNE,Prepaid,Data Bundle,Data 10GB Monthly,Mobile App,10240,35,Successful
TXN000862,22/08/2024,CUST00175,PER,Prepaid,Data Bundle,Data 2GB Weekly,Mobile app,2048,$8,Successful
TXN001199,08-21-2024,CUST00301,SYD,Prepaid,Recharge,Recharge $10,agent,,,Failed
TXN001112,11/09/2024,CUST00797,Sydney,Prepaid,Recharge,Recharge $10,web,,,Successful
TXN000328,08-18-2024, CUST00038 ,perth,Prepaid,Data Bundle,Data 2GB Weekly,Website,2048,8,Successful
TXN001089,2024.02.21,CUST00548,SYD,Prepaid,Data Bundle,Data 1GB Daily,ussd,1024,-3.50,Reversed
TXN900025,05-15-2024,CUST00290,Melbourne,Prepaid,SMS Bundle,SMS 200,Online,,AUD 2.50,Successful
TXN000004,24/07/2024,00807,PTH,Prepaid,Recharge,Recharge $1,USSD,,$1,Successful
TXN003305,27/12/2024, CUST00004 ,hobart,Prepaid,Data Bundle,Data 1GB Daily,agent,1024,-AUD 3.50,Reversed
TXN001491,06 Aug 2024,CUST00333,adelaide,Prepaid,Recharge,Recharge $10,agent,,-AUD 10,Reversed
TXN003821,17 May 2024,CUST00586,SYD,Prepaid,Data Bundle,Data 2GB Weekly,USSD Code,2048,$8,Successful
TXN000550,28 Apr 2024,CUST00158,Adelaide SA,Postpaid,Recharge,Recharge $5,U.S.S.D,,(5),Reversed
TXN000557,17/07/2024,CUST00477,CBR,Postpaid,Recharge,Recharge $10,USSD,,AUD 10,Successful
TXN002203,13/02/2024,CUST00119,HBA,Prepaid,Voice Bundle,Voice 300min,USSD Code,,-AUD 11,Reversed
TXN001486,22/02/2024, CUST00646 , Sydney ,Prepaid,Data Bundle,Data 1GB Daily,Web,1024,$3.50,Successful
TXN000265,09-27-2024,CUST00884,,Postpaid,Recharge,Recharge $5,USSD,,$5,Successful
TXN001472,12/11/2024,CUST00711,Brisbane QLD,Prepaid,Recharge,Recharge $2,Agent Rep,,$2,Successful
TXN001235,11/06/2024,CUST00683,adelaide,Prepaid,SMS Bundle,SMS 200,Mobile app,,2.50,Successful
TXN001155,03-07-2024,CUST00485,brisbane,Postpaid,Voice Bundle,Voice 300min,agent,,$11,Successful
TXN001402,2024.08.13, CUST00377 ,Melbourne VIC,Prepaid,Data Bundle,Data 1GB Daily,U.S.S.D,1024,$3.50,Successful
TXN000711,04/11/2024,00735,,Prepaid,Recharge,Recharge $5,Website,,$5,Successful
TXN000919,21 Dec 2024,CUST00584,VIC,Prepaid,Recharge,Recharge $2,app,, 2 ,Successful
TXN003964,45520,CUST00223,hobart,Prepaid,Recharge,Recharge $5,Ussd,,5,Successful
TXN001065,17/03/2024,CUST00130,Harbour City,Postpaid,Data Bundle,Data 10GB Monthly,agent,10240,,Failed
TXN003275,01-19-2024,CUST00289,Brisbane,Prepaid,Data Bundle,Data 2GB Weekly,USSD Code,2048,AUD 8,Successful
TXN001513,16 Mar 2024,CUST00666,ADL,Prepaid,Voice Bundle,Voice 300min,MobileApp,,$11,Successful
TXN001822,23/09/2024,CUST00022,Sydney,Prepaid,Data Bundle,Data 1GB Daily,U.S.S.D,1024,3.50,Successful
TXN000468,12-01-2024,CUST00575,SYD,Prepaid,Voice Bundle,Voice 300min,Online,,-AUD 11,Reversed
TXN000345,19/02/2024,CUST00616,Brisbane QLD,Prepaid,Data Bundle,Data 2GB Weekly,agent rep,2048,AUD 8,Successful
TXN002057,2024.07.08,CUST00112,BNE,Prepaid,Data Bundle,Data 1GB Daily,ussd,1024, 3.50 ,Successful
TXN003071,2024.08.02,CUST00506,PTH,Prepaid,Recharge,Recharge $10,Online,,,Failed
TXN003173,2024.04.23,CUST00230,brisbane,Prepaid,Voice Bundle,Voice 300min,Agent Rep,,11,Successful
TXN002912,10-09-2024,CUST00019,Adelaide SA,Prepaid,Recharge,Recharge $1,Mobile app,,$1,Successful
TXN001418,20 May 2024,CUST00040,Sydney,Prepaid,Data Bundle,Data 2GB Weekly,App,2048,0,Failed
TXN003198,09-13-2024,CUST00526,adelaide,Postpaid,Recharge,Recharge $2,agent rep,,$2,Successful
TXN003388,10/09/2024,CUST00738,brisbane,Postpaid,Recharge,Recharge $10,agent rep,,$10,Successful
TXN001449,10-05-2024,CUST00326,sydney,Prepaid,Recharge,Recharge $5,Online,,-AUD 5,Reversed
TXN003428,27 Mar 2024,CUST00156,,Prepaid,SMS Bundle,SMS 200,agent,,$2.50,Successful
TXN002931,12-07-2024,CUST00120,Brisbane,Prepaid,Recharge,Recharge $10,Website,,$10,Successful
TXN001889,10-18-2024,CUST00150,Sydney,Postpaid,Recharge,Recharge $1,agent rep,,0.00,Failed
TXN003488,16/05/2024,CUST00485,BNE,Postpaid,Voice Bundle,Voice 300min,Agent,,$11,Successful
TXN003914,,CUST00162,ADL,Postpaid,Recharge,Recharge $20,Ussd,,-20,Reversed
TXN003550,04/03/2024, CUST00507 ,Brisbane QLD,Prepaid,Data Bundle,Data 40GB Monthly,Agent Rep,40960,$110,Successful
TXN002025,2024.09.08,CUST00003,perth,Prepaid,Data Bundle,Data 2GB Weekly,agent,2048,0.00,Failed
TXN002572,03-05-2024,CUST00105,Melbourne VIC,Postpaid,Data Bundle,Data 40GB Monthly,web,40960,110,Successful
TXN000022,12-28-2024,CUST00700, Sydney ,Prepaid,Data Bundle,Data 2GB Weekly,Mobile App,2048,-8,Reversed
TXN003651,02/08/2024,CUST00061,Adelaide,Prepaid,Data Bundle,Data 2GB Weekly,Agent,2048,AUD 8,Successful
TXN001080,02-14-2024,CUST00045, Sydney ,Prepaid,Recharge,Recharge $2,agent rep,,AUD 2,Successful
TXN002655,2024.10.18,CUST00436,BNE,Prepaid,Data Bundle,Data 6GB Monthly,agent rep,6144,AUD 25,Successful
TXN002583,45436,CUST00670,ADL,Prepaid,Data Bundle,Data 1GB Daily,agent rep,1024, 3.50 ,Successful
TXN001048,14/11/2024,CUST00828,Brisbane QLD,Prepaid,SMS Bundle,SMS 200,web,,AUD 2.50,Successful
TXN004172,12/03/2024,00215,ADL,Prepaid,Recharge,Recharge $2,Ussd,,2,Successful
TXN003565,01-27-2024,CUST00668,Perth-WA,Prepaid,Data Bundle,Data 2GB Weekly,Agent,2048, 8 ,Successful
TXN001978,09 Jul 2024, CUST00502 ,Brisbane QLD,Postpaid,Recharge,Recharge $10,app,,10,Successful
TXN002357,21/01/2024, CUST00752 ,sydney,Prepaid,Voice Bundle,Voice 300min,Website,, 11 ,Successful
TXN000811,01-09-2024,CUST00353,SYD,Prepaid,Voice Bundle,Voice 300min,Online,,$11,Successful
TXN002897,28/12/2024,CUST00132,melbourne,Prepaid,Recharge,Recharge $5,Online,,AUD 5,Successful
TXN003217,2024.12.09,CUST00852,,Prepaid,Data Bundle,Data 2GB Weekly,Web,2048, 8 ,Successful
TXN004042,15/03/2024,00789,ADL,Prepaid,Data Bundle,Data 1GB Daily,Online,1024,AUD 3.50,Successful
TXN001369,27 Nov 2024,CUST00793,sydney,Prepaid,Recharge,Recharge $10,Agent Rep,,0.00,Failed
TXN002568,23 Sep 2024,CUST00242,MEL,Prepaid,Data Bundle,Data 10GB Monthly,USSD Code,10240,35,Successful
TXN001521,07/07/2024, CUST00103 ,Melbourne VIC,Prepaid,Recharge,Recharge $5,web,,0,Failed
TXN003933,18/12/2024,CUST00396,CBR,Prepaid,Recharge,Recharge $10,Agent,, 10 ,Successful
TXN000937,24/02/2024,CUST00302,Melbourne VIC,Prepaid,Recharge,Recharge $1,Agent,,$1,Successful
TXN001206,2024.08.10, CUST00243 ,HBA,Postpaid,Data Bundle,Data 40GB Monthly,USSD Code,40960,110,Successful
TXN001203,2024.08.23,CUST00106,SYD,Prepaid,Data Bundle,Data 10GB Monthly,Online,10240,AUD 35,Successful
TXN002756,11/01/2024,CUST00888,CBR,Prepaid,Recharge,Recharge $2,ussd,,$2,Successful
TXN000131,2024.12.01,CUST00541,Melbourne VIC,Prepaid,Recharge,Recharge $5,Web,,$5,Successful
TXN000522,15/10/2024,CUST00211,Melbourne,Prepaid,Voice Bundle,Voice 100min,agent,,-AUD 4.50,Reversed
TXN000956,26/12/2024, CUST00681 ,SYD,Postpaid,Data Bundle,Data 10GB Monthly,Online,10240, 35 ,Successful
TXN000914,2024.06.18,CUST00450,brisbane,Prepaid,Recharge,Recharge $2,Agent,,$2,Successful
TXN000860,12/12/2024,CUST00240,HBA,Prepaid,Recharge,Recharge $20,app,,$20,Successful
TXN002034,13/09/2024, CUST00542 ,Sydney NSW,Prepaid,Recharge,Recharge $2,Website,,0,Failed
TXN001652,20/07/2024,CUST00103,Melbourne VIC,Prepaid,Voice Bundle,Voice 300min,Website,,$11,Successful
TXN001316,12-18-2024,CUST00880,ADL,Prepaid,Data Bundle,Data 1GB Daily,Agent,1024,AUD 3.50,Successful
TXN002176,45327,CUST00496,melbourne,Prepaid,Recharge,Recharge $5,Web,,5,Successful
TXN001810,01/07/2024,CUST00702,MEL,Prepaid,SMS Bundle,SMS 200,Ussd,,2.50,Successful
TXN003165,18/06/2024,00172,Harbour City,Prepaid,Recharge,Recharge $2,web,,,Successful
TXN000624,06-19-2024,CUST00721,SYD,Prepaid,Recharge,Recharge $1,MobileApp,,1,Successful
TXN000689,07/05/2024,CUST00067,Hobart,Postpaid,Data Bundle,Data 6GB Monthly,Ussd,6144,$25,Successful
TXN003532,21/12/2024,CUST00763,MEL,Prepaid,Recharge,Recharge $1,Web,,$1,Successful
TXN001367,2024-13-40,CUST00099,,Prepaid,SMS Bundle,SMS 200,web,,2.50,Successful
TXN002865,06-19-2024,CUST00856,brisbane,Prepaid,Data Bundle,Data 1GB Daily,app,1024,AUD 3.50,Successful
TXN000611,45650,CUST00073,Melbourne VIC,Prepaid,Data Bundle,Data 1GB Daily,Agent,1024,3.50,Successful
TXN002471,2024.09.06,CUST00199,melbourne,Prepaid,Data Bundle,Data 10GB Monthly,web,10240,0,Failed
TXN000463,01/09/2024,CUST00712,CBR,Prepaid,Voice Bundle,Voice 100min,Agent,,$4.50,Successful
TXN001574,12-15-2024,CUST00877,brisbane,Prepaid,Data Bundle,Data 1GB Daily,agent,1024,3.50,Successful
TXN000793,24 Nov 2024,CUST00135,Perth-WA,Prepaid,SMS Bundle,SMS 200,Agent,,AUD 2.50,Successful
TXN000309,03/11/2024,CUST00663,Adelaide SA,Prepaid,Recharge,Recharge $2,agent,,$2,Successful
TXN004073,2024-13-40,CUST00048,Sydney,Prepaid,Recharge,Recharge $5,agent rep,,0.00,Failed
TXN000580,10-13-2024,CUST00284,Harbour City,Postpaid,SMS Bundle,SMS 200,Agent Rep,,(2.50),Reversed
TXN000106,26/08/2024,CUST00170,,Prepaid,Recharge,Recharge $2,Agent,,0.00,Failed
TXN001706,2024.10.05,CUST00100,Canberra,Postpaid,Data Bundle,Data 1GB Daily,USSD,1024, 3.50 ,Successful
TXN004157,02/09/2024,00053,Harbour City,Prepaid,Data Bundle,Data 1GB Daily,MobileApp,1024,-3.50,Reversed
TXN001012,45347,CUST00100,Canberra,Postpaid,Voice Bundle,Voice 100min,Agent,,$4.50,Successful
TXN001035,2024.11.11,CUST00430,SYD,Prepaid,Recharge,Recharge $1,Ussd,,AUD 1,Successful
TXN004109,2024.02.20,CUST00829, Sydney ,Prepaid,Recharge,Recharge $2,MobileApp,,AUD 2,Successful
TXN001337,18/02/2024, CUST00371 ,Perth-WA,Postpaid,Data Bundle,Data 40GB Monthly,app,40960,110,Successful
TXN002038,02/06/2024,CUST00085,Sydney NSW,Prepaid,SMS Bundle,SMS 200,app,,AUD 2.50,Successful
TXN002828,27/01/2024,CUST00373,sydney,Postpaid,Data Bundle,Data 40GB Monthly,app,40960,$110,Successful
TXN002237,21/01/2024,CUST00039,HBA,Prepaid,Recharge,Recharge $2,USSD Code,,$2,Successful
TXN003597,10/10/2024,CUST00665,adelaide,Prepaid,Recharge,Recharge $5,Agent Rep,,$5,Successful
TXN002096,05/06/2024,00658,Sydney,Prepaid,Recharge,Recharge $5,Agent Rep,,5,Successful
TXN003121,09-13-2024,CUST00590,Perth-WA,Prepaid,Data Bundle,Data 6GB Monthly,Agent,6144,25,Successful
TXN003170,27/10/2024,CUST00524,sydney,Prepaid,Data Bundle,Data 10GB Monthly,web,10240,,Failed
TXN004185,45470,CUST00434,Harbour City,Prepaid,Voice Bundle,Voice 300min,Web,,$11,Successful
TXN002388,14 Mar 2024,CUST00011,ADL,Prepaid,Recharge,Recharge $1,Agent,,$1,Successful
TXN002836,11/12/2024,CUST00877,Brisbane,Prepaid,Data Bundle,Data 1GB Daily,Ussd,1024,AUD 3.50,Successful
TXN000977,11-01-2024,CUST00173,Harbour City,Postpaid,Data Bundle,Data 40GB Monthly,web,40960, 110 ,Successful
TXN001708,12-22-2024,CUST00021,PER,Prepaid,Voice Bundle,Voice 100min,agent rep,,$4.50,Successful
TXN002707,07-19-2024,CUST00119,Hobart,Prepaid,Recharge,Recharge $5,USSD,,5,Successful
TXN001819,10 May 2024,CUST00792,sydney,Prepaid,Recharge,Recharge $5,Web,, 5 ,Successful
TXN001174,2024.12.26,CUST00008,PER,Prepaid,Recharge,Recharge $5,agent rep,,,Successful
TXN001341,2024.11.07,CUST00648,VIC,Prepaid,Recharge,Recharge $10,Web,,AUD 10,Successful
TXN002723,05/12/2024,CUST00102,,Prepaid,Recharge,Recharge $5,USSD,,$5,Successful
TXN002677,05-06-2024,CUST00597,Sydney,Prepaid,Voice Bundle,Voice 100min,Web,,,Successful
TXN002542,10 Nov 2024,CUST00050,Canberra,Postpaid,Voice Bundle,Voice 100min,Mobile app,,4.50,Successful
TXN001510,28 Mar 2024,CUST00660,Sydney,Prepaid,Data Bundle,Data 1GB Daily,web,1024,AUD 3.50,Successful
TXN001930,2024.05.17,CUST00544,MEL,Prepaid,Voice Bundle,Voice 300min,U.S.S.D,, 11 ,Successful
TXN003616,16/04/2024,CUST00624,Harbour City,Postpaid,Recharge,Recharge $1,Online,,$1,Successful
TXN000354,23/09/2024,CUST00385,Sydney,Postpaid,Data Bundle,Data 1GB Daily,agent rep,1024,0.00,Failed
TXN000732,01/06/2024,CUST00879,MEL,Prepaid,SMS Bundle,SMS 200,U.S.S.D,,$2.50,Successful
TXN001446,10-05-2024,CUST00093,MEL,Prepaid,Data Bundle,Data 40GB Monthly,Web,40960, 110 ,Successful
TXN000703,12-11-2024,00784,Brisbane,Prepaid,Recharge,Recharge $10,web,,AUD 10,Successful
TXN003808,02-20-2024,CUST00306,perth,Prepaid,Recharge,Recharge $1,Mobile App,,,Successful
TXN000161,04-27-2024,CUST00694,Adelaide,Prepaid,SMS Bundle,SMS 200,Mobile App,,AUD 2.50,Successful
TXN001386,01/03/2024,CUST00464,Melbourne,Prepaid,Recharge,Recharge $2,USSD,,$2,Successful
TXN000502,02/08/2024,CUST00768,hobart,Prepaid,Recharge,Recharge $5,Online,,AUD 5,Successful
TXN003373,04-14-2024,CUST00524,Sydney,Prepaid,Recharge,Recharge $5,Agent,,5,Successful
TXN900003,22/04/2024,CUST00548, Sydney ,Prepaid,Recharge,Recharge $20,agent rep,,AUD 20,Successful
TXN003159,2024.11.08,CUST00156,HBA,Prepaid,Data Bundle,Data 10GB Monthly,Website,10240,(35),Reversed
TXN002523,12/01/2024,CUST00737,Melbourne VIC,Postpaid,Recharge,Recharge $5,Website,,$5,Successful
TXN002234,45387,CUST00538,Perth-WA,Postpaid,Data Bundle,Data 2GB Weekly,Agent,2048,,Failed
TXN003169,2024.09.18,CUST00581,MEL,Prepaid,Recharge,Recharge $10,USSD Code,,$10,Successful
TXN001008,12-02-2024,CUST00722,melbourne,Prepaid,Data Bundle,Data 10GB Monthly,app,10240,$35,Successful
TXN002172,03/04/2024,CUST00642,PTH,Prepaid,Data Bundle,Data 6GB Monthly,MobileApp,6144, 25 ,Successful
TXN001891,19/11/2024, CUST00053 ,Sydney,Prepaid,Recharge,Recharge $10,Ussd,,,Successful
TXN001288,45477,CUST00802,perth,Prepaid,Recharge,Recharge $2,Agent,,2,Successful
TXN000369,26/07/2024,CUST00898,perth,Prepaid,Data Bundle,Data 2GB Weekly,Online,2048,$8,Successful
TXN002982,11-15-2024, CUST00677 ,canberra,Postpaid,Data Bundle,Data 2GB Weekly,agent,2048,,Successful
TXN001319,2024-13-40,CUST00040,Sydney,Prepaid,Recharge,Recharge $2,Ussd,,AUD 2,Successful
TXN000494,22 Aug 2024,CUST00344,BNE,Prepaid,Voice Bundle,Voice 100min,USSD,, 4.50 ,Successful
TXN001964,05 Oct 2024,CUST00276,perth,Prepaid,SMS Bundle,SMS 200,USSD,,$2.50,Successful
TXN003137,09/01/2024,CUST00765,MEL,Postpaid,Recharge,Recharge $1,USSD Code,,1,Successful
TXN000334,11-02-2024,CUST00466,Harbour City,Prepaid,Recharge,Recharge $1,agent rep,,$1,Successful
TXN001476,01-10-2024,CUST00227,VIC,Prepaid,Data Bundle,Data 1GB Daily,Web,1024,3.50,Successful
TXN003438,10/05/2024,CUST00649,CBR,Prepaid,Recharge,Recharge $2,Mobile App,,2,Successful
TXN001139,2024.09.05,CUST00827,Adelaide,Prepaid,SMS Bundle,SMS 200,Agent,,,Successful
TXN001222,13 Dec 2024,CUST00225,Adelaide,Prepaid,Data Bundle,Data 1GB Daily,Website,1024,$3.50,Successful
TXN003979,,CUST00812,Perth-WA,Prepaid,Recharge,Recharge $5,Website,,AUD 5,Successful
TXN000381,23 Dec 2024, CUST00469 ,Brisbane,Postpaid,Recharge,Recharge $20,app,,0,Failed
TXN003826,13 Apr 2024,00214,perth,Prepaid,Recharge,Recharge $1,Web,,1,Successful
TXN003241,45387,CUST00696,MEL,Prepaid,Recharge,Recharge $2,agent,,2,Successful
TXN000068,13/04/2024,CUST00013,CBR,Prepaid,Voice Bundle,Voice 100min,Mobile app,,,Successful
TXN002411,19/05/2024,CUST00468,BNE,Postpaid,Voice Bundle,Voice 300min,Mobile app,,$11,Successful
TXN003031,45445,00806,PER,Prepaid,Data Bundle,Data 40GB Monthly,Ussd,40960,AUD 110,Successful
TXN001883,25/08/2024,CUST00886,,Prepaid,Data Bundle,Data 2GB Weekly,Mobile App,2048,-8,Reversed
TXN000478,04/10/2024,00156,Hobart,Prepaid,Recharge,Recharge $1,Agent Rep,,AUD 1,Successful
TXN003662,23/11/2024,CUST00561,hobart,Postpaid,Data Bundle,Data 40GB Monthly,agent rep,40960,$110,Successful
TXN004168,03/07/2024, CUST00352 ,Adelaide SA,Prepaid,Data Bundle,Data 1GB Daily,Agent,1024,,Failed
TXN001173,11-04-2024,CUST00201,,Prepaid,Voice Bundle,Voice 300min,Web,,$11,Successful
TXN002360,16/01/2024,CUST00006, Sydney ,Prepaid,SMS Bundle,SMS 200,MobileApp,,$2.50,Successful
TXN000426,45471,00750,melbourne,Postpaid,Voice Bundle,Voice 100min,MobileApp,,4.50,Successful
TXN002256,,CUST00094,hobart,Prepaid,Recharge,Recharge $2,Agent Rep,,AUD 2,Successful
TXN001334,28/10/2024,00552,MEL,Prepaid,Recharge,Recharge $1,Website,,$1,Successful
TXN000200,2024.03.02, CUST00379 ,Brisbane QLD,Prepaid,Recharge,Recharge $10,Agent Rep,,,Successful
TXN002358,2024.12.15,CUST00282,Brisbane,Prepaid,Data Bundle,Data 10GB Monthly,Website,10240,AUD 35,Successful
TXN002400,2024.07.23,CUST00076,Canberra,Prepaid,Recharge,Recharge $2,App,,AUD 2,Successful
TXN001939,11/08/2024,CUST00399,MEL,Postpaid,Data Bundle,Data 10GB Monthly,Online,10240,0,Failed
TXN000144,28 Dec 2024,CUST00184,sydney,Prepaid,Data Bundle,Data 10GB Monthly,Web,10240,35,Successful
TXN004188,12-23-2024,CUST00727,,Postpaid,Recharge,Recharge $20,agent rep,,AUD 800,Successful
TXN000250,07-02-2024,00790,Sydney,Postpaid,Data Bundle,Data 10GB Monthly,Ussd,10240,$35,Successful
TXN003376,11-02-2024,CUST00147,PTH,Prepaid,Recharge,Recharge $1,Online,,AUD 1,Successful
TXN001455,05-17-2024,CUST00168,Hobart,Postpaid,Voice Bundle,Voice 100min,Ussd,,4.50,Successful
TXN004123,27 Sep 2024,CUST00739,Perth,Prepaid,Voice Bundle,Voice 100min,app,,AUD 4.50,Successful
TXN000418,04-12-2024,CUST00654,Perth,Prepaid,Data Bundle,Data 2GB Weekly,Mobile App,2048,$8,Successful
TXN000912,19/03/2024,CUST00486,sydney,Prepaid,Recharge,Recharge $10,agent,,$10,Successful
TXN003994,07-04-2024,CUST00455, Sydney ,Prepaid,Recharge,Recharge $1,Online,, 1 ,Successful
TXN002696,26/05/2024, CUST00215 ,Adelaide,Prepaid,Data Bundle,Data 2GB Weekly,agent rep,2048,8,Successful
TXN003816,28/01/2024,CUST00527,Brisbane,Prepaid,Recharge,Recharge $2,MobileApp,,AUD 2,Successful
TXN002310,,CUST00462,brisbane,Postpaid,Recharge,Recharge $10,Mobile app,, 10 ,Successful
TXN002113,2024.11.26,CUST00753,ADL,Prepaid,Data Bundle,Data 1GB Daily,Web,1024, 3.50 ,Successful
TXN003868,2024.06.21,CUST00896,Melbourne VIC,Prepaid,Data Bundle,Data 6GB Monthly,Web,6144,$25,Successful
TXN002791,17/07/2024,CUST00873,Canberra,Postpaid,Data Bundle,Data 6GB Monthly,U.S.S.D,6144,$25,Successful
TXN001289,03-10-2024,00024, Sydney ,Prepaid,Data Bundle,Data 2GB Weekly,Mobile App,2048,,Failed
TXN003629,02/05/2024,CUST00497,VIC,Prepaid,Data Bundle,Data 2GB Weekly,MobileApp,2048,$8,Successful
TXN000913,2024.02.28,CUST00811,melbourne,Postpaid,Data Bundle,Data 40GB Monthly,app,40960,110,Successful
TXN002537,45654,CUST00145,Melbourne,Prepaid,Recharge,Recharge $1,web,,-1,Reversed
TXN004101,10-22-2024,CUST00520,SYD,Prepaid,Recharge,Recharge $10,USSD Code,,AUD 10,Successful
TXN000766,10-18-2024, CUST00057 ,Brisbane,Prepaid,Recharge,Recharge $1,Mobile app,, 1 ,Successful
TXN003052,16/08/2024,CUST00232, Sydney ,Prepaid,Recharge,Recharge $10,Agent Rep,,10,Successful
TXN000147,2024.11.28, CUST00071 ,Melbourne VIC,Prepaid,Data Bundle,Data 40GB Monthly,Online,40960,$110,Successful
TXN001134,16/12/2024,CUST00578,Perth-WA,Prepaid,Recharge,Recharge $5,U.S.S.D,,AUD 5,Successful
TXN000395,10-12-2024,CUST00456,VIC,Postpaid,Data Bundle,Data 2GB Weekly,App,2048,AUD 8,Successful
TXN002660,2024.05.07,CUST00784,BNE,Prepaid,Recharge,Recharge $2,Agent Rep,,$2,Successful
TXN000046,45319,CUST00537,Brisbane,Prepaid,Data Bundle,Data 2GB Weekly,Web,2048,$8,Successful
TXN002421,13/09/2024,CUST00721,Sydney NSW,Prepaid,Recharge,Recharge $1,Agent,,0.00,Failed
TXN000322,07-11-2024,CUST00326,sydney,Prepaid,Recharge,Recharge $5,agent,,AUD 5,Successful
TXN002160,08-12-2024,CUST00751,PTH,Postpaid,Data Bundle,Data 10GB Monthly,app,10240, 35 ,Successful
TXN001958,24 Jul 2024,00077,Melbourne VIC,Prepaid,Recharge,Recharge $1,Agent Rep,,,Successful
TXN002556,2024.05.02,CUST00658,Sydney NSW,Prepaid,Recharge,Recharge $2,Agent,,0,Failed
TXN002883,04-02-2024,00834,PTH,Prepaid,Data Bundle,Data 1GB Daily,app,1024, 3.50 ,Successful
TXN003990,08-18-2024,CUST00476,Perth-WA,Postpaid,Data Bundle,Data 6GB Monthly,Agent Rep,6144,$25,Successful
TXN002921,20 Oct 2024,CUST00020,Hobart,Prepaid,Data Bundle,Data 6GB Monthly,Mobile App,6144,$25,Successful
TXN002072,20/09/2024, CUST00708 ,Sydney,Prepaid,Recharge,Recharge $5,ussd,,,Successful
TXN003763,12-21-2024,CUST00664,MEL,Prepaid,Recharge,Recharge $1,agent rep,,,Successful
TXN002365,02 Oct 2024, CUST00083 ,hobart,Prepaid,Recharge,Recharge $2,Online,, 2 ,Successful
TXN000931,07 Oct 2024,CUST00715,Sydney NSW,Prepaid,SMS Bundle,SMS 200,Agent,,AUD 2.50,Successful
TXN002269,11-03-2024,CUST00639,Sydney NSW,Prepaid,Recharge,Recharge $2,app,,$2,Successful
TXN002923,45341,CUST00096,Melbourne,Prepaid,Data Bundle,Data 40GB Monthly,Website,40960,$110,Successful
TXN001946,26/02/2024,CUST00805,Sydney,Prepaid,Recharge,Recharge $2,Agent Rep,,AUD 2,Successful
TXN003209,2024.06.03,CUST00885, Sydney ,Prepaid,Data Bundle,Data 1GB Daily,Web,1024,(3.50),Reversed
TXN003458,16/07/2024,CUST00832,melbourne,Prepaid,Recharge,Recharge $1,Website,,$1,Successful
TXN000607,22 Oct 2024,CUST00476,Perth-WA,Postpaid,Recharge,Recharge $2,MobileApp,,-AUD 2,Reversed
TXN000075,2024.05.27,CUST00334,Adelaide,Prepaid,Recharge,Recharge $1,Mobile App,,AUD 1,Successful
TXN001765,10-23-2024,CUST00658,Harbour City,Prepaid,Data Bundle,Data 10GB Monthly,Online,10240,35,Successful
TXN001323,2024.03.25,CUST00452,Canberra,Prepaid,Voice Bundle,Voice 100min,Mobile App,,AUD 4.50,Successful
TXN001577,24/09/2024,CUST00231,sydney,Prepaid,Recharge,Recharge $10,USSD,,10,Successful
TXN002767,09/03/2024,CUST00019,ADL,Prepaid,Recharge,Recharge $1,MobileApp,,1,Successful
TXN000114,18/01/2024,CUST00871, Sydney ,Prepaid,SMS Bundle,SMS 200,Website,, 2.50 ,Successful
TXN000987,05-04-2024,CUST00895,melbourne,Prepaid,Voice Bundle,Voice 100min,Mobile App,,$4.50,Successful
TXN003739,07-12-2024,CUST00765,melbourne,Postpaid,Recharge,Recharge $10,agent rep,,$10,Successful
TXN000748,,CUST00812,PTH,Prepaid,Data Bundle,Data 1GB Daily,Agent Rep,1024,3.50,Successful
TXN001864,16/05/2024, CUST00237 ,Melbourne,Prepaid,SMS Bundle,SMS 200,U.S.S.D,, 2.50 ,Successful
TXN000223,2024.09.17,CUST00276,perth,Prepaid,Data Bundle,Data 6GB Monthly,Ussd,6144, 25 ,Successful
TXN001349,10/02/2024, CUST00792 ,Sydney NSW,Prepaid,Recharge,Recharge $1,web,,1,Successful
TXN001503,15/09/2024,CUST00658,SYD,Prepaid,Data Bundle,Data 6GB Monthly,agent,6144, 25 ,Successful
TXN003086,07-07-2024,CUST00443,HBA,Prepaid,Data Bundle,Data 10GB Monthly,Web,10240,35,Successful
TXN001666,27/12/2024, CUST00182 ,Brisbane,Prepaid,Voice Bundle,Voice 300min,app,,,Successful
TXN002920,07 May 2024,CUST00595,Brisbane QLD,Prepaid,Recharge,Recharge $10,ussd,,AUD 10,Successful
TXN003255,2024.10.18,CUST00202,Melbourne VIC,Postpaid,Recharge,Recharge $10,agent rep,, 10 ,Successful
TXN000036,01-26-2024,CUST00895,,Prepaid,Data Bundle,Data 2GB Weekly,app,2048,$8,Successful
TXN000831,16 Oct 2024,00346,PTH,Prepaid,Data Bundle,Data 1GB Daily,Online,1024,AUD 3.50,Successful
TXN002602,2024.03.14,CUST00059, Sydney ,Prepaid,Recharge,Recharge $1,Mobile app,,$1,Successful
TXN003146,20/07/2024,CUST00341,PER,Prepaid,Recharge,Recharge $2,USSD,,AUD 2,Successful
TXN001762,23 Jan 2024,CUST00524,Sydney NSW,Prepaid,Recharge,Recharge $20,Mobile app,, 20 ,Successful
TXN000348,20/12/2024,CUST00488,Harbour City,Prepaid,Data Bundle,Data 6GB Monthly,USSD Code,6144,AUD 25,Successful
TXN000168,2024.06.18,CUST00511,Sydney,Prepaid,Recharge,Recharge $1,Website,,$1,Successful
TXN003896,13/11/2024,CUST00189,PTH,Prepaid,Recharge,Recharge $1,agent rep,,1,Successful
TXN000117,28 Feb 2024,CUST00017,brisbane,Postpaid,Data Bundle,Data 40GB Monthly,Online,40960,0.00,Failed
TXN000531,10-19-2024,00774,Hobart,Prepaid,Data Bundle,Data 10GB Monthly,Website,10240,$35,Successful
TXN001395,22 Dec 2024,00738,Brisbane QLD,Postpaid,Recharge,Recharge $20,MobileApp,,,Successful
TXN003836,,CUST00402,Brisbane,Postpaid,Data Bundle,Data 10GB Monthly,agent,10240,AUD 35,Successful
TXN001029,07-05-2024, CUST00675 ,MEL,Prepaid,Data Bundle,Data 2GB Weekly,agent rep,2048, 8 ,Successful
TXN001642,22/09/2024, CUST00588 ,Sydney NSW,Prepaid,Recharge,Recharge $10,Mobile app,, 10 ,Successful
TXN003663,20 May 2024,CUST00414,Harbour City,Prepaid,Recharge,Recharge $1,USSD,,AUD 1,Successful
TXN002793,17 Jul 2024,CUST00826,Brisbane,Prepaid,SMS Bundle,SMS 200,Mobile App,,AUD 2.50,Successful
TXN003675,, CUST00654 ,Perth-WA,Prepaid,Data Bundle,Data 1GB Daily,ussd,1024,$3.50,Successful
TXN003724,11/04/2024,CUST00752,Harbour City,Prepaid,Recharge,Recharge $5,Agent Rep,,0.00,Failed
TXN003179,, CUST00660 ,Sydney NSW,Prepaid,Data Bundle,Data 2GB Weekly,Agent,2048,AUD 8,Successful
TXN004030,04/06/2024,CUST00825,Sydney NSW,Prepaid,Voice Bundle,Voice 100min,Agent,,,Failed
TXN003228,27/10/2024,CUST00339,adelaide,Postpaid,Data Bundle,Data 6GB Monthly,USSD Code,6144,25,Successful
TXN001780,28/12/2024,CUST00815, Sydney ,Prepaid,Data Bundle,Data 1GB Daily,U.S.S.D,1024,AUD 3.50,Successful
TXN001026,2024.06.11,CUST00569,MEL,Prepaid,Recharge,Recharge $1,app,,AUD 1,Successful
TXN003250,15/04/2024,00164,Sydney,Postpaid,Data Bundle,Data 40GB Monthly,agent,40960,AUD 110,Successful
TXN002784,28/12/2024,CUST00430, Sydney ,Prepaid,Recharge,Recharge $5,USSD,, 5 ,Successful
TXN000082,26/05/2024,CUST00771,hobart,Prepaid,Recharge,Recharge $1,Mobile app,,$1,Successful
TXN003254,06-06-2024,CUST00347,Perth,Postpaid,Voice Bundle,Voice 100min,Website,, 4.50 ,Successful
TXN002031,09/01/2024,CUST00129,SYD,Prepaid,Recharge,Recharge $1,USSD,, 1 ,Successful
TXN002753,07-17-2024,CUST00286,Perth-WA,Prepaid,Recharge,Recharge $10,Mobile app,,10,Successful
TXN002770,05/01/2024,CUST00098,VIC,Postpaid,Data Bundle,Data 6GB Monthly,App,6144,0,Failed
TXN001477,18/08/2024,CUST00651,adelaide,Prepaid,Voice Bundle,Voice 300min,Agent Rep,,,Failed
TXN003114,04/11/2024,CUST00677,CBR,Postpaid,Recharge,Recharge $10,Mobile App,,,Successful
TXN002559,2024.06.06,CUST00094,Hobart,Prepaid,Data Bundle,Data 10GB Monthly,agent rep,10240,,Successful
TXN001478,05-15-2024,CUST00328,ADL,Prepaid,Data Bundle,Data 40GB Monthly,app,40960, 110 ,Successful
TXN003007,07-28-2024,CUST00051,Harbour City,Prepaid,Data Bundle,Data 1GB Daily,agent,1024,,Failed
TXN002484,06/08/2024,00535, Sydney ,Postpaid,Data Bundle,Data 1GB Daily,Mobile app,1024,3.50,Successful
TXN004191,2024.05.08,CUST00217,Sydney,Postpaid,Recharge,Recharge $20,Agent Rep,,AUD 800,Successful
TXN002158,18 Oct 2024,CUST00812,perth,Prepaid,Recharge,Recharge $5,Web,,$5,Successful
TXN001887,,CUST00080,Sydney,Prepaid,Recharge,Recharge $10,web,,AUD 10,Successful
TXN003869,15/09/2024,CUST00698,Adelaide,Prepaid,Recharge,Recharge $2,Online,,,Failed
TXN001630,45424,CUST00241,melbourne,Prepaid,Recharge,Recharge $1,MobileApp,,AUD 1,Successful
TXN002955,06 Dec 2024,CUST00562,Adelaide SA,Prepaid,Recharge,Recharge $10,Website,,10,Successful
TXN000041,14/05/2024,CUST00209,SYD,Prepaid,Voice Bundle,Voice 100min,U.S.S.D,,$4.50,Successful
TXN001705,45649,CUST00717,PER,Prepaid,Data Bundle,Data 2GB Weekly,web,2048,$8,Successful
TXN003962,28/12/2024, CUST00105 ,MEL,Postpaid,Data Bundle,Data 40GB Monthly,U.S.S.D,40960,110,Successful
TXN003408,2024.12.18,CUST00341,PER,Prepaid,Recharge,Recharge $2,U.S.S.D,,2,Successful
TXN000312,2024.01.24,CUST00548,Sydney,Prepaid,Data Bundle,Data 6GB Monthly,Ussd,6144,$25,Successful
TXN001632,26 May 2024, CUST00549 ,Adelaide,Prepaid,Data Bundle,Data 2GB Weekly,MobileApp,2048,8,Successful
TXN003954,25 Nov 2024,CUST00208,SYD,Prepaid,Data Bundle,Data 1GB Daily,Ussd,1024,3.50,Successful
TXN002068,17/03/2024,CUST00637,Sydney NSW,Prepaid,Data Bundle,Data 6GB Monthly,MobileApp,6144,0.00,Failed
TXN001427,21/01/2024,CUST00808,Melbourne,Prepaid,Recharge,Recharge $1,App,,AUD 1,Successful
TXN002003,,CUST00376,Harbour City,Postpaid,Data Bundle,Data 10GB Monthly,ussd,10240,0.00,Failed
TXN000358,26/03/2024, CUST00766 , Sydney ,Postpaid,Recharge,Recharge $2,agent rep,, 2 ,Successful
TXN002409,01/04/2024,CUST00523,Adelaide SA,Prepaid,Voice Bundle,Voice 100min,Online,,-4.50,Reversed
TXN001130,09-13-2024,CUST00321,Canberra,Prepaid,Recharge,Recharge $1,web,,1,Successful
TXN003841,03-05-2024,CUST00070,adelaide,Prepaid,Data Bundle,Data 1GB Daily,Website,1024,0,Failed
TXN003002,01/08/2024,CUST00578,Perth-WA,Prepaid,Recharge,Recharge $10,Online,,AUD 10,Successful
TXN001828,2024.11.05,CUST00311,SYD,Prepaid,Recharge,Recharge $2,MobileApp,,2,Successful
TXN002441,05/05/2024,CUST00718,Adelaide,Prepaid,Recharge,Recharge $20,agent,,$20,Successful
TXN000129,10 Nov 2024,CUST00869,CBR,Prepaid,Data Bundle,Data 1GB Daily,Online,1024,AUD 3.50,Successful
TXN001010,11 Jul 2024,CUST00023,,Prepaid,Recharge,Recharge $10,Web,,(10),Reversed
TXN001814,11-25-2024,CUST00608,Perth,Postpaid,Data Bundle,Data 2GB Weekly,App,2048,0,Failed
TXN002967,2024.11.20,CUST00843,PER,Prepaid,Recharge,Recharge $10,USSD Code,,AUD 10,Successful
TXN000658,18 May 2024,CUST00853,sydney,Postpaid,Voice Bundle,Voice 100min,Agent,,-4.50,Reversed
TXN001247,2024-13-40,00113,Sydney,Prepaid,Recharge,Recharge $10,agent,,,Failed
TXN004127,11-09-2024,CUST00599,brisbane,Postpaid,Recharge,Recharge $1,Website,,1,Successful
TXN000202,08-18-2024,CUST00775,Canberra,Prepaid,Recharge,Recharge $10,Website,,10,Successful
TXN004166,24/10/2024,CUST00816,Sydney,Prepaid,Data Bundle,Data 6GB Monthly,Website,6144,$25,Successful
TXN001422,2024.11.22,CUST00427, Sydney ,Prepaid,Recharge,Recharge $2,app,, 2 ,Successful
TXN003817,10/07/2024,CUST00775,canberra,Prepaid,Data Bundle,Data 10GB Monthly,U.S.S.D,10240,$35,Successful
TXN003126,2024.05.11,CUST00331,Brisbane,Prepaid,Data Bundle,Data 2GB Weekly,agent rep,2048,$8,Successful
TXN002419,17/10/2024,CUST00109,BNE,Prepaid,Data Bundle,Data 1GB Daily,ussd,1024,,Successful
TXN002736,23/11/2024,CUST00324,Hobart,Prepaid,Recharge,Recharge $10,Online,, 10 ,Successful
TXN002362,18 Dec 2024,CUST00399,MEL,Postpaid,Data Bundle,Data 2GB Weekly,Agent,2048,0.00,Failed
TXN003533,02/10/2024,CUST00464,VIC,Prepaid,Data Bundle,Data 6GB Monthly,app,6144, 25 ,Successful
TXN000594,08-03-2024,CUST00759,brisbane,Prepaid,Recharge,Recharge $2,Web,,,Successful
TXN000971,09-05-2024,CUST00715,Sydney NSW,Prepaid,Recharge,Recharge $10,Agent,,$10,Successful
TXN000203,2024.11.16,CUST00587,Sydney NSW,Prepaid,Recharge,Recharge $10,USSD Code,, 10 ,Successful
TXN003752,20/12/2024,CUST00440,Harbour City,Prepaid,Recharge,Recharge $20,app,,20,Successful
TXN001975,2024.09.14,CUST00850,Melbourne,Prepaid,Recharge,Recharge $2,ussd,, 2 ,Successful
TXN002972,17 Dec 2024,CUST00265, Sydney ,Prepaid,Recharge,Recharge $2,Agent Rep,,2,Successful
TXN004155,13/06/2024,CUST00750,melbourne,Postpaid,Recharge,Recharge $5,Website,,,Successful
TXN002863,06 Oct 2024,CUST00059,SYD,Prepaid,Data Bundle,Data 1GB Daily,agent rep,1024,0.00,Failed
TXN002704,2024.07.27,CUST00343,sydney,Prepaid,Recharge,Recharge $5,USSD Code,,$5,Successful
TXN001981,03/10/2024,CUST00805,Sydney,Prepaid,Recharge,Recharge $5,Web,,AUD 5,Successful
TXN002381,20/11/2024,CUST00747,canberra,Prepaid,SMS Bundle,SMS 200,agent,,$2.50,Successful
TXN002487,25/12/2024,00807,Perth,Prepaid,Recharge,Recharge $2,web,,,Successful
TXN002375,25/04/2024,CUST00449,Melbourne,Prepaid,Voice Bundle,Voice 100min,USSD Code,,AUD 4.50,Successful
TXN004097,25/05/2024,00139,Sydney,Prepaid,Data Bundle,Data 2GB Weekly,Website,2048,-AUD 8,Reversed
TXN003696,23/08/2024,CUST00509, Sydney ,Prepaid,Recharge,Recharge $1,app,,-1,Reversed
TXN003506,25/05/2024,CUST00849,SYD,Prepaid,Data Bundle,Data 2GB Weekly,Web,2048,8,Successful
TXN001188,2024.01.03,CUST00815,Harbour City,Prepaid,Recharge,Recharge $1,Web,,AUD 1,Successful
TXN002330,01/02/2024,CUST00389,Canberra,Postpaid,Data Bundle,Data 6GB Monthly,Website,6144,AUD 25,Successful
TXN002343,05-15-2024,CUST00164,Sydney,Postpaid,Recharge,Recharge $10,Ussd,,,Successful
TXN000352,2024.02.16,CUST00436,Brisbane,Prepaid,Data Bundle,Data 40GB Monthly,web,40960,$110,Successful
TXN001756,05 Apr 2024,CUST00306,PTH,Prepaid,Recharge,Recharge $1,Website,,1,Successful
TXN001596,10-21-2024,CUST00401,SYD,Prepaid,Data Bundle,Data 1GB Daily,agent,1024,,Failed
TXN000043,05-27-2024, CUST00236 ,melbourne,Prepaid,Data Bundle,Data 1GB Daily,agent,1024,$3.50,Successful
TXN002150,15/05/2024,00091,PTH,Prepaid,Data Bundle,Data 10GB Monthly,App,10240,AUD 35,Successful
TXN002495,02 May 2024,CUST00217, Sydney ,Postpaid,Voice Bundle,Voice 300min,Web,,$11,Successful
TXN002688,24/10/2024,CUST00773,BNE,Postpaid,Voice Bundle,Voice 100min,Mobile app,,AUD 4.50,Successful
TXN001274,17/12/2024,CUST00358,MEL,Prepaid,Recharge,Recharge $1,agent,,$1,Successful
TXN002183,26/12/2024,CUST00720,Brisbane QLD,Postpaid,Voice Bundle,Voice 300min,Agent Rep,,$11,Successful
TXN000575,2024.06.08,CUST00702,VIC,Prepaid,Recharge,Recharge $2,U.S.S.D,,0.00,Failed
TXN001921,14/07/2024,CUST00736,canberra,Prepaid,Data Bundle,Data 2GB Weekly,Agent Rep,2048,$8,Successful
TXN003858,12-16-2024,CUST00256,Harbour City,Prepaid,Voice Bundle,Voice 100min,Agent,,AUD 4.50,Successful
TXN000857,27/02/2024,CUST00689,sydney,Postpaid,Data Bundle,Data 6GB Monthly,USSD Code,6144,$25,Successful
TXN002177,18/12/2024,CUST00392,perth,Prepaid,Recharge,Recharge $1,Mobile App,,0.00,Failed
TXN002563,05-18-2024,CUST00396,CBR,Prepaid,Voice Bundle,Voice 100min,web,,$4.50,Successful
TXN002048,07/01/2024,CUST00558, Sydney ,Postpaid,Recharge,Recharge $2,web,,AUD 2,Successful
TXN001809,11-25-2024,CUST00882,Brisbane QLD,Prepaid,Recharge,Recharge $1,agent rep,,AUD 1,Successful
TXN003737,07/01/2024,CUST00282,Brisbane,Prepaid,Recharge,Recharge $5,agent,,0,Failed
TXN001899,18/08/2024,CUST00265,SYD,Prepaid,Data Bundle,Data 1GB Daily,Mobile App,1024,(3.50),Reversed
TXN001847,03/04/2024,CUST00150, Sydney ,Postpaid,SMS Bundle,SMS 200,Web,,2.50,Successful
TXN000876,26 Nov 2024, CUST00239 ,BNE,Prepaid,Recharge,Recharge $1,Web,,1,Successful
TXN000104,15/12/2024,CUST00896,Melbourne VIC,Prepaid,Data Bundle,Data 40GB Monthly,ussd,40960,-AUD 110,Reversed
TXN002459,01/07/2024,CUST00023,Sydney,Prepaid,Voice Bundle,Voice 300min,Agent,,AUD 11,Successful
TXN003003,,CUST00182,Brisbane,Prepaid,SMS Bundle,SMS 200,Mobile App,,2.50,Successful
TXN000605,2024.12.21,CUST00627,Brisbane QLD,Prepaid,Recharge,Recharge $10,Mobile App,,AUD 10,Successful
TXN000989,,CUST00378,CBR,Prepaid,Recharge,Recharge $10,App,,AUD 10,Successful
TXN001234,2024-13-40,CUST00175,PER,Prepaid,Recharge,Recharge $5,Ussd,,$5,Successful
TXN003528,17/02/2024,CUST00368,BNE,Prepaid,Recharge,Recharge $20,Agent,,AUD 20,Successful
TXN001434,07/07/2024,CUST00093,Melbourne,Prepaid,Recharge,Recharge $10,U.S.S.D,,,Failed
TXN000385,45331,CUST00834,perth,Prepaid,Recharge,Recharge $10,app,, 10 ,Successful
TXN000894,05/02/2024,CUST00122,BNE,Postpaid,Voice Bundle,Voice 300min,agent rep,,$11,Successful
TXN000057,03/01/2024, CUST00278 ,hobart,Prepaid,Recharge,Recharge $5,Ussd,,$5,Successful
TXN000712,26/03/2024,CUST00438,HBA,Prepaid,Data Bundle,Data 10GB Monthly,agent,10240,$35,Successful
TXN002373,45384,CUST00037,hobart,Prepaid,Data Bundle,Data 6GB Monthly,Website,6144,$25,Successful
TXN002127,02-20-2024,CUST00664,Melbourne VIC,Prepaid,Data Bundle,Data 6GB Monthly,ussd,6144, 25 ,Successful
TXN000356,18/03/2024,CUST00774,HBA,Prepaid,Recharge,Recharge $2,Web,,$2,Successful
TXN001843,2024.10.10,CUST00822,sydney,Prepaid,Data Bundle,Data 2GB Weekly,Agent Rep,2048,AUD 8,Successful
TXN002408,14/01/2024,CUST00586, Sydney ,Prepaid,Recharge,Recharge $5,Web,,0.00,Failed
TXN001019,27/06/2024,CUST00797, Sydney ,Prepaid,Recharge,Recharge $5,agent rep,,AUD 5,Successful
TXN003937,11-24-2024,CUST00161,HBA,Postpaid,Recharge,Recharge $5,Agent Rep,,AUD 5,Successful
TXN000308,09-27-2024,CUST00886,Sydney NSW,Prepaid,Data Bundle,Data 1GB Daily,web,1024,$3.50,Successful
TXN000814,2024.10.24,CUST00400,Brisbane QLD,Postpaid,SMS Bundle,SMS 200,ussd,,$2.50,Successful
TXN000042,19/08/2024,00268,PER,Prepaid,Recharge,Recharge $10,agent,,,Successful
TXN002634,07-25-2024,CUST00368,,Prepaid,Data Bundle,Data 1GB Daily,MobileApp,1024,$3.50,Successful
TXN001406,02-26-2024,00222,Brisbane QLD,Postpaid,Recharge,Recharge $5,U.S.S.D,, 5 ,Successful
TXN001682,24/10/2024,CUST00634,Brisbane,Prepaid,Recharge,Recharge $1,MobileApp,,1,Successful
TXN000883,45419,CUST00433,Sydney,Prepaid,Recharge,Recharge $2,MobileApp,,,Failed
TXN002840,2024-13-40,CUST00233,brisbane,Prepaid,Data Bundle,Data 6GB Monthly,agent rep,6144,,Successful
TXN000699,10/06/2024,CUST00504,Sydney,Prepaid,Recharge,Recharge $20,web,,,Failed
TXN002844,07/10/2024,00681,SYD,Postpaid,Recharge,Recharge $20,ussd,,$20,Successful
TXN003586,45409,CUST00367,hobart,Prepaid,Data Bundle,Data 6GB Monthly,App,6144,$25,Successful
TXN002052,07/12/2024,CUST00011,ADL,Prepaid,Recharge,Recharge $1,Website,,$1,Successful
TXN002858,2024.05.09,CUST00728,Brisbane,Postpaid,Voice Bundle,Voice 100min,U.S.S.D,, 4.50 ,Successful
TXN000216,12 Jul 2024,CUST00778,SYD,Prepaid,Data Bundle,Data 6GB Monthly,Online,6144,,Failed
TXN002147,04-01-2024, CUST00845 ,adelaide,Prepaid,Data Bundle,Data 1GB Daily,USSD,1024,3.50,Successful
TXN004044,10-09-2024,CUST00261,CBR,Prepaid,Recharge,Recharge $1,app,,1,Successful
TXN003676,10/08/2024,CUST00829,sydney,Prepaid,Data Bundle,Data 2GB Weekly,App,2048,$8,Successful
TXN001371,15/05/2024,CUST00422,PER,Postpaid,Data Bundle,Data 40GB Monthly,agent,40960,AUD 110,Successful
TXN001567,05/08/2024,CUST00182,Brisbane,Prepaid,Recharge,Recharge $2,U.S.S.D,,$2,Successful
TXN002193,23/09/2024,CUST00358,melbourne,Prepaid,Data Bundle,Data 2GB Weekly,Agent Rep,2048, 8 ,Successful
TXN900004,22 Jun 2024,CUST00430,Sydney NSW,Prepaid,Voice Bundle,Voice 100min,Agent Rep,,$4.50,Successful
TXN002839,05-21-2024, CUST00159 ,Melbourne VIC,Prepaid,Data Bundle,Data 2GB Weekly,App,2048,$8,Successful
TXN001517,2024.09.15,CUST00234,sydney,Prepaid,SMS Bundle,SMS 200,agent rep,,-AUD 2.50,Reversed
TXN002504,19/12/2024,CUST00607,Hobart,Prepaid,Data Bundle,Data 1GB Daily,MobileApp,1024,$3.50,Successful
TXN001767,23 Sep 2024,CUST00054,,Prepaid,Recharge,Recharge $1,app,,0,Failed
TXN002187,28/11/2024,CUST00619, Sydney ,Prepaid,Recharge,Recharge $1,Web,,1,Successful
TXN004145,05-28-2024,CUST00002,SYD,Prepaid,Data Bundle,Data 2GB Weekly,ussd,2048,$8,Successful
TXN004029,03-11-2024,CUST00675,Melbourne VIC,Prepaid,Voice Bundle,Voice 100min,Website,,$4.50,Successful
TXN001038,2024.05.08,CUST00101,CBR,Postpaid,Data Bundle,Data 40GB Monthly,Agent Rep,40960,AUD 110,Successful
TXN002438,13/08/2024,CUST00069,SYD,Prepaid,Data Bundle,Data 1GB Daily,Mobile app,1024,AUD 3.50,Successful
TXN001511,03-17-2024,CUST00664,melbourne,Prepaid,Recharge,Recharge $20,ussd,,AUD 20,Successful
TXN000412,2024-13-40,CUST00351,PER,Postpaid,Data Bundle,Data 2GB Weekly,Agent Rep,2048,$8,Successful
TXN003558,18 May 2024,CUST00222,BNE,Postpaid,Recharge,Recharge $1,Online,,1,Successful
TXN002700,17/02/2024,CUST00676,VIC,Prepaid,Recharge,Recharge $20,app,, 20 ,Successful
TXN001302,2024-13-40,CUST00822,sydney,Prepaid,Recharge,Recharge $1,Website,,,Failed
TXN001297,26/07/2024,CUST00442,SYD,Postpaid,Voice Bundle,Voice 300min,Mobile App,,0.00,Failed
TXN002124,2024.08.18, CUST00441 ,sydney,Prepaid,Data Bundle,Data 1GB Daily,app,1024,,Failed
TXN003004,20/12/2024,CUST00603,VIC,Prepaid,Recharge,Recharge $2,Website,,$2,Successful
TXN002550,05-06-2024,CUST00433,,Prepaid,Recharge,Recharge $5,app,,$5,Successful
TXN004180,2024.07.04, CUST00811 ,Melbourne,Postpaid,Recharge,Recharge $5,agent,,,Failed
TXN000759,12/01/2024,CUST00507,Brisbane QLD,Prepaid,Recharge,Recharge $20,app,,AUD 20,Successful
TXN002368,07-26-2024,CUST00899,Brisbane QLD,Prepaid,Data Bundle,Data 2GB Weekly,App,2048,8,Successful
TXN002477,15 Mar 2024,CUST00317, Sydney ,Prepaid,SMS Bundle,SMS 200,Ussd,,0,Failed
TXN002652,2024.04.24,CUST00141,Perth,Prepaid,Recharge,Recharge $1,ussd,,1,Successful
TXN001318,09/09/2024,CUST00819,VIC,Prepaid,Data Bundle,Data 6GB Monthly,Web,6144,$25,Successful
TXN000074,13/05/2024,00491, Sydney ,Postpaid,Data Bundle,Data 40GB Monthly,app,40960, 110 ,Successful
TXN000026,10-01-2024,CUST00630, Sydney ,Prepaid,Recharge,Recharge $1,Online,,$1,Successful
TXN002647,14/08/2024,CUST00353,sydney,Prepaid,Recharge,Recharge $5,Mobile app,,AUD 5,Successful
TXN001127,23/07/2024,CUST00586,SYD,Prepaid,Voice Bundle,Voice 300min,ussd,,-11,Reversed
TXN001140,45576,CUST00459,perth,Prepaid,Data Bundle,Data 1GB Daily,ussd,1024, 3.50 ,Successful
TXN000506,08-20-2024, CUST00539 ,PTH,Prepaid,Recharge,Recharge $1,Web,,,Successful
TXN001561,12-17-2024,00096,,Prepaid,Recharge,Recharge $20,App,,AUD 20,Successful
TXN003498,03-08-2024,CUST00320,,Prepaid,Voice Bundle,Voice 100min,Mobile app,,AUD 4.50,Successful
TXN003141,25 Oct 2024,CUST00772,melbourne,Prepaid,Recharge,Recharge $5,U.S.S.D,, 5 ,Successful
TXN003494,24 Mar 2024,CUST00458,BNE,Prepaid,Recharge,Recharge $2,agent,, 2 ,Successful
TXN001121,2024.01.14,00751,perth,Postpaid,Data Bundle,Data 10GB Monthly,USSD,10240,35,Successful
TXN004083,01/12/2024,CUST00090,Melbourne,Prepaid,SMS Bundle,SMS 200,Online,,AUD 2.50,Successful
TXN000587,45548,CUST00342,Harbour City,Prepaid,SMS Bundle,SMS 200,agent,,2.50,Successful
TXN003468,2024.05.16,CUST00800,Brisbane QLD,Prepaid,Recharge,Recharge $2,MobileApp,,-AUD 2,Reversed
TXN000612,11 Oct 2024,00236,Melbourne,Prepaid,Recharge,Recharge $2,app,, 2 ,Successful
TXN004192,09/03/2024,CUST00130,Sydney NSW,Postpaid,Recharge,Recharge $20,agent,,"1,500",Successful
TXN001090,11-09-2024,CUST00723,Perth-WA,Postpaid,Data Bundle,Data 1GB Daily,agent rep,1024,AUD 3.50,Successful
TXN001536,24 Aug 2024,CUST00334,ADL,Prepaid,Recharge,Recharge $2,Agent Rep,,$2,Successful
TXN001409,2024.06.10,00724,,Prepaid,Data Bundle,Data 1GB Daily,MobileApp,1024,,Successful
TXN002614,2024.09.25,CUST00334,Adelaide,Prepaid,Recharge,Recharge $1,web,,1,Successful
TXN000349,05 Jul 2024,CUST00096,VIC,Prepaid,Data Bundle,Data 10GB Monthly,Online,10240, 35 ,Successful
TXN000886,01/03/2024,CUST00508,Adelaide SA,Prepaid,Data Bundle,Data 2GB Weekly,App,2048,AUD 8,Successful
TXN004160,26 Dec 2024,CUST00374,adelaide,Prepaid,Recharge,Recharge $2,Agent Rep,,AUD 2,Successful
TXN003689,02-18-2024,CUST00311,Sydney,Prepaid,Data Bundle,Data 1GB Daily,Website,1024,0.00,Failed
TXN000783,16 Jan 2024,CUST00880,ADL,Prepaid,Data Bundle,Data 2GB Weekly,App,2048,$8,Successful
TXN003886,07/04/2024,CUST00770,Sydney,Prepaid,Recharge,Recharge $2,agent rep,,AUD 2,Successful
TXN002949,23/09/2024,CUST00377,Melbourne,Prepaid,Recharge,Recharge $5,USSD Code,,$5,Successful
TXN000630,19/12/2024,CUST00756,Brisbane QLD,Prepaid,Data Bundle,Data 6GB Monthly,agent,6144,25,Successful
TXN003063,05-01-2024,CUST00147,Perth-WA,Prepaid,Recharge,Recharge $5,web,,$5,Successful
TXN002549,07-26-2024,CUST00234,,Prepaid,Recharge,Recharge $2,agent,, 2 ,Successful
TXN002458,07 Jan 2024,CUST00827,Adelaide,Prepaid,Recharge,Recharge $1,Agent,,AUD 1,Successful
TXN000409,15/02/2024,CUST00297,Harbour City,Prepaid,Recharge,Recharge $2,MobileApp,,AUD 2,Successful
TXN000165,11/11/2024,CUST00868,PTH,Prepaid,SMS Bundle,SMS 200,Online,,0.00,Failed
TXN003875,24/05/2024,CUST00098,VIC,Postpaid,Data Bundle,Data 1GB Daily,Website,1024,AUD 3.50,Successful
TXN002337,15/08/2024,CUST00761,Sydney NSW,Prepaid,Recharge,Recharge $1,Web,,1,Successful
TXN003720,12-23-2024,CUST00539,perth,Prepaid,Recharge,Recharge $1,Mobile App,,1,Successful
TXN001970,19 Feb 2024,CUST00353,Harbour City,Prepaid,Data Bundle,Data 1GB Daily,USSD Code,1024,(3.50),Reversed
TXN001650,01 Nov 2024, CUST00834 ,PER,Prepaid,SMS Bundle,SMS 200,USSD Code,,,Successful
TXN002860,15/11/2024, CUST00768 ,HBA,Prepaid,Recharge,Recharge $2,MobileApp,,$2,Successful
TXN002427,16/04/2024,CUST00091,perth,Prepaid,Recharge,Recharge $2,ussd,,-2,Reversed
TXN001088,09/12/2024,CUST00285,Perth,Postpaid,SMS Bundle,SMS 200,app,,$2.50,Successful
TXN004183,06-26-2024,CUST00699,Perth,Prepaid,Recharge,Recharge $2,Mobile app,,,Failed
TXN003129,2024.07.11, CUST00396 ,Canberra,Prepaid,Data Bundle,Data 10GB Monthly,App,10240, 35 ,Successful
TXN002873,11/05/2024,00760,Melbourne VIC,Prepaid,Recharge,Recharge $2,Agent Rep,,2,Successful
TXN002960,10/09/2024,CUST00865,BNE,Prepaid,Recharge,Recharge $2,Website,,,Successful
TXN001755,2024-13-40, CUST00537 ,BNE,Prepaid,Recharge,Recharge $5,USSD Code,,$5,Successful
TXN000295,21 Mar 2024,CUST00850,melbourne,Prepaid,Data Bundle,Data 2GB Weekly,Mobile app,2048,,Successful
TXN000966,45497,CUST00883, Sydney ,Prepaid,Recharge,Recharge $10,Website,, 10 ,Successful
TXN001823,23/06/2024,CUST00286,perth,Prepaid,Recharge,Recharge $1,Agent,,$1,Successful
TXN003872,21/07/2024,CUST00408,BNE,Prepaid,Recharge,Recharge $1,Agent Rep,,1,Successful
TXN002726,27/01/2024,CUST00297,Harbour City,Prepaid,Data Bundle,Data 2GB Weekly,U.S.S.D,2048,0,Failed
TXN002364,15/03/2024,CUST00626,brisbane,Prepaid,Data Bundle,Data 2GB Weekly,Online,2048, 8 ,Successful
TXN000529,13/02/2024,CUST00056,HBA,Prepaid,Data Bundle,Data 1GB Daily,Website,1024,$3.50,Successful
TXN001969,02/07/2024,CUST00505,hobart,Prepaid,Data Bundle,Data 1GB Daily,Agent Rep,1024,$3.50,Successful
TXN002238,10-25-2024,CUST00841,brisbane,Prepaid,Data Bundle,Data 2GB Weekly,ussd,2048,8,Successful
TXN000028,28/03/2024,CUST00553,Adelaide,Postpaid,Data Bundle,Data 2GB Weekly,agent rep,2048,8,Successful
TXN002970,04-25-2024,CUST00116,Sydney,Prepaid,SMS Bundle,SMS 200,Web,,2.50,Successful
TXN001674,16/08/2024,CUST00089,Harbour City,Prepaid,Recharge,Recharge $20,web,,0,Failed
TXN000275,2024.03.15,CUST00837,perth,Prepaid,Data Bundle,Data 6GB Monthly,agent,6144,$25,Successful
TXN001073,12/05/2024, CUST00276 ,perth,Prepaid,Recharge,Recharge $2,app,,$2,Successful
TXN001075,03-16-2024,CUST00442,Harbour City,Postpaid,Recharge,Recharge $20,Ussd,,,Failed
TXN003490,24/04/2024,CUST00308,BNE,Prepaid,Data Bundle,Data 2GB Weekly,USSD,2048,$8,Successful
TXN900008,2024.06.02,CUST00443,HBA,Prepaid,Recharge,Recharge $20,ussd,,20,Successful
TXN002893,13/12/2024,CUST00249,melbourne,Prepaid,Recharge,Recharge $20,Agent Rep,,$20,Successful
TXN002303,03-09-2024, CUST00055 ,VIC,Postpaid,Data Bundle,Data 40GB Monthly,Mobile app,40960, 110 ,Successful
TXN003370,45604,CUST00456,Melbourne,Postpaid,Voice Bundle,Voice 100min,Agent,,4.50,Successful
TXN003849,09/12/2024,CUST00580,ADL,Prepaid,Data Bundle,Data 2GB Weekly,agent rep,2048,0.00,Failed
TXN000586,03-13-2024,CUST00554,Perth,Postpaid,Data Bundle,Data 40GB Monthly,Agent,40960,(110),Reversed
TXN000838,20/11/2024, CUST00087 ,VIC,Prepaid,Data Bundle,Data 1GB Daily,USSD Code,1024,AUD 3.50,Successful
TXN000711,04/11/2024,00735,,Prepaid,Recharge,Recharge $5,Website,,$5,Successful
TXN003363,01/04/2024,CUST00621,Sydney,Prepaid,SMS Bundle,SMS 200,Agent,,,Failed
TXN003706,23 May 2024,CUST00447,SYD,Postpaid,Data Bundle,Data 10GB Monthly,Web,10240,0.00,Failed
TXN001251,2024.10.05,CUST00089, Sydney ,Prepaid,Recharge,Recharge $10,agent rep,,$10,Successful
TXN001438,18/03/2024, CUST00314 ,SYD,Prepaid,Recharge,Recharge $1,Online,, 1 ,Successful
TXN001554,,CUST00266,sydney,Prepaid,Recharge,Recharge $5,app,,AUD 5,Successful
TXN000817,21/05/2024,CUST00862,Melbourne,Postpaid,Recharge,Recharge $5,USSD,, 5 ,Successful
TXN001244,18/08/2024,CUST00899,Brisbane,Prepaid,Data Bundle,Data 1GB Daily,agent,1024,3.50,Successful
TXN002917,06 Nov 2024,CUST00093,melbourne,Prepaid,Voice Bundle,Voice 300min,Mobile app,,(11),Reversed
TXN000958,05/09/2024,CUST00054,SYD,Prepaid,Recharge,Recharge $1,App,,$1,Successful
TXN000303,21 Nov 2024,00575, Sydney ,Prepaid,Data Bundle,Data 2GB Weekly,Mobile app,2048,AUD 8,Successful
TXN002620,12/05/2024,CUST00719, Sydney ,Prepaid,Recharge,Recharge $10,Mobile App,,10,Successful
TXN003939,2024.03.24,CUST00529,Melbourne VIC,Prepaid,Recharge,Recharge $1,ussd,,AUD 1,Successful
TXN002679,06/08/2024,CUST00863,Adelaide,Prepaid,Recharge,Recharge $10,U.S.S.D,, 10 ,Successful
TXN002486,02/05/2024,CUST00481,PER,Prepaid,Recharge,Recharge $1,Web,, 1 ,Successful
TXN000881,08-18-2024,00319,,Prepaid,Recharge,Recharge $10,Agent,,10,Successful
TXN001064,24/10/2024,CUST00514,sydney,Postpaid,Recharge,Recharge $2,Ussd,,,Failed
TXN000873,02/02/2024,00593,Sydney NSW,Prepaid,Recharge,Recharge $5,USSD Code,,5,Successful
TXN003919,,CUST00877,BNE,Prepaid,Data Bundle,Data 10GB Monthly,Web,10240,0,Failed
TXN003410,12-19-2024,CUST00246,Sydney NSW,Prepaid,Data Bundle,Data 6GB Monthly,Agent,6144,$25,Successful
TXN003499,16/03/2024,00845,ADL,Prepaid,Data Bundle,Data 10GB Monthly,ussd,10240,35,Successful
TXN000924,2024.08.10,CUST00163,Harbour City,Prepaid,Recharge,Recharge $20,agent,,$20,Successful
TXN000060,05/10/2024,CUST00394,canberra,Prepaid,Recharge,Recharge $1,agent,,,Successful
TXN003595,17/09/2024,CUST00097,SYD,Postpaid,Data Bundle,Data 10GB Monthly,app,10240,35,Successful
TXN004089,11/02/2024,CUST00478,melbourne,Prepaid,SMS Bundle,SMS 200,Mobile app,,AUD 2.50,Successful
TXN001976,14/05/2024,CUST00890,perth,Prepaid,Recharge,Recharge $20,app,,$20,Successful
TXN000024,18/09/2024,CUST00475,CBR,Postpaid,Data Bundle,Data 1GB Daily,web,1024,3.50,Successful
TXN003180,11-09-2024,CUST00728,Brisbane QLD,Postpaid,Data Bundle,Data 1GB Daily,app,1024, 3.50 ,Successful
TXN003655,45445,00422,perth,Postpaid,Voice Bundle,Voice 300min,U.S.S.D,,11,Successful
TXN000684,04-24-2024,CUST00722,VIC,Prepaid,Recharge,Recharge $5,Agent Rep,,-AUD 5,Reversed
TXN002395,02/03/2024,CUST00900,,Prepaid,Data Bundle,Data 2GB Weekly,ussd,2048,AUD 8,Successful
TXN003345,02/03/2024,00601,HBA,Prepaid,Data Bundle,Data 6GB Monthly,ussd,6144,,Successful
TXN002141,2024.12.19,CUST00560,Brisbane QLD,Postpaid,Data Bundle,Data 1GB Daily,agent,1024,AUD 3.50,Successful
TXN002057,2024.07.08,CUST00112,BNE,Prepaid,Data Bundle,Data 1GB Daily,ussd,1024, 3.50 ,Successful
TXN002703,01-04-2024,CUST00079,Sydney NSW,Prepaid,Recharge,Recharge $10,App,,AUD 10,Successful
TXN000229,2024-13-40,CUST00672,Adelaide SA,Prepaid,Recharge,Recharge $2,ussd,,$2,Successful
TXN000490,23/10/2024,00185,sydney,Postpaid,Data Bundle,Data 1GB Daily,USSD,1024,-AUD 3.50,Reversed
TXN003829,2024.02.25,CUST00863,adelaide,Prepaid,Recharge,Recharge $2,MobileApp,, 2 ,Successful
TXN000830,03 Jul 2024,CUST00126,sydney,Prepaid,Recharge,Recharge $20,Online,,(20),Reversed
TXN003325,06 Oct 2024,CUST00558, Sydney ,Postpaid,Data Bundle,Data 40GB Monthly,Website,40960,110,Successful
TXN000386,05 Dec 2024,CUST00820,SYD,Prepaid,Recharge,Recharge $1,Mobile app,,$1,Successful
TXN002498,18/02/2024,CUST00791,MEL,Postpaid,Recharge,Recharge $1,Mobile app,,,Successful
TXN002284,16/02/2024,CUST00360,Sydney NSW,Prepaid,Data Bundle,Data 2GB Weekly,web,2048,,Failed
TXN000016,17/05/2024, CUST00169 ,SYD,Postpaid,Data Bundle,Data 10GB Monthly,Web,10240,$35,Successful
TXN002886,02/11/2024,00353,Sydney NSW,Prepaid,Voice Bundle,Voice 100min,agent rep,,0.00,Failed
TXN004164,26/04/2024,CUST00452,CBR,Prepaid,Recharge,Recharge $5,App,,AUD 5,Successful
TXN001389,09 Oct 2024,CUST00061,ADL,Prepaid,Data Bundle,Data 6GB Monthly,ussd,6144,$25,Successful
TXN003627,14/12/2024, CUST00626 ,Brisbane QLD,Prepaid,Recharge,Recharge $5,agent,, 5 ,Successful
TXN001589,2024-13-40,00146,SYD,Prepaid,Data Bundle,Data 6GB Monthly,MobileApp,6144,-AUD 25,Reversed
TXN004110,08/12/2024,00144,hobart,Prepaid,Recharge,Recharge $20,Agent,,$20,Successful
TXN001752,45581,CUST00869,canberra,Prepaid,Data Bundle,Data 1GB Daily,Website,1024,$3.50,Successful
TXN001151,24/02/2024,CUST00112,BNE,Prepaid,SMS Bundle,SMS 200,Online,,AUD 2.50,Successful
TXN001305,09-27-2024,CUST00507,Brisbane QLD,Prepaid,Voice Bundle,Voice 300min,Agent Rep,,11,Successful
TXN001232,12/10/2024,CUST00176,CBR,Prepaid,Data Bundle,Data 2GB Weekly,USSD Code,2048,AUD 8,Successful
TXN002745,07-04-2024,CUST00599,Brisbane,Postpaid,Recharge,Recharge $5,U.S.S.D,,,Successful
TXN001793,45509,CUST00744,Melbourne VIC,Prepaid,Data Bundle,Data 2GB Weekly,Website,2048,$8,Successful
TXN001270,07-22-2024,CUST00603,Melbourne,Prepaid,Recharge,Recharge $5,web,,$5,Successful
TXN003588,22/06/2024,00613,Adelaide SA,Prepaid,Data Bundle,Data 6GB Monthly,Web,6144, 25 ,Successful
TXN000498,2024.08.01,00082, Sydney ,Postpaid,Data Bundle,Data 6GB Monthly,Mobile App,6144,$25,Successful
TXN000353,23/03/2024,CUST00264,CBR,Prepaid,Recharge,Recharge $1,USSD,,$1,Successful
TXN001839,, CUST00481 ,Perth,Prepaid,Data Bundle,Data 1GB Daily,Ussd,1024,$3.50,Successful
TXN002910,05-17-2024,CUST00533,SYD,Prepaid,Data Bundle,Data 1GB Daily,App,1024,,Failed
TXN002491,05 Apr 2024,CUST00772,Melbourne VIC,Prepaid,SMS Bundle,SMS 200,App,,AUD 2.50,Successful
TXN000002,19 Feb 2024, CUST00788 ,melbourne,Postpaid,Data Bundle,Data 40GB Monthly,ussd,40960,110,Successful
TXN000286,23 Mar 2024, CUST00206 ,ADL,Prepaid,Recharge,Recharge $5,Mobile app,,AUD 5,Successful
TXN001647,19/11/2024,CUST00029,Sydney NSW,Prepaid,Data Bundle,Data 40GB Monthly,App,40960,$110,Successful
TXN000784,04-15-2024,CUST00089, Sydney ,Prepaid,Recharge,Recharge $10,Mobile app,,0.00,Failed
TXN003789,04/12/2024,CUST00440,Harbour City,Prepaid,Recharge,Recharge $1,App,,0.00,Failed
TXN003975,2024.01.02, CUST00297 , Sydney ,Prepaid,Recharge,Recharge $1,Ussd,,,Failed
TXN002397,45510,CUST00631,SYD,Prepaid,Recharge,Recharge $5,Agent,,$5,Successful
TXN000069,22 Jul 2024,CUST00586,Harbour City,Prepaid,Recharge,Recharge $2,web,,-2,Reversed
TXN000404,18/04/2024,CUST00353,Sydney NSW,Prepaid,Voice Bundle,Voice 300min,Online,,$11,Successful
TXN000798,18 Mar 2024,00633,VIC,Prepaid,Recharge,Recharge $2,Agent Rep,,$2,Successful
TXN900013,04/09/2024,CUST00133,ADL,Prepaid,Voice Bundle,Voice 100min,app,,4.50,Successful
TXN003603,20/09/2024,CUST00096,Melbourne,Prepaid,Voice Bundle,Voice 300min,Ussd,,AUD 11,Successful
TXN002024,45414, CUST00322 ,Perth-WA,Prepaid,Recharge,Recharge $10,U.S.S.D,,0.00,Failed
TXN000178,45484,CUST00540,PTH,Prepaid,Data Bundle,Data 10GB Monthly,MobileApp,10240,$35,Successful
TXN000954,09-25-2024,CUST00326,SYD,Prepaid,Data Bundle,Data 6GB Monthly,Agent,6144,$25,Successful
TXN002140,2024.07.19,CUST00700, Sydney ,Prepaid,Recharge,Recharge $10,Mobile App,, 10 ,Successful
TXN001201,45413,CUST00799, Sydney ,Prepaid,Recharge,Recharge $1,Online,,-1,Reversed
TXN003342,2024.02.15,CUST00310,PER,Prepaid,Data Bundle,Data 6GB Monthly,agent rep,6144,,Successful
TXN002301,12-01-2024,CUST00455,Sydney,Prepaid,Recharge,Recharge $1,Agent Rep,,,Successful
TXN001757,05-25-2024,CUST00081,Harbour City,Prepaid,Data Bundle,Data 1GB Daily,Website,1024,AUD 3.50,Successful
TXN002607,08/06/2024,CUST00775,Canberra,Prepaid,Data Bundle,Data 40GB Monthly,Mobile app,40960,AUD 110,Successful
TXN001578,03-06-2024,CUST00256, Sydney ,Prepaid,Recharge,Recharge $5,Web,,AUD 5,Successful
TXN002720,01-25-2024,CUST00138,Harbour City,Prepaid,Recharge,Recharge $1,Online,, 1 ,Successful
TXN002242,2024.08.24,CUST00392,Perth-WA,Prepaid,Recharge,Recharge $10,ussd,,AUD 10,Successful
TXN003401,02/05/2024,CUST00328,ADL,Prepaid,Data Bundle,Data 1GB Daily,web,1024,0.00,Failed
TXN002775,01/12/2024,CUST00353,sydney,Prepaid,Recharge,Recharge $1,Mobile App,,$1,Successful
TXN001508,01/09/2024,CUST00264,Canberra,Prepaid,Recharge,Recharge $5,agent rep,,$5,Successful
TXN001498,45614,CUST00267,Brisbane QLD,Prepaid,Data Bundle,Data 6GB Monthly,Ussd,6144,,Successful
TXN003213,03-19-2024,CUST00389,CBR,Postpaid,Data Bundle,Data 40GB Monthly,Web,40960,AUD 110,Successful
TXN002494,12/10/2024,CUST00183,Melbourne,Prepaid,Recharge,Recharge $5,agent rep,,AUD 5,Successful
TXN003221,19 Jul 2024,00539,PTH,Prepaid,Recharge,Recharge $1,Ussd,,1,Successful
TXN000539,2024.09.06, CUST00558 ,Sydney,Postpaid,Recharge,Recharge $2,Website,,AUD 2,Successful
TXN001331,26 Aug 2024,00109,Brisbane QLD,Prepaid,Data Bundle,Data 2GB Weekly,Agent Rep,2048,$8,Successful
TXN003837,02-19-2024,CUST00473,SYD,Prepaid,Recharge,Recharge $2,Mobile app,,$2,Successful
TXN002500,2024.08.24,CUST00235,Perth,Prepaid,Recharge,Recharge $5,agent rep,,,Failed
TXN001613,26 Dec 2024,CUST00300,sydney,Postpaid,Data Bundle,Data 2GB Weekly,Agent,2048,AUD 8,Successful
TXN001489,14/08/2024,00393,SYD,Postpaid,Recharge,Recharge $5,Mobile app,,,Failed
TXN002019,16/09/2024,CUST00085,Sydney,Prepaid,Data Bundle,Data 6GB Monthly,Agent Rep,6144,,Successful
TXN001745,05 Sep 2024,CUST00827,ADL,Prepaid,SMS Bundle,SMS 200,Online,,,Failed
TXN003481,22/05/2024, CUST00313 ,brisbane,Prepaid,Voice Bundle,Voice 100min,Web,,AUD 4.50,Successful
TXN001129,18 Nov 2024,CUST00189,Perth-WA,Prepaid,Recharge,Recharge $1,Website,,AUD 1,Successful
TXN003594,06/09/2024,CUST00012,Melbourne VIC,Prepaid,Data Bundle,Data 2GB Weekly,agent rep,2048,AUD 8,Successful
TXN003714,23/01/2024,CUST00316,canberra,Prepaid,Recharge,Recharge $10,ussd,,$10,Successful
TXN003124,08-15-2024,00877,,Prepaid,Recharge,Recharge $10,ussd,,$10,Successful
TXN002962,01/10/2024,CUST00700,Sydney NSW,Prepaid,Recharge,Recharge $2,ussd,,,Successful
TXN000949,25/03/2024, CUST00341 ,Perth-WA,Prepaid,SMS Bundle,SMS 200,USSD,,$2.50,Successful
TXN000511,09-11-2024,CUST00117,Brisbane,Prepaid,Data Bundle,Data 1GB Daily,App,1024,3.50,Successful
TXN001394,18/10/2024,CUST00144,Hobart,Prepaid,Recharge,Recharge $1,agent rep,,1,Successful
TXN001509,24/10/2024,CUST00373,Harbour City,Postpaid,Data Bundle,Data 2GB Weekly,Agent Rep,2048, 8 ,Successful
TXN002884,12/12/2024,CUST00178,canberra,Prepaid,Recharge,Recharge $2,app,,,Failed
TXN003352,12-21-2024,CUST00085,Harbour City,Prepaid,Recharge,Recharge $10,ussd,,$10,Successful
TXN001332,2024-13-40,CUST00221,Perth,Postpaid,Data Bundle,Data 10GB Monthly,USSD,10240,AUD 35,Successful
TXN001310,09/11/2024,CUST00511,sydney,Prepaid,Recharge,Recharge $5,Ussd,,AUD 5,Successful
TXN003583,03 Nov 2024,00572,Melbourne,Prepaid,Data Bundle,Data 40GB Monthly,agent,40960,110,Successful
TXN003259,17/03/2024,CUST00882,BNE,Prepaid,Recharge,Recharge $10,Mobile app,,10,Successful
TXN002881,01-01-2024,00174,CBR,Prepaid,Voice Bundle,Voice 300min,Mobile app,,$11,Successful
TXN002909,05-23-2024,CUST00170,Melbourne,Prepaid,Recharge,Recharge $5,ussd,,,Successful
TXN003046,01-24-2024,CUST00500,Canberra,Postpaid,Data Bundle,Data 2GB Weekly,App,2048,8,Successful
TXN002813,15/03/2024, CUST00079 , Sydney ,Prepaid,Recharge,Recharge $5,Ussd,,0,Failed
TXN002540,03/08/2024,CUST00588,sydney,Prepaid,Recharge,Recharge $5,agent,,-5,Reversed
TXN002670,24/07/2024,CUST00753,Adelaide,Prepaid,Recharge,Recharge $2,USSD Code,,$2,Successful
TXN003622,28/11/2024,CUST00894,perth,Prepaid,Recharge,Recharge $1,web,,$1,Successful
TXN003120,02/05/2024,CUST00070,adelaide,Prepaid,Recharge,Recharge $1,Agent,, 1 ,Successful
TXN003601,19/08/2024,CUST00009, Sydney ,Prepaid,Recharge,Recharge $5,USSD Code,,-AUD 5,Reversed
TXN000664,01-11-2024,CUST00596,perth,Prepaid,Data Bundle,Data 2GB Weekly,USSD Code,2048,,Successful
TXN002823,26 Aug 2024,00401,sydney,Prepaid,Data Bundle,Data 2GB Weekly,agent rep,2048,AUD 8,Successful
TXN000574,22/07/2024,CUST00321,CBR,Prepaid,Recharge,Recharge $1,U.S.S.D,, 1 ,Successful
TXN003453,01 Jun 2024,CUST00788,Melbourne VIC,Postpaid,Data Bundle,Data 10GB Monthly,Ussd,10240,,Failed
TXN900005,01/12/2024,00644,Hobart,Postpaid,Recharge,Recharge $2,ussd,,AUD 2,Successful
TXN003910,2024.07.18,CUST00179,CBR,Prepaid,Recharge,Recharge $5,USSD Code,,AUD 5,Successful
TXN003548,14 Feb 2024,CUST00769,HBA,Prepaid,Recharge,Recharge $5,web,,5,Successful
TXN002999,13 Jan 2024,CUST00439, Sydney ,Postpaid,Data Bundle,Data 40GB Monthly,Web,40960,,Successful
TXN003769,01 Jan 2024,CUST00455, Sydney ,Prepaid,Recharge,Recharge $2,Website,,$2,Successful
TXN003805,2024.07.28,00289,Brisbane,Prepaid,Data Bundle,Data 1GB Daily,ussd,1024, 3.50 ,Successful
TXN002188,11/03/2024,CUST00072,SYD,Postpaid,Voice Bundle,Voice 300min,web,,11,Successful
TXN003992,2024.12.15,CUST00026,MEL,Prepaid,Data Bundle,Data 6GB Monthly,App,6144, 25 ,Successful
TXN002046,23 May 2024,CUST00602,Brisbane QLD,Prepaid,Data Bundle,Data 6GB Monthly,U.S.S.D,6144,$25,Successful
TXN000283,2024.11.14,CUST00517,perth,Prepaid,Data Bundle,Data 2GB Weekly,Online,2048,$8,Successful
TXN000259,45408,CUST00873,CBR,Postpaid,Data Bundle,Data 1GB Daily,USSD Code,1024,$3.50,Successful
TXN003691,26/12/2024,CUST00633,MEL,Prepaid,Recharge,Recharge $10,Web,,(10),Reversed
TXN001812,05-11-2024, CUST00466 , Sydney ,Prepaid,SMS Bundle,SMS 200,Agent Rep,,,Failed
TXN001798,,CUST00872,VIC,Prepaid,Data Bundle,Data 2GB Weekly,Online,2048,-AUD 8,Reversed
TXN003115,23/01/2024, CUST00258 ,ADL,Postpaid,Data Bundle,Data 10GB Monthly,App,10240,$35,Successful
TXN000726,08/10/2024,CUST00826,Brisbane,Prepaid,Recharge,Recharge $2,agent rep,,,Successful
TXN001637,15/03/2024,CUST00406,VIC,Prepaid,Data Bundle,Data 2GB Weekly,MobileApp,2048,$8,Successful
TXN000678,28/02/2024,CUST00030,SYD,Prepaid,SMS Bundle,SMS 200,MobileApp,,(2.50),Reversed
TXN002984,,CUST00434,Sydney,Prepaid,Data Bundle,Data 1GB Daily,Ussd,1024,$3.50,Successful
TXN001153,2024.04.02, CUST00118 ,Harbour City,Prepaid,SMS Bundle,SMS 200,App,,0.00,Failed
TXN001347,27/10/2024,CUST00742,Harbour City,Prepaid,Recharge,Recharge $2,Agent Rep,,0.00,Failed
TXN000056,12-08-2024,CUST00541,VIC,Prepaid,Voice Bundle,Voice 100min,Web,,$4.50,Successful
TXN003598,09-22-2024,CUST00160,Harbour City,Postpaid,Data Bundle,Data 10GB Monthly,agent rep,10240,,Failed
TXN001412,2024.01.12,CUST00183,Melbourne,Prepaid,Data Bundle,Data 2GB Weekly,MobileApp,2048, 8 ,Successful
TXN003289,45460,CUST00447, Sydney ,Postpaid,Data Bundle,Data 40GB Monthly,Website,40960,-AUD 110,Reversed
TXN002215,20 Feb 2024,CUST00433,SYD,Prepaid,Recharge,Recharge $2,U.S.S.D,,2,Successful
TXN000086,2024.09.11, CUST00740 ,brisbane,Postpaid,Recharge,Recharge $2,USSD Code,,2,Successful
TXN001362,2024.06.16,CUST00272,SYD,Prepaid,Recharge,Recharge $20,USSD,,0.00,Failed
TXN000889,21/06/2024,CUST00298,VIC,Postpaid,Data Bundle,Data 40GB Monthly,ussd,40960,0.00,Failed
TXN003582,06-09-2024,00109,BNE,Prepaid,Data Bundle,Data 1GB Daily,Agent Rep,1024,AUD 3.50,Successful
TXN001820,26/10/2024,CUST00235,Perth,Prepaid,Recharge,Recharge $1,Mobile app,,1,Successful
TXN001973,08/10/2024,CUST00136,Adelaide,Prepaid,Recharge,Recharge $1,Website,,-1,Reversed
TXN002547,21/11/2024,CUST00157,SYD,Prepaid,Data Bundle,Data 2GB Weekly,agent rep,2048, 8 ,Successful
TXN000715,27/09/2024,CUST00219,SYD,Postpaid,Recharge,Recharge $10,web,,$10,Successful
TXN004074,07-14-2024,CUST00328,adelaide,Prepaid,Recharge,Recharge $10,Mobile app,,10,Successful
TXN001057,2024.03.12,CUST00740,Brisbane,Postpaid,Data Bundle,Data 1GB Daily,Mobile App,1024,$3.50,Successful
TXN002287,45339,CUST00827,Adelaide SA,Prepaid,Recharge,Recharge $2,Web,,AUD 2,Successful
TXN004139,05-07-2024,CUST00182,Brisbane,Prepaid,Recharge,Recharge $10,web,, 10 ,Successful
TXN900027,2024.01.27,CUST00079,Sydney NSW,Prepaid,Data Bundle,Data 6GB Monthly,App,6144,25,Successful
TXN002208,11/07/2024,CUST00641,Harbour City,Prepaid,Data Bundle,Data 2GB Weekly,Mobile App,2048,8,Successful
TXN002849,45548,CUST00457,Sydney NSW,Prepaid,Recharge,Recharge $2,MobileApp,,AUD 2,Successful
TXN000618,17 Jun 2024, CUST00089 ,sydney,Prepaid,SMS Bundle,SMS 200,Web,,$2.50,Successful
TXN003466,45400,CUST00390,MEL,Prepaid,Data Bundle,Data 1GB Daily,USSD,1024,3.50,Successful
TXN000124,2024.10.25,CUST00392,Perth-WA,Prepaid,SMS Bundle,SMS 200,USSD Code,,$2.50,Successful
TXN003705,08-09-2024,CUST00736,Canberra,Prepaid,Recharge,Recharge $20,agent rep,,$20,Successful
TXN000335,19/10/2024,CUST00855,Sydney NSW,Postpaid,Recharge,Recharge $5,agent rep,,AUD 5,Successful
TXN003360,05/05/2024,CUST00210,hobart,Prepaid,Data Bundle,Data 2GB Weekly,Agent,2048,,Successful
TXN000305,10-01-2024,CUST00554,PER,Postpaid,Data Bundle,Data 40GB Monthly,web,40960,110,Successful
TXN002773,17 Jul 2024,CUST00035, Sydney ,Prepaid,Recharge,Recharge $2,app,,(2),Reversed
TXN000981,12-04-2024,CUST00642,PER,Prepaid,Recharge,Recharge $1,USSD Code,,,Failed
TXN003985,2024.03.21,00092,CBR,Prepaid,Recharge,Recharge $1,USSD Code,,,Successful
TXN000176,19 Aug 2024,CUST00582,Perth,Prepaid,SMS Bundle,SMS 200,Website,,AUD 2.50,Successful
TXN000582,14/07/2024,CUST00148,Adelaide SA,Prepaid,Data Bundle,Data 2GB Weekly,Agent Rep,2048,,Successful
TXN003300,15 Dec 2024,CUST00873,CBR,Postpaid,Recharge,Recharge $2,web,, 2 ,Successful
TXN001617,26/07/2024,CUST00632,Sydney,Postpaid,Voice Bundle,Voice 100min,ussd,,0.00,Failed
TXN001195,23 Nov 2024,CUST00704,hobart,Prepaid,Recharge,Recharge $1,agent,, 1 ,Successful
TXN002877,06-14-2024,CUST00851,Brisbane,Prepaid,Data Bundle,Data 2GB Weekly,Web,2048,$8,Successful
TXN001825,45373,CUST00681,sydney,Postpaid,Data Bundle,Data 6GB Monthly,App,6144,$25,Successful
TXN001880,16/07/2024,CUST00171,adelaide,Prepaid,Recharge,Recharge $1,Agent,,-1,Reversed
TXN001982,09-09-2024,00206,ADL,Prepaid,Recharge,Recharge $2,web,, 2 ,Successful
TXN001862,06-07-2024,CUST00859,canberra,Prepaid,Data Bundle,Data 2GB Weekly,Online,2048,8,Successful
TXN001351,19/07/2024,CUST00441,Harbour City,Prepaid,Recharge,Recharge $1,USSD,,-1,Reversed
TXN004026,23 Oct 2024,CUST00269,Harbour City,Prepaid,Data Bundle,Data 1GB Daily,MobileApp,1024, 3.50 ,Successful
TXN000410,01-02-2024,CUST00329,SYD,Prepaid,Recharge,Recharge $2,Agent,,0.00,Failed
TXN000676,02-09-2024,CUST00481,Perth-WA,Prepaid,Recharge,Recharge $5,USSD Code,,,Failed
TXN000298,,CUST00165,Adelaide,Postpaid,Data Bundle,Data 2GB Weekly,USSD,2048, 8 ,Successful
TXN000926,19/05/2024,CUST00539,Perth,Prepaid,Recharge,Recharge $10,ussd,,0,Failed
TXN000023,45417, CUST00551 ,SYD,Prepaid,Data Bundle,Data 10GB Monthly,Agent,10240,$35,Successful
TXN003037,19/04/2024,CUST00052,Perth,Prepaid,Data Bundle,Data 10GB Monthly,Agent,10240,,Failed
TXN002971,2024.03.20,CUST00614,Adelaide SA,Prepaid,Data Bundle,Data 1GB Daily,agent,1024, 3.50 ,Successful
TXN000729,2024.06.12,CUST00372,Sydney NSW,Prepaid,Data Bundle,Data 2GB Weekly,Ussd,2048,AUD 8,Successful
TXN001308,2024.12.08,CUST00862,MEL,Postpaid,Data Bundle,Data 6GB Monthly,Mobile app,6144,$25,Successful
TXN000672,04-12-2024,CUST00357,CBR,Prepaid,Recharge,Recharge $10,Agent,,$10,Successful
TXN001673,11-09-2024,CUST00292,Adelaide,Prepaid,Recharge,Recharge $1,Mobile App,, 1 ,Successful
TXN001200,2024.10.12,CUST00440,Harbour City,Prepaid,Recharge,Recharge $2,Mobile app,, 2 ,Successful
TXN002230,45329,CUST00180,Sydney,Prepaid,Data Bundle,Data 1GB Daily,agent,1024,0,Failed
TXN001278,,CUST00599,BNE,Postpaid,Recharge,Recharge $1,Mobile app,,AUD 1,Successful
TXN000294,01-24-2024,CUST00566,Perth,Prepaid,Data Bundle,Data 1GB Daily,Online,1024,3.50,Successful
TXN002250,03/12/2024,CUST00151,hobart,Prepaid,Data Bundle,Data 6GB Monthly,agent rep,6144,,Successful
TXN003220,19/07/2024,CUST00704,HBA,Prepaid,Recharge,Recharge $5,Web,,$5,Successful
TXN000127,10-12-2024,CUST00604,Sydney,Prepaid,Data Bundle,Data 6GB Monthly,ussd,6144,0.00,Failed
TXN002580,11/08/2024,CUST00899,Brisbane,Prepaid,Recharge,Recharge $2,Website,,2,Successful
TXN002248,01/09/2024,CUST00677,canberra,Postpaid,Data Bundle,Data 10GB Monthly,U.S.S.D,10240,AUD 35,Successful
TXN003082,08-07-2024,CUST00127, Sydney ,Prepaid,Data Bundle,Data 1GB Daily,Website,1024,(3.50),Reversed
TXN002958,2024-13-40,CUST00483,Harbour City,Prepaid,Recharge,Recharge $5,Online,,AUD 5,Successful
TXN000693,01/12/2024,00644,Hobart,Postpaid,Recharge,Recharge $2,ussd,,AUD 2,Successful
TXN000687,05-01-2024,CUST00696,Melbourne,Prepaid,Data Bundle,Data 2GB Weekly,ussd,2048,$8,Successful
TXN000818,45406,CUST00460,Perth,Prepaid,Recharge,Recharge $5,app,,,Successful
TXN000217,10-17-2024,CUST00139,,Prepaid,Recharge,Recharge $2,App,,$2,Successful
TXN000153,08 Jan 2024,CUST00096,Melbourne,Prepaid,Data Bundle,Data 2GB Weekly,USSD Code,2048,$8,Successful
TXN003580,45523,CUST00697,Sydney NSW,Prepaid,Data Bundle,Data 10GB Monthly,Agent,10240,,Failed
TXN001993,24/07/2024,CUST00423,Hobart,Postpaid,Data Bundle,Data 10GB Monthly,web,10240,$35,Successful
TXN003116,27/12/2024,CUST00141,PTH,Prepaid,Data Bundle,Data 2GB Weekly,Online,2048,,Successful
TXN002009,13/06/2024,CUST00201,melbourne,Prepaid,Voice Bundle,Voice 300min,U.S.S.D,,$11,Successful
TXN000479,45512,CUST00621,Harbour City,Prepaid,Recharge,Recharge $2,USSD Code,,0.00,Failed
TXN001283,09-08-2024,CUST00449,VIC,Prepaid,Recharge,Recharge $2,Mobile App,,$2,Successful
TXN001605,09 Oct 2024,CUST00863,Adelaide,Prepaid,Recharge,Recharge $20,agent rep,,$20,Successful
TXN003017,04/12/2024,00624,Sydney,Postpaid,Data Bundle,Data 6GB Monthly,app,6144,,Successful
TXN001667,08-20-2024,CUST00146, Sydney ,Prepaid,Voice Bundle,Voice 100min,Agent,, 4.50 ,Successful
TXN003531,08/11/2024,CUST00761,Sydney NSW,Prepaid,Data Bundle,Data 1GB Daily,Mobile app,1024,0.00,Failed
TXN000813,13/10/2024,CUST00832,melbourne,Prepaid,Recharge,Recharge $5,Agent Rep,,,Failed
TXN000251,14/09/2024, CUST00050 ,CBR,Postpaid,Recharge,Recharge $5,app,,5,Successful
TXN000844,2024.07.17,CUST00505,HBA,Prepaid,Recharge,Recharge $2,Web,,AUD 2,Successful
TXN002126,11-14-2024,CUST00679,SYD,Prepaid,Data Bundle,Data 2GB Weekly,Agent,2048,(8),Reversed
TXN003353,10/05/2024,CUST00292,adelaide,Prepaid,Recharge,Recharge $5,USSD Code,,5,Successful
TXN002033,16 Dec 2024,CUST00561,hobart,Postpaid,Recharge,Recharge $5,Mobile app,, 5 ,Successful
TXN000968,19/05/2024,CUST00128,Canberra,Postpaid,Data Bundle,Data 40GB Monthly,Agent,40960, 110 ,Successful
TXN003903,08-01-2024,00147,Perth,Prepaid,Data Bundle,Data 2GB Weekly,web,2048,$8,Successful
TXN000973,03/09/2024,CUST00408,Brisbane QLD,Prepaid,Recharge,Recharge $2,Website,,2,Successful
TXN001897,26/10/2024,CUST00272,Harbour City,Prepaid,Recharge,Recharge $10,Website,,$10,Successful
TXN002236,02-15-2024, CUST00815 ,Sydney NSW,Prepaid,Data Bundle,Data 2GB Weekly,Agent Rep,2048,0.00,Failed
TXN000247,12-05-2024,CUST00445,VIC,Prepaid,Recharge,Recharge $20,App,,$20,Successful
TXN002705,02-07-2024,CUST00002, Sydney ,Prepaid,Recharge,Recharge $2,Web,, 2 ,Successful
TXN002204,45333,CUST00458,Brisbane QLD,Prepaid,Voice Bundle,Voice 300min,Mobile App,, 11 ,Successful
TXN002655,2024.10.18,CUST00436,BNE,Prepaid,Data Bundle,Data 6GB Monthly,agent rep,6144,AUD 25,Successful
TXN003093,04-05-2024,CUST00529,VIC,Prepaid,Recharge,Recharge $20,app,,,Failed
TXN004175,06/03/2024,CUST00611,brisbane,Prepaid,Recharge,Recharge $5,USSD Code,,AUD 5,Successful
TXN002332,02/02/2024, CUST00816 ,SYD,Prepaid,Voice Bundle,Voice 100min,agent rep,,-AUD 4.50,Reversed
TXN004072,12-06-2024, CUST00509 , Sydney ,Prepaid,Voice Bundle,Voice 100min,agent rep,,0.00,Failed
TXN003091,05/02/2024,CUST00668,Perth,Prepaid,Recharge,Recharge $2,Agent,,AUD 2,Successful
TXN003404,17/12/2024,CUST00415,Brisbane QLD,Postpaid,Data Bundle,Data 10GB Monthly,ussd,10240, 35 ,Successful
TXN001506,2024.04.23,CUST00731,Melbourne,Prepaid,Data Bundle,Data 1GB Daily,Online,1024, 3.50 ,Successful
TXN001346,24/09/2024,CUST00419,Perth,Prepaid,Data Bundle,Data 6GB Monthly,Mobile app,6144,$25,Successful
TXN003556,14/12/2024,00213,Melbourne VIC,Prepaid,Recharge,Recharge $1,agent,,AUD 1,Successful
TXN000976,24/02/2024,CUST00834,Perth-WA,Prepaid,Data Bundle,Data 6GB Monthly,ussd,6144,$25,Successful
TXN003211,28 Jun 2024,CUST00065,HBA,Postpaid,Data Bundle,Data 1GB Daily,Mobile App,1024,AUD 3.50,Successful
TXN001646,06 May 2024,CUST00700,Sydney,Prepaid,Recharge,Recharge $1,Agent Rep,,(1),Reversed
TXN001680,10-01-2024,CUST00674,canberra,Postpaid,Voice Bundle,Voice 100min,Agent,,AUD 4.50,Successful
TXN003901,20/04/2024,CUST00362,Adelaide,Prepaid,Recharge,Recharge $2,Mobile App,, 2 ,Successful
TXN000123,24 May 2024,CUST00235,perth,Prepaid,Recharge,Recharge $5,app,,5,Successful
TXN001535,09-09-2024,CUST00214,PER,Prepaid,Recharge,Recharge $5,Web,,$5,Successful
TXN003630,08-03-2024, CUST00815 ,Sydney,Prepaid,Data Bundle,Data 2GB Weekly,agent rep,2048,AUD 8,Successful
TXN003792,05-20-2024,CUST00864,BNE,Prepaid,SMS Bundle,SMS 200,Website,,AUD 2.50,Successful
TXN003801,2024.07.25,00521,Adelaide SA,Prepaid,Recharge,Recharge $5,Ussd,,$5,Successful
TXN002101,05-17-2024,CUST00024,SYD,Prepaid,Recharge,Recharge $2,App,,,Successful
TXN000870,21/01/2024,CUST00319,Sydney,Prepaid,Recharge,Recharge $20,Agent,,20,Successful
TXN003642,2024.07.27,00091,Perth-WA,Prepaid,Recharge,Recharge $1,Ussd,,$1,Successful
TXN001031,28/02/2024, CUST00193 ,VIC,Prepaid,Data Bundle,Data 1GB Daily,agent,1024,$3.50,Successful
TXN002695,23/02/2024,CUST00451,Canberra,Prepaid,Data Bundle,Data 2GB Weekly,App,2048,AUD 8,Successful
TXN000757,12-18-2024,CUST00783,Canberra,Prepaid,Data Bundle,Data 10GB Monthly,Mobile App,10240,0,Failed
TXN001999,14/04/2024,CUST00590,PER,Prepaid,SMS Bundle,SMS 200,Mobile app,,2.50,Successful
TXN001157,2024.06.07,CUST00893,,Prepaid,Recharge,Recharge $2,USSD,,2,Successful
TXN002116,26/01/2024,CUST00757,PTH,Postpaid,Data Bundle,Data 6GB Monthly,web,6144,AUD 25,Successful
TXN003361,28/03/2024,CUST00600,hobart,Prepaid,Data Bundle,Data 10GB Monthly,agent rep,10240, 35 ,Successful
TXN000333,45373,CUST00379,brisbane,Prepaid,Voice Bundle,Voice 100min,Web,,AUD 4.50,Successful
TXN001593,2024.05.17,CUST00304,Melbourne,Prepaid,Recharge,Recharge $10,agent rep,,10,Successful
TXN002385,05-22-2024,CUST00699,Perth,Prepaid,Recharge,Recharge $2,Agent,,,Failed
TXN002961,,CUST00061,adelaide,Prepaid,Data Bundle,Data 6GB Monthly,Website,6144,$25,Successful
TXN001576,2024.07.27,CUST00490, Sydney ,Prepaid,Recharge,Recharge $1,Mobile app,, 1 ,Successful
TXN003208,14/08/2024,CUST00434, Sydney ,Prepaid,Data Bundle,Data 1GB Daily,web,1024,0,Failed
TXN000473,10 Mar 2024,CUST00587,sydney,Prepaid,Recharge,Recharge $10,MobileApp,,0.00,Failed
TXN000902,03-27-2024,CUST00586,Harbour City,Prepaid,Data Bundle,Data 1GB Daily,USSD,1024,,Failed
TXN000866,12-14-2024,CUST00875,Sydney NSW,Prepaid,Recharge,Recharge $1,web,,$1,Successful
TXN004025,09-21-2024,00065,hobart,Postpaid,Voice Bundle,Voice 100min,Online,,AUD 4.50,Successful
TXN002526,10/04/2024,CUST00772,melbourne,Prepaid,Recharge,Recharge $5,Ussd,,$5,Successful
TXN001330,12 Jan 2024,CUST00637,sydney,Prepaid,Voice Bundle,Voice 300min,U.S.S.D,,11,Successful
TXN001343,45538,CUST00025,perth,Prepaid,Voice Bundle,Voice 100min,web,,AUD 4.50,Successful
TXN000742,18/12/2024,CUST00022,SYD,Prepaid,Data Bundle,Data 1GB Daily,Website,1024, 3.50 ,Successful
TXN004129,08/09/2024,CUST00774,hobart,Prepaid,Data Bundle,Data 1GB Daily,Mobile app,1024,AUD 3.50,Successful
TXN003942,2024.05.09,CUST00267,Brisbane QLD,Prepaid,SMS Bundle,SMS 200,web,,2.50,Successful
TXN002181,06/06/2024, CUST00759 ,BNE,Prepaid,Recharge,Recharge $10,USSD,,10,Successful
TXN004131,03/01/2024,CUST00230,brisbane,Prepaid,Voice Bundle,Voice 300min,Ussd,,0.00,Failed
TXN003485,03-10-2024,CUST00519,SYD,Prepaid,Data Bundle,Data 40GB Monthly,Agent,40960,110,Successful
TXN001629,04-26-2024,CUST00765,VIC,Postpaid,Voice Bundle,Voice 100min,Agent Rep,,$4.50,Successful
TXN003350,07-12-2024,CUST00066,Harbour City,Prepaid,Recharge,Recharge $5,Mobile app,,$5,Successful
TXN002439,01/06/2024,CUST00122,Brisbane,Postpaid,Data Bundle,Data 40GB Monthly,agent rep,40960,AUD 110,Successful
TXN001150,01-13-2024,CUST00875,SYD,Prepaid,Recharge,Recharge $1,web,,$1,Successful
TXN003631,10 Jun 2024,CUST00821,sydney,Prepaid,Recharge,Recharge $1,Mobile App,,,Failed
TXN003787,22/12/2024,CUST00186,brisbane,Prepaid,Voice Bundle,Voice 100min,agent,,4.50,Successful
TXN000257,25 Dec 2024, CUST00153 ,Sydney,Prepaid,Data Bundle,Data 2GB Weekly,Agent,2048,0,Failed
TXN002599,2024.03.04,CUST00545,MEL,Prepaid,Recharge,Recharge $20,USSD,,AUD 20,Successful
TXN000634,12-15-2024,CUST00193,MEL,Prepaid,Recharge,Recharge $10,USSD Code,, 10 ,Successful
TXN002947,07-15-2024,CUST00085,Harbour City,Prepaid,Recharge,Recharge $5,web,,$5,Successful
TXN002338,22 Dec 2024,CUST00444,Harbour City,Prepaid,Recharge,Recharge $2,Web,,0.00,Failed
TXN003590,2024.12.20,00576,Sydney,Prepaid,Recharge,Recharge $2,Website,,0,Failed
TXN000778,25/10/2024,CUST00602,Brisbane QLD,Prepaid,Data Bundle,Data 1GB Daily,App,1024, 3.50 ,Successful
TXN004146,45435,CUST00343, Sydney ,Prepaid,Recharge,Recharge $20,USSD Code,,$20,Successful
TXN002102,2024.06.03,CUST00208,Sydney,Prepaid,Recharge,Recharge $5,App,,5,Successful
TXN000558,09-26-2024,CUST00701, Sydney ,Prepaid,Data Bundle,Data 1GB Daily,USSD Code,1024,AUD 3.50,Successful
TXN001851,02 Nov 2024,CUST00779,Sydney,Prepaid,Recharge,Recharge $1,Agent,,0.00,Failed
TXN001986,2024.04.22,CUST00830,CBR,Prepaid,Data Bundle,Data 1GB Daily,app,1024,,Successful
TXN002089,2024-13-40,CUST00258,ADL,Postpaid,Data Bundle,Data 6GB Monthly,Agent,6144,AUD 25,Successful
TXN003238,25 Jan 2024, CUST00871 ,Harbour City,Prepaid,Data Bundle,Data 1GB Daily,U.S.S.D,1024,0,Failed
TXN000262,2024-13-40,CUST00279, Sydney ,Postpaid,Data Bundle,Data 1GB Daily,MobileApp,1024,3.50,Successful
TXN002667,23/02/2024,CUST00186,BNE,Prepaid,Recharge,Recharge $5,agent rep,,,Successful
TXN002132,16/08/2024,CUST00507,Brisbane,Prepaid,Recharge,Recharge $2,web,,2,Successful
TXN003592,07-03-2024,CUST00411,adelaide,Prepaid,SMS Bundle,SMS 200,Website,,$2.50,Successful
TXN003625,17/07/2024,CUST00079,SYD,Prepaid,Data Bundle,Data 2GB Weekly,Agent Rep,2048,8,Successful
TXN001890,11/06/2024,CUST00025,Perth,Prepaid,Recharge,Recharge $5,Agent,,,Successful
TXN003033,09/05/2024,CUST00361, Sydney ,Postpaid,Voice Bundle,Voice 100min,agent rep,,$4.50,Successful
TXN002079,02-14-2024,00800,BNE,Prepaid,Data Bundle,Data 1GB Daily,web,1024, 3.50 ,Successful
TXN003168,2024.11.24,00648,Melbourne,Prepaid,Voice Bundle,Voice 100min,Mobile app,,$4.50,Successful
TXN003619,17 Feb 2024,CUST00281,Melbourne,Prepaid,SMS Bundle,SMS 200,Website,,$2.50,Successful
TXN004105,07/07/2024,CUST00504, Sydney ,Prepaid,Recharge,Recharge $2,Agent Rep,,,Failed
TXN000209,2024.08.25,CUST00581,melbourne,Prepaid,Recharge,Recharge $1,agent rep,,,Successful
TXN004008,03-11-2024,CUST00894,perth,Prepaid,Recharge,Recharge $1,Ussd,,,Successful
TXN001914,10/04/2024,CUST00111,CBR,Prepaid,Data Bundle,Data 1GB Daily,agent,1024,$3.50,Successful
TXN001607,09/06/2024,CUST00606, Sydney ,Prepaid,Data Bundle,Data 10GB Monthly,Online,10240, 35 ,Successful
TXN001021,19/08/2024,CUST00024,SYD,Prepaid,Data Bundle,Data 2GB Weekly,MobileApp,2048,,Failed
TXN004007,2024.12.14,CUST00451,canberra,Prepaid,Recharge,Recharge $5,Web,, 5 ,Successful
TXN001404,21/07/2024,CUST00817,Perth-WA,Postpaid,Data Bundle,Data 6GB Monthly,Agent,6144,,Successful
TXN003059,11 Jun 2024,CUST00530,perth,Prepaid,Recharge,Recharge $2,app,,2,Successful
TXN002727,2024.07.20,CUST00111,Canberra,Prepaid,Recharge,Recharge $2,Online,,$2,Successful
TXN002097,15 Dec 2024,CUST00018,Melbourne,Prepaid,Recharge,Recharge $5,web,,5,Successful
TXN000210,12/07/2024,CUST00889,sydney,Prepaid,Recharge,Recharge $5,web,,$5,Successful
TXN002942,11/07/2024,CUST00233,Brisbane,Prepaid,Recharge,Recharge $5,Agent,,$5,Successful
TXN000154,, CUST00595 ,brisbane,Prepaid,Recharge,Recharge $10,USSD Code,,AUD 10,Successful
TXN003715,15/03/2024,CUST00371,PTH,Postpaid,Data Bundle,Data 10GB Monthly,USSD,10240,AUD 35,Successful
TXN001591,22/03/2024,CUST00384,Melbourne,Prepaid,Data Bundle,Data 1GB Daily,Mobile App,1024,3.50,Successful
TXN002443,22/12/2024,CUST00401,sydney,Prepaid,Data Bundle,Data 6GB Monthly,Website,6144,25,Successful
TXN001148,22/11/2024,CUST00270,ADL,Prepaid,SMS Bundle,SMS 200,Mobile app,,0.00,Failed
TXN001968,17/01/2024,CUST00418,perth,Prepaid,Data Bundle,Data 6GB Monthly,app,6144,$25,Successful
TXN002317,12-09-2024,CUST00354,ADL,Prepaid,Voice Bundle,Voice 300min,Agent Rep,,,Successful
TXN002434,04/12/2024,CUST00408,Brisbane QLD,Prepaid,Recharge,Recharge $2,Ussd,,AUD 2,Successful
TXN001634,2024-13-40,CUST00067,Hobart,Postpaid,Data Bundle,Data 2GB Weekly,Agent Rep,2048,8,Successful
TXN002090,07-21-2024,CUST00871,Harbour City,Prepaid,Recharge,Recharge $1,Web,,$1,Successful
TXN000598,24/11/2024,CUST00831,Canberra,Prepaid,Recharge,Recharge $5,app,,$5,Successful
TXN001932,2024.05.14,CUST00292,adelaide,Prepaid,SMS Bundle,SMS 200,Website,,0.00,Failed
TXN001657,05-15-2024,CUST00290,Melbourne,Prepaid,SMS Bundle,SMS 200,Online,,AUD 2.50,Successful
TXN000681,28/12/2024,CUST00220,VIC,Postpaid,Data Bundle,Data 1GB Daily,Web,1024,$3.50,Successful
TXN003692,20 May 2024,CUST00657,canberra,Prepaid,Recharge,Recharge $1,Mobile App,, 1 ,Successful
TXN002573,12/03/2024,CUST00187,adelaide,Prepaid,Recharge,Recharge $2,web,, 2 ,Successful
TXN001566,2024.06.09,CUST00897,Brisbane,Postpaid,Voice Bundle,Voice 300min,app,,0,Failed
TXN003237,05/05/2024,CUST00049,canberra,Prepaid,Recharge,Recharge $1,USSD,,AUD 1,Successful
TXN001329,45516,CUST00335,Brisbane,Prepaid,Voice Bundle,Voice 100min,Agent,,$4.50,Successful
TXN002088,17/03/2024, CUST00785 ,Adelaide SA,Prepaid,Recharge,Recharge $5,ussd,,,Successful
TXN003286,05/11/2024,CUST00868,PTH,Prepaid,Recharge,Recharge $10,App,,10,Successful
TXN001519,2024-13-40,CUST00213,Melbourne VIC,Prepaid,Recharge,Recharge $10,Ussd,,AUD 10,Successful
TXN002288,09/09/2024,CUST00385,Sydney NSW,Postpaid,Data Bundle,Data 6GB Monthly,Online,6144,AUD 25,Successful
TXN003171,, CUST00398 ,Harbour City,Prepaid,Voice Bundle,Voice 100min,MobileApp,,0.00,Failed
TXN000222,45370, CUST00051 ,SYD,Prepaid,Recharge,Recharge $2,app,,0,Failed
TXN000226,10/03/2024,CUST00259,Sydney NSW,Prepaid,Data Bundle,Data 10GB Monthly,Ussd,10240,AUD 35,Successful
TXN004186,17 Dec 2024,CUST00604,SYD,Prepaid,Recharge,Recharge $5,agent,,(5),Reversed
TXN003520,2024.08.24, CUST00300 ,Harbour City,Postpaid,Recharge,Recharge $10,MobileApp,,AUD 10,Successful
TXN002518,03/11/2024,CUST00317, Sydney ,Prepaid,Recharge,Recharge $2,Website,,AUD 2,Successful
TXN003987,13/07/2024,CUST00357,CBR,Prepaid,Data Bundle,Data 2GB Weekly,USSD Code,2048,0.00,Failed
TXN002394,19 Sep 2024,00209,,Prepaid,Recharge,Recharge $5,USSD Code,,0.00,Failed
TXN001761,20/03/2024,00406,Melbourne,Prepaid,Recharge,Recharge $5,U.S.S.D,,AUD 5,Successful
TXN001361,2024.08.08,CUST00650,melbourne,Prepaid,Recharge,Recharge $5,app,,5,Successful
TXN002325,07/04/2024,CUST00180,SYD,Prepaid,Recharge,Recharge $2,app,,2,Successful
TXN003773,13 Aug 2024,CUST00196,HBA,Prepaid,Recharge,Recharge $1,USSD,,$1,Successful
TXN003346,14 Feb 2024, CUST00190 ,Sydney NSW,Postpaid,Data Bundle,Data 6GB Monthly,app,6144,0.00,Failed
TXN001493,05-28-2024,CUST00469,brisbane,Postpaid,Data Bundle,Data 2GB Weekly,Mobile App,2048,AUD 8,Successful
TXN003276,16/11/2024,CUST00073,Melbourne,Prepaid,Recharge,Recharge $1,USSD,,AUD 1,Successful
TXN003295,10-16-2024,CUST00180,Sydney,Prepaid,Voice Bundle,Voice 100min,agent rep,,0.00,Failed
TXN002010,02/09/2024,CUST00816,Sydney NSW,Prepaid,Data Bundle,Data 2GB Weekly,U.S.S.D,2048,$8,Successful
TXN000206,06-27-2024,CUST00700, Sydney ,Prepaid,Data Bundle,Data 10GB Monthly,USSD,10240,-35,Reversed
TXN001028,03-22-2024,CUST00558,Sydney NSW,Postpaid,Recharge,Recharge $20,agent,, 20 ,Successful
TXN004082,05 Jun 2024,CUST00479,Harbour City,Prepaid,Recharge,Recharge $2,ussd,,,Successful
TXN003105,05 Jun 2024,CUST00439,sydney,Postpaid,Voice Bundle,Voice 300min,Web,, 11 ,Successful
TXN001047,03/10/2024,CUST00079,sydney,Prepaid,Recharge,Recharge $1,Website,, 1 ,Successful
TXN000694,22 May 2024,CUST00184, Sydney ,Prepaid,Recharge,Recharge $5,USSD,,5,Successful
TXN003525,02-14-2024,CUST00522,ADL,Prepaid,Data Bundle,Data 1GB Daily,web,1024,$3.50,Successful
TXN003472,12-18-2024,CUST00536,BNE,Prepaid,Data Bundle,Data 2GB Weekly,Mobile app,2048,$8,Successful
TXN003131,09/03/2024, CUST00158 ,ADL,Postpaid,Recharge,Recharge $2,Online,,2,Successful
TXN001187,28/01/2024,CUST00096,MEL,Prepaid,Data Bundle,Data 10GB Monthly,Website,10240,35,Successful
TXN001370,28/07/2024,CUST00275,perth,Prepaid,Data Bundle,Data 1GB Daily,agent rep,1024, 3.50 ,Successful
TXN001908,14/03/2024,00603,melbourne,Prepaid,Recharge,Recharge $2,agent rep,,$2,Successful
TXN003186,45482,CUST00437,Harbour City,Prepaid,Data Bundle,Data 1GB Daily,App,1024,-AUD 3.50,Reversed
TXN000017,15 Dec 2024,CUST00094,Hobart,Prepaid,Recharge,Recharge $1,ussd,,1,Successful
TXN002515,2024.05.10,CUST00827,ADL,Prepaid,Recharge,Recharge $10,Online,, 10 ,Successful
TXN003256,45490,CUST00421,Sydney,Prepaid,Recharge,Recharge $2,Online,, 2 ,Successful
TXN002206,18/05/2024,CUST00390,MEL,Prepaid,Recharge,Recharge $2,agent rep,,$2,Successful
TXN002752,08-24-2024,CUST00403,melbourne,Prepaid,Data Bundle,Data 10GB Monthly,Mobile App,10240,AUD 35,Successful
TXN001487,16/11/2024,CUST00231, Sydney ,Prepaid,Data Bundle,Data 10GB Monthly,App,10240,$35,Successful
TXN001677,45651,CUST00679,sydney,Prepaid,Recharge,Recharge $2,USSD,,-2,Reversed
TXN001185,2024.01.03,CUST00676,VIC,Prepaid,Recharge,Recharge $1,USSD,,$1,Successful
TXN002354,2024.10.09,CUST00739,perth,Prepaid,Data Bundle,Data 10GB Monthly,Agent Rep,10240,AUD 35,Successful
TXN000657,15/03/2024,CUST00425,perth,Prepaid,Data Bundle,Data 6GB Monthly,App,6144,-25,Reversed
TXN001572,2024.01.13,CUST00418,Perth,Prepaid,Data Bundle,Data 1GB Daily,Ussd,1024,AUD 3.50,Successful
TXN001738,26/01/2024,CUST00375,VIC,Prepaid,Recharge,Recharge $2,Mobile app,, 2 ,Successful
TXN001420,45605,CUST00100,canberra,Postpaid,Data Bundle,Data 6GB Monthly,Agent Rep,6144,0,Failed
TXN000400,45303,00030,Harbour City,Prepaid,Recharge,Recharge $10,Agent Rep,,,Successful
TXN002847,22 Oct 2024,CUST00790,Harbour City,Postpaid,SMS Bundle,SMS 200,App,,$2.50,Successful
TXN002981,10/11/2024,00667,Melbourne VIC,Prepaid,Data Bundle,Data 1GB Daily,U.S.S.D,1024,3.50,Successful
TXN000619,14/01/2024,CUST00286,PTH,Prepaid,Recharge,Recharge $2,App,,2,Successful
TXN000509,12/01/2024,00424,melbourne,Prepaid,Data Bundle,Data 2GB Weekly,App,2048,0.00,Failed
TXN003713,19/12/2024,CUST00878,Harbour City,Postpaid,Recharge,Recharge $10,Agent,,,Failed
TXN002785,02-08-2024, CUST00637 , Sydney ,Prepaid,Recharge,Recharge $20,Mobile app,,,Successful
TXN002848,07-10-2024,CUST00569,melbourne,Prepaid,Recharge,Recharge $10,Ussd,,10,Successful
TXN002323,04-15-2024,CUST00108,canberra,Postpaid,Data Bundle,Data 40GB Monthly,U.S.S.D,40960, 110 ,Successful
TXN003823,07-01-2024,CUST00878,Sydney,Postpaid,Recharge,Recharge $20,ussd,,$20,Successful
TXN000868,01/06/2024,CUST00546,canberra,Prepaid,Recharge,Recharge $5,USSD,, 5 ,Successful
TXN002508,2024.07.21,CUST00474,CBR,Prepaid,Recharge,Recharge $1,Website,, 1 ,Successful
TXN000887,25/07/2024,CUST00245,Brisbane QLD,Prepaid,Data Bundle,Data 6GB Monthly,app,6144,AUD 25,Successful
TXN002111,27/01/2024,CUST00192,Harbour City,Prepaid,Recharge,Recharge $1,MobileApp,,1,Successful
TXN000600,04-25-2024,CUST00124,sydney,Prepaid,Data Bundle,Data 2GB Weekly,Web,2048,AUD 8,Successful
TXN003177,2024.03.26,CUST00785,ADL,Prepaid,Voice Bundle,Voice 100min,Agent,,AUD 4.50,Successful
TXN003997,2024.03.22,CUST00233,Brisbane QLD,Prepaid,Recharge,Recharge $5,Website,,5,Successful
TXN000458,12/04/2024,CUST00789,adelaide,Prepaid,SMS Bundle,SMS 200,Mobile App,,AUD 2.50,Successful
TXN003132,26/01/2024,CUST00304,Melbourne,Prepaid,Data Bundle,Data 1GB Daily,Online,1024,3.50,Successful
TXN001118,2024.02.12,00720,Brisbane,Postpaid,SMS Bundle,SMS 200,Web,,0,Failed
TXN000871,04/04/2024,CUST00861,Perth-WA,Prepaid,SMS Bundle,SMS 200,agent rep,,,Successful
TXN000791,45449,CUST00715,Harbour City,Prepaid,Recharge,Recharge $2,App,,-AUD 2,Reversed
TXN002261,,CUST00342,Sydney NSW,Prepaid,Voice Bundle,Voice 300min,Web,,AUD 11,Successful
TXN003754,11/05/2024,CUST00359,SYD,Prepaid,Recharge,Recharge $1,agent,,0.00,Failed
TXN002809,10-16-2024,CUST00110,sydney,Prepaid,Data Bundle,Data 1GB Daily,web,1024,$3.50,Successful
TXN000955,01-28-2024,CUST00769,hobart,Prepaid,Recharge,Recharge $5,U.S.S.D,,AUD 5,Successful
TXN000651,20 Jul 2024,CUST00200,Perth-WA,Prepaid,SMS Bundle,SMS 200,agent rep,,AUD 2.50,Successful
TXN000734,14/10/2024, CUST00832 ,,Prepaid,Voice Bundle,Voice 100min,Web,,4.50,Successful
TXN004158,05/05/2024,CUST00013,canberra,Prepaid,Recharge,Recharge $5,App,, 5 ,Successful
TXN000380,07-14-2024,CUST00056,HBA,Prepaid,Recharge,Recharge $1,Mobile app,,,Successful
TXN002613,15/12/2024,CUST00358,MEL,Prepaid,Data Bundle,Data 6GB Monthly,Web,6144,0,Failed
TXN003591,07/10/2024,00652,Adelaide SA,Prepaid,SMS Bundle,SMS 200,web,, 2.50 ,Successful
TXN000957,15/05/2024,CUST00534,Perth-WA,Prepaid,Recharge,Recharge $1,Mobile app,,1,Successful
TXN002790,11-09-2024, CUST00157 ,Harbour City,Prepaid,Data Bundle,Data 1GB Daily,Web,1024,AUD 3.50,Successful
TXN000172,2024.11.16,CUST00060,Brisbane,Prepaid,Data Bundle,Data 6GB Monthly,Mobile app,6144,,Successful
TXN001945,10-25-2024,CUST00513,sydney,Postpaid,Data Bundle,Data 2GB Weekly,agent rep,2048,AUD 8,Successful
TXN002280,09-20-2024,CUST00632, Sydney ,Postpaid,SMS Bundle,SMS 200,Online,,$2.50,Successful
TXN000660,16/11/2024,CUST00656,SYD,Prepaid,Data Bundle,Data 2GB Weekly,Mobile App,2048,(8),Reversed
TXN002431,11-08-2024,CUST00713,melbourne,Prepaid,Recharge,Recharge $2,Mobile app,,$2,Successful
TXN002529,09/08/2024,CUST00232,Sydney NSW,Prepaid,Recharge,Recharge $1,App,,$1,Successful
TXN002121,04 Dec 2024,00553,Adelaide SA,Postpaid,Data Bundle,Data 1GB Daily,USSD,1024,3.50,Successful
TXN001095,14/10/2024,CUST00238,Melbourne,Postpaid,Voice Bundle,Voice 300min,app,,-11,Reversed
TXN003659,2024.12.26, CUST00767 ,Melbourne VIC,Prepaid,Recharge,Recharge $10,agent rep,,,Successful
TXN003399,05-17-2024,CUST00416,HBA,Prepaid,Data Bundle,Data 2GB Weekly,MobileApp,2048,8,Successful
TXN002220,19/12/2024,CUST00416,hobart,Prepaid,Recharge,Recharge $5,agent rep,,$5,Successful
TXN000643,02 Aug 2024,CUST00211,Melbourne,Prepaid,SMS Bundle,SMS 200,Web,,AUD 2.50,Successful
TXN000169,09-26-2024,CUST00205,perth,Prepaid,Data Bundle,Data 1GB Daily,U.S.S.D,1024,$3.50,Successful
TXN001518,24/10/2024,CUST00094,hobart,Prepaid,Voice Bundle,Voice 100min,USSD Code,,AUD 4.50,Successful
TXN001801,17/12/2024,CUST00562,adelaide,Prepaid,Recharge,Recharge $10,Online,, 10 ,Successful
TXN003207,18/08/2024,CUST00276,PTH,Prepaid,Voice Bundle,Voice 100min,Online,, 4.50 ,Successful
TXN001918,08 Nov 2024,CUST00429,adelaide,Prepaid,Recharge,Recharge $5,Mobile App,, 5 ,Successful
TXN000273,02/06/2024,CUST00106,Harbour City,Prepaid,Recharge,Recharge $1,Agent,,,Failed
TXN001216,28/08/2024,CUST00772,melbourne,Prepaid,Recharge,Recharge $10,Mobile app,,10,Successful
TXN002469,2024.05.22,CUST00215,Adelaide,Prepaid,Voice Bundle,Voice 100min,web,,4.50,Successful
TXN001119,02/12/2024,CUST00137,perth,Postpaid,Voice Bundle,Voice 100min,MobileApp,, 4.50 ,Successful
TXN003703,12-06-2024,CUST00811,VIC,Postpaid,Data Bundle,Data 1GB Daily,Agent,1024,3.50,Successful
TXN004009,01/02/2024,CUST00398, Sydney ,Prepaid,Data Bundle,Data 10GB Monthly,Mobile app,10240,$35,Successful
TXN001067,20/06/2024, CUST00780 ,Melbourne,Postpaid,Data Bundle,Data 2GB Weekly,ussd,2048,$8,Successful
TXN002105,14/03/2024,00116, Sydney ,Prepaid,Recharge,Recharge $20,Mobile app,,$20,Successful
TXN003335,28/04/2024,CUST00351,PTH,Postpaid,Recharge,Recharge $2,Agent Rep,,$2,Successful
TXN003433,11-05-2024,CUST00726,Harbour City,Prepaid,Recharge,Recharge $1,Online,,,Failed
TXN004059,07/09/2024,CUST00003,Perth-WA,Prepaid,Data Bundle,Data 2GB Weekly,agent rep,2048,8,Successful
TXN001913,27/08/2024, CUST00041 ,Brisbane,Prepaid,Recharge,Recharge $2,Online,, 2 ,Successful
TXN000039,10/05/2024,CUST00566,perth,Prepaid,Data Bundle,Data 1GB Daily,agent rep,1024,AUD 3.50,Successful
TXN000307,07-01-2024,CUST00792,Sydney NSW,Prepaid,Recharge,Recharge $2,app,,AUD 2,Successful
TXN000007,26 Oct 2024,00015,hobart,Prepaid,Data Bundle,Data 2GB Weekly,Web,2048, 8 ,Successful
TXN003153,27/06/2024,CUST00170,Melbourne,Prepaid,Voice Bundle,Voice 300min,Website,,11,Successful
TXN002831,20/10/2024,CUST00110,Harbour City,Prepaid,Recharge,Recharge $1,USSD,,$1,Successful
TXN002457,28/06/2024, CUST00578 ,PTH,Prepaid,Recharge,Recharge $10,Online,,$10,Successful
TXN002830,02-18-2024,CUST00592, Sydney ,Postpaid,Recharge,Recharge $2,agent,,,Failed
TXN000782,05 Apr 2024,CUST00824,Sydney NSW,Postpaid,Recharge,Recharge $5,Mobile app,,$5,Successful
TXN001191,2024.03.01, CUST00125 ,perth,Prepaid,Recharge,Recharge $20,Mobile App,,AUD 20,Successful
TXN000535,45449,CUST00491,SYD,Postpaid,Recharge,Recharge $20,U.S.S.D,, 20 ,Successful
TXN000584,01 Sep 2024,CUST00153,,Prepaid,Recharge,Recharge $10,agent,,,Failed
TXN004096,12-15-2024,CUST00871,sydney,Prepaid,Voice Bundle,Voice 100min,Online,,0.00,Failed
TXN001100,01-27-2024,CUST00847,Sydney NSW,Prepaid,Recharge,Recharge $1,USSD Code,,,Failed
TXN003791,05-04-2024,CUST00825, Sydney ,Prepaid,Data Bundle,Data 6GB Monthly,Mobile app,6144, 25 ,Successful
TXN003529,24/11/2024,CUST00355, Sydney ,Prepaid,Data Bundle,Data 6GB Monthly,app,6144,AUD 25,Successful
TXN004107,10-24-2024,CUST00699,Perth-WA,Prepaid,Recharge,Recharge $1,Mobile App,, 1 ,Successful
TXN003338,2024.09.20,CUST00227,MEL,Prepaid,Data Bundle,Data 1GB Daily,Mobile app,1024, 3.50 ,Successful
TXN004148,01-15-2024,CUST00652,adelaide,Prepaid,Recharge,Recharge $2,app,,AUD 2,Successful
TXN002862,45640,CUST00667,Melbourne VIC,Prepaid,SMS Bundle,SMS 200,app,,-AUD 2.50,Reversed
TXN000317,03 Jul 2024,CUST00551,sydney,Prepaid,Data Bundle,Data 6GB Monthly,agent,6144,25,Successful
TXN002198,01-10-2024,CUST00680,Hobart,Prepaid,Recharge,Recharge $5,App,,AUD 5,Successful
TXN002415,05 Sep 2024,CUST00026,Melbourne,Prepaid,Recharge,Recharge $10,Agent,,-10,Reversed
TXN002565,18/05/2024,CUST00395,brisbane,Prepaid,Recharge,Recharge $2,MobileApp,, 2 ,Successful
TXN003648,14/05/2024,CUST00488, Sydney ,Prepaid,Recharge,Recharge $5,Mobile app,,-5,Reversed
TXN004104,02-22-2024,CUST00398,Sydney,Prepaid,Recharge,Recharge $2,USSD,,$2,Successful
TXN001795,2024-13-40,CUST00692,Perth,Prepaid,Data Bundle,Data 1GB Daily,agent rep,1024,$3.50,Successful
TXN002582,12/11/2024,CUST00083,,Prepaid,Recharge,Recharge $2,USSD Code,,2,Successful
TXN003235,24 Mar 2024, CUST00256 ,Harbour City,Prepaid,Recharge,Recharge $1,Agent,,1,Successful
TXN000272,11-15-2024, CUST00091 ,PER,Prepaid,SMS Bundle,SMS 200,Ussd,,$2.50,Successful
TXN000549,03-05-2024,CUST00679, Sydney ,Prepaid,Recharge,Recharge $5,web,,5,Successful
TXN001693,2024.11.26,CUST00562,Adelaide SA,Prepaid,Data Bundle,Data 2GB Weekly,MobileApp,2048,8,Successful
TXN001720,25 Nov 2024,CUST00586,Sydney NSW,Prepaid,Recharge,Recharge $1,Agent Rep,,$1,Successful
TXN003013,16/11/2024,CUST00651,Adelaide SA,Prepaid,Data Bundle,Data 1GB Daily,Agent,1024,AUD 3.50,Successful
TXN004113,2024-13-40, CUST00272 , Sydney ,Prepaid,Recharge,Recharge $5,web,,$5,Successful
TXN000608,16/11/2024,00702,melbourne,Prepaid,Recharge,Recharge $2,USSD Code,,$2,Successful
TXN002391,23 Oct 2024,CUST00103,MEL,Prepaid,Recharge,Recharge $1,USSD Code,,1,Successful
TXN000599,2024.11.26, CUST00330 ,SYD,Prepaid,Recharge,Recharge $1,USSD,,0,Failed
TXN001690,14/06/2024,CUST00416,hobart,Prepaid,Recharge,Recharge $10,Web,,10,Successful
TXN000895,2024.08.21,CUST00326, Sydney ,Prepaid,Recharge,Recharge $1,App,,AUD 1,Successful
TXN003906,12-06-2024,CUST00732,Hobart,Prepaid,Recharge,Recharge $1,app,,$1,Successful
TXN001776,07/09/2024,CUST00853,Sydney,Postpaid,Recharge,Recharge $20,app,,AUD 20,Successful
TXN000571,21/12/2024,CUST00100,Canberra,Postpaid,Data Bundle,Data 1GB Daily,agent,1024,AUD 3.50,Successful
TXN002000,10-21-2024,CUST00028,Perth-WA,Prepaid,Data Bundle,Data 2GB Weekly,MobileApp,2048,$8,Successful
TXN002123,2024.08.02,CUST00774,Hobart,Prepaid,Data Bundle,Data 1GB Daily,Mobile App,1024,3.50,Successful
TXN000062,05-21-2024, CUST00793 ,Sydney NSW,Prepaid,SMS Bundle,SMS 200,Agent,,,Successful
TXN001248,06/08/2024, CUST00639 ,Harbour City,Prepaid,Recharge,Recharge $5,USSD Code,,5,Successful
TXN900026,2024.09.04,CUST00273,Sydney,Prepaid,Data Bundle,Data 40GB Monthly,Ussd,40960,$110,Successful
TXN001260,45317,CUST00687,MEL,Prepaid,Data Bundle,Data 10GB Monthly,Agent Rep,10240,-AUD 35,Reversed
TXN000810,22 Jun 2024,CUST00430,Sydney NSW,Prepaid,Voice Bundle,Voice 100min,Agent Rep,,$4.50,Successful
TXN002293,09-25-2024,CUST00875,Harbour City,Prepaid,Data Bundle,Data 2GB Weekly,web,2048,0.00,Failed
TXN001050,23/10/2024,CUST00852,Harbour City,Prepaid,Data Bundle,Data 1GB Daily,USSD,1024,-AUD 3.50,Reversed
TXN003637,10-21-2024,CUST00002,sydney,Prepaid,Recharge,Recharge $5,Online,,$5,Successful
TXN003324,45652,CUST00353,SYD,Prepaid,Data Bundle,Data 1GB Daily,Ussd,1024,$3.50,Successful
TXN000108,07-22-2024,CUST00879,Melbourne VIC,Prepaid,SMS Bundle,SMS 200,USSD,,$2.50,Successful
TXN002154,2024.05.15,CUST00795,Melbourne,Postpaid,Data Bundle,Data 2GB Weekly,Website,2048,AUD 8,Successful
TXN000674,03-05-2024,CUST00705,Sydney NSW,Prepaid,SMS Bundle,SMS 200,U.S.S.D,,AUD 2.50,Successful
TXN002691,09-11-2024,CUST00138,Sydney NSW,Prepaid,Recharge,Recharge $2,U.S.S.D,,,Successful
TXN003574,06/07/2024,CUST00402,BNE,Postpaid,Recharge,Recharge $5,Ussd,,5,Successful
TXN000666,,CUST00527,Brisbane,Prepaid,Recharge,Recharge $1,agent,, 1 ,Successful
TXN000510,04-26-2024,CUST00707,melbourne,Prepaid,Recharge,Recharge $5,ussd,,AUD 5,Successful
TXN002180,11/12/2024,CUST00858,,Prepaid,Recharge,Recharge $2,MobileApp,, 2 ,Successful
TXN001641,45372,CUST00856,Brisbane,Prepaid,Recharge,Recharge $1,Web,,AUD 1,Successful
TXN002493,22/05/2024,CUST00158,adelaide,Postpaid,Recharge,Recharge $5,MobileApp,,5,Successful
TXN003957,14/12/2024,CUST00322,PER,Prepaid,Recharge,Recharge $20,Mobile App,,$20,Successful
TXN001533,25 Aug 2024,CUST00436,Brisbane,Prepaid,Data Bundle,Data 6GB Monthly,web,6144, 25 ,Successful
TXN000867,02/07/2024,CUST00371,PTH,Postpaid,Data Bundle,Data 10GB Monthly,Web,10240,$35,Successful
TXN001856,06/08/2024, CUST00555 ,Brisbane,Prepaid,Data Bundle,Data 6GB Monthly,agent rep,6144,,Successful
TXN001737,26/11/2024,CUST00026,MEL,Prepaid,SMS Bundle,SMS 200,web,,2.50,Successful
TXN000212,11/12/2024,CUST00406,MEL,Prepaid,Recharge,Recharge $1,Agent,,AUD 1,Successful
TXN003148,05-12-2024,CUST00472,Adelaide SA,Prepaid,Recharge,Recharge $5,web,,AUD 5,Successful
TXN001061,04/09/2024,CUST00892,canberra,Postpaid,Recharge,Recharge $1,Agent Rep,,1,Successful
TXN002257,03-22-2024,CUST00811,MEL,Postpaid,Voice Bundle,Voice 300min,web,,11,Successful
TXN002106,2024.07.19,CUST00479, Sydney ,Prepaid,Recharge,Recharge $1,Ussd,,,Failed
TXN004088,2024.11.20, CUST00749 , Sydney ,Prepaid,Data Bundle,Data 1GB Daily,Mobile app,1024,$3.50,Successful
TXN002900,11-09-2024,CUST00323,hobart,Prepaid,Recharge,Recharge $2,agent,,2,Successful
TXN001974,09/12/2024,CUST00137,Perth-WA,Postpaid,Recharge,Recharge $1,USSD,,,Successful
TXN000590,16/09/2024,CUST00646,sydney,Prepaid,Data Bundle,Data 1GB Daily,app,1024,3.50,Successful
TXN003575,2024.01.16,CUST00512,hobart,Prepaid,Data Bundle,Data 6GB Monthly,Ussd,6144, 25 ,Successful
TXN003908,07/03/2024,CUST00585, Sydney ,Prepaid,Data Bundle,Data 2GB Weekly,U.S.S.D,2048, 8 ,Successful
TXN000087,04/05/2024,CUST00870, Sydney ,Prepaid,Recharge,Recharge $2,Mobile App,,,Successful
TXN000647,15/08/2024,CUST00819,melbourne,Prepaid,Recharge,Recharge $1,Ussd,,1,Successful
TXN000772,21/09/2024,CUST00475,Canberra,Postpaid,Recharge,Recharge $5,ussd,,AUD 5,Successful
TXN003522,06/09/2024,CUST00703,Melbourne,Prepaid,Recharge,Recharge $20,ussd,,-20,Reversed
TXN001250,,CUST00361,sydney,Postpaid,Recharge,Recharge $5,MobileApp,,,Successful
TXN000709,28/07/2024,CUST00207,PER,Prepaid,Data Bundle,Data 40GB Monthly,agent rep,40960,$110,Successful
TXN003158,24 Feb 2024,CUST00242,Melbourne,Prepaid,Data Bundle,Data 2GB Weekly,Ussd,2048,-8,Reversed
TXN002473,2024.06.22,00592,Sydney NSW,Postpaid,Recharge,Recharge $5,USSD,,AUD 5,Successful
TXN003561,16 Sep 2024,CUST00678,Adelaide SA,Prepaid,Recharge,Recharge $5,Ussd,,$5,Successful
TXN001934,04-21-2024,CUST00461,Perth,Postpaid,Recharge,Recharge $10,Agent Rep,,$10,Successful
TXN003970,05/01/2024,CUST00546,,Prepaid,Recharge,Recharge $5,USSD Code,,AUD 5,Successful
TXN002587,06-03-2024,CUST00044,Canberra,Prepaid,Recharge,Recharge $2,Agent,,AUD 2,Successful
TXN001861,17/10/2024,CUST00448,Harbour City,Prepaid,Recharge,Recharge $1,Web,,$1,Successful
TXN003806,19/05/2024,CUST00514, Sydney ,Postpaid,Recharge,Recharge $10,MobileApp,,,Successful
TXN002129,03/09/2024,CUST00712,canberra,Prepaid,Recharge,Recharge $2,web,,$2,Successful
TXN003959,01/06/2024,00648,MEL,Prepaid,Recharge,Recharge $2,agent rep,,$2,Successful
TXN003802,08-14-2024,CUST00750,Melbourne,Postpaid,Data Bundle,Data 2GB Weekly,app,2048,-8,Reversed
TXN000419,01 Jun 2024,CUST00649,canberra,Prepaid,Recharge,Recharge $5,Mobile App,,$5,Successful
TXN001462,02-16-2024, CUST00041 ,BNE,Prepaid,Recharge,Recharge $1,Agent,,AUD 1,Successful
TXN001485,25/06/2024,CUST00564,CBR,Postpaid,Voice Bundle,Voice 300min,agent,, 11 ,Successful
TXN002546,09-05-2024,CUST00728,brisbane,Postpaid,Recharge,Recharge $10,USSD Code,,$10,Successful
TXN003122,01-22-2024,CUST00401,Harbour City,Prepaid,Recharge,Recharge $10,Agent Rep,,10,Successful
TXN000231,07-10-2024,CUST00672,Adelaide,Prepaid,Recharge,Recharge $10,Ussd,,AUD 10,Successful
TXN001357,28/04/2024,CUST00506,PTH,Prepaid,Data Bundle,Data 6GB Monthly,Agent,6144,(25),Reversed
TXN003012,01/04/2024,CUST00223,,Prepaid,Data Bundle,Data 10GB Monthly,app,10240,AUD 35,Successful
TXN000852,20/06/2024,CUST00900,Sydney NSW,Prepaid,Recharge,Recharge $5,agent,,AUD 5,Successful
TXN001005,45332,CUST00324,HBA,Prepaid,Data Bundle,Data 2GB Weekly,agent rep,2048,,Successful
TXN001997,09/06/2024,CUST00046,sydney,Prepaid,Data Bundle,Data 2GB Weekly,ussd,2048,8,Successful
TXN001835,10/08/2024,CUST00248,Sydney NSW,Prepaid,Recharge,Recharge $1,Website,,1,Successful
TXN003513,06-16-2024, CUST00076 ,CBR,Prepaid,Recharge,Recharge $5,Mobile App,,5,Successful
TXN000437,03-22-2024,CUST00195,Canberra,Prepaid,Data Bundle,Data 1GB Daily,Web,1024, 3.50 ,Successful
TXN001317,15 Dec 2024,CUST00167,adelaide,Prepaid,Recharge,Recharge $2,agent,,$2,Successful
TXN001624,08-03-2024, CUST00629 ,Adelaide SA,Prepaid,Recharge,Recharge $10,app,,0.00,Failed
TXN001481,05-22-2024,CUST00769,Hobart,Prepaid,Recharge,Recharge $2,Agent Rep,,$2,Successful
TXN001649,45418,CUST00615,Melbourne,Postpaid,Voice Bundle,Voice 100min,Mobile app,,$4.50,Successful
TXN001004,45554,CUST00533,SYD,Prepaid,Recharge,Recharge $10,Website,,AUD 10,Successful
TXN001279,16/09/2024,CUST00099,Brisbane QLD,Prepaid,Recharge,Recharge $5,Mobile app,, 5 ,Successful
TXN003081,10 Dec 2024,CUST00446,perth,Prepaid,Data Bundle,Data 1GB Daily,web,1024,AUD 3.50,Successful
TXN001824,08/06/2024,CUST00487,ADL,Postpaid,Recharge,Recharge $1,Mobile app,,(1),Reversed
TXN003952,18/08/2024,CUST00682,HBA,Prepaid,Data Bundle,Data 40GB Monthly,Online,40960,,Successful
TXN002671,27 Mar 2024,CUST00318,Sydney NSW,Prepaid,Data Bundle,Data 1GB Daily,Website,1024,AUD 3.50,Successful
TXN001837,26 Jun 2024,CUST00288, Sydney ,Postpaid,Voice Bundle,Voice 100min,Agent Rep,,,Successful
TXN000476,24/08/2024,CUST00070,ADL,Prepaid,Recharge,Recharge $5,USSD Code,, 5 ,Successful
TXN002353,45338,CUST00167,adelaide,Prepaid,Data Bundle,Data 1GB Daily,agent,1024,$3.50,Successful
TXN002283,25/11/2024,CUST00060,Brisbane,Prepaid,Recharge,Recharge $2,U.S.S.D,,$2,Successful
TXN003147,45346, CUST00233 ,BNE,Prepaid,Recharge,Recharge $10,web,,,Successful
TXN001547,19/05/2024,CUST00525,canberra,Prepaid,SMS Bundle,SMS 200,agent rep,,$2.50,Successful
TXN000336,27/09/2024,CUST00602,brisbane,Prepaid,Recharge,Recharge $2,App,,$2,Successful
TXN003044,24/04/2024,CUST00740,BNE,Postpaid,Recharge,Recharge $10,Website,, 10 ,Successful
TXN002618,2024.09.12,CUST00516,Sydney,Prepaid,Data Bundle,Data 1GB Daily,app,1024,AUD 3.50,Successful
TXN000089,03-21-2024,CUST00645,,Prepaid,Recharge,Recharge $10,app,,10,Successful
TXN000875,18/09/2024,CUST00105,VIC,Postpaid,Voice Bundle,Voice 100min,Website,,$4.50,Successful
TXN004122,06/01/2024, CUST00037 ,Hobart,Prepaid,Data Bundle,Data 10GB Monthly,Website,10240,AUD 35,Successful
TXN000544,03-11-2024,CUST00201,melbourne,Prepaid,Data Bundle,Data 6GB Monthly,web,6144,25,Successful
TXN001242,12/12/2024,CUST00676,VIC,Prepaid,Recharge,Recharge $2,Web,,2,Successful
TXN003001,2024.10.09,CUST00139,Harbour City,Prepaid,Data Bundle,Data 1GB Daily,Website,1024,0.00,Failed
TXN002761,12-24-2024, CUST00207 ,perth,Prepaid,Data Bundle,Data 1GB Daily,Web,1024,AUD 3.50,Successful
TXN900022,08-12-2024,CUST00025,PER,Prepaid,Data Bundle,Data 1GB Daily,Ussd,1024, 3.50 ,Successful
TXN001881,20/04/2024,CUST00863,ADL,Prepaid,Recharge,Recharge $5,agent,,$5,Successful
TXN003880,03/11/2024,CUST00331,brisbane,Prepaid,Recharge,Recharge $2,web,,AUD 2,Successful
TXN003233,13/03/2024,00808,Melbourne,Prepaid,Recharge,Recharge $1,Agent,,$1,Successful
TXN002105,14/03/2024,00116, Sydney ,Prepaid,Recharge,Recharge $20,Mobile app,,$20,Successful
TXN002270,2024.09.20,CUST00367,Hobart,Prepaid,Recharge,Recharge $2,Mobile App,, 2 ,Successful
TXN000320,10 Jul 2024,CUST00661,ADL,Postpaid,Recharge,Recharge $10,Website,, 10 ,Successful
TXN000520,2024.07.17,CUST00819,VIC,Prepaid,Recharge,Recharge $5,Agent Rep,,5,Successful
TXN003460,22/07/2024,00443,HBA,Prepaid,Recharge,Recharge $1,web,,AUD 1,Successful
TXN000879,17/02/2024,CUST00587,Sydney NSW,Prepaid,Recharge,Recharge $10,web,,$10,Successful
TXN004176,02 Sep 2024,CUST00513,Harbour City,Postpaid,Data Bundle,Data 10GB Monthly,agent rep,10240,,Failed
TXN000826,18/03/2024,CUST00765,VIC,Postpaid,SMS Bundle,SMS 200,web,,$2.50,Successful
TXN003247,19/11/2024,CUST00380,SYD,Prepaid,Recharge,Recharge $20,app,,$20,Successful
TXN001291,18/08/2024,CUST00409,ADL,Prepaid,Recharge,Recharge $1,agent,, 1 ,Successful
TXN003079,26/02/2024,CUST00219,,Postpaid,SMS Bundle,SMS 200,USSD Code,,$2.50,Successful
TXN003840,08-20-2024,CUST00741,BNE,Prepaid,Voice Bundle,Voice 100min,web,,4.50,Successful
TXN003809,09-13-2024,00624,Harbour City,Postpaid,Data Bundle,Data 40GB Monthly,Online,40960,,Failed
TXN000139,2024.05.24,CUST00171,adelaide,Prepaid,Voice Bundle,Voice 100min,Ussd,,4.50,Successful
TXN000164,03 Jan 2024,CUST00833,Melbourne VIC,Postpaid,Data Bundle,Data 10GB Monthly,U.S.S.D,10240,$35,Successful
TXN001619,45547,CUST00877,Brisbane,Prepaid,Recharge,Recharge $10,MobileApp,,$10,Successful
TXN004162,04-27-2024, CUST00767 ,MEL,Prepaid,Recharge,Recharge $2,agent rep,,2,Successful
TXN001792,2024.08.15, CUST00091 ,Perth-WA,Prepaid,Recharge,Recharge $2,Agent Rep,,$2,Successful
TXN001046,10/11/2024,CUST00651,Adelaide,Prepaid,Recharge,Recharge $5,Ussd,,-AUD 5,Reversed
TXN000961,16/11/2024,CUST00279, Sydney ,Postpaid,Data Bundle,Data 1GB Daily,web,1024,0,Failed
TXN002880,11-14-2024,00309,Adelaide SA,Prepaid,SMS Bundle,SMS 200,Ussd,,$2.50,Successful
TXN001751,25 Jun 2024,CUST00069,Harbour City,Prepaid,Data Bundle,Data 6GB Monthly,Agent,6144,,Successful
TXN003843,27/08/2024,CUST00584,MEL,Prepaid,Recharge,Recharge $5,app,, 5 ,Successful
TXN003688,24 Jun 2024, CUST00328 ,Adelaide SA,Prepaid,Recharge,Recharge $2,agent,,AUD 2,Successful
TXN001505,17/02/2024,CUST00780,MEL,Postpaid,Recharge,Recharge $10,agent rep,,AUD 10,Successful
TXN003440,10-05-2024,CUST00150,Harbour City,Postpaid,Data Bundle,Data 6GB Monthly,Mobile App,6144,-25,Reversed
TXN001044,23/08/2024,CUST00695,Harbour City,Prepaid,Recharge,Recharge $10,web,,-AUD 10,Reversed
TXN003613,26/11/2024,CUST00795,MEL,Postpaid,Recharge,Recharge $10,MobileApp,,$10,Successful
TXN001060,15/09/2024,CUST00450,Brisbane QLD,Prepaid,Recharge,Recharge $5,agent rep,,,Successful
TXN002682,09/02/2024,CUST00831,canberra,Prepaid,Recharge,Recharge $20,Web,, 20 ,Successful
TXN003291,2024.08.04,CUST00309,Adelaide SA,Prepaid,Recharge,Recharge $1,agent,, 1 ,Successful
TXN004078,08-08-2024,CUST00183,MEL,Prepaid,Recharge,Recharge $5,Agent Rep,,$5,Successful
TXN000656,45645,CUST00068,sydney,Prepaid,Recharge,Recharge $1,Agent Rep,,,Successful
TXN002065,11 Jun 2024,CUST00702,,Prepaid,Recharge,Recharge $1,MobileApp,, 1 ,Successful
TXN002965,05/02/2024,CUST00503,,Prepaid,Recharge,Recharge $5,App,,AUD 5,Successful
TXN003452,2024.11.28,CUST00358,Melbourne VIC,Prepaid,Data Bundle,Data 6GB Monthly,agent rep,6144,$25,Successful
TXN000138,23/09/2024,CUST00013,CBR,Prepaid,Recharge,Recharge $20,Agent Rep,,$20,Successful
TXN003512,11-08-2024, CUST00618 ,Brisbane,Prepaid,Data Bundle,Data 40GB Monthly,Agent Rep,40960, 110 ,Successful
TXN001977,07/09/2024,CUST00879,melbourne,Prepaid,Recharge,Recharge $2,app,,AUD 2,Successful
TXN001582,05-01-2024,CUST00166,Adelaide,Prepaid,Recharge,Recharge $20,web,,,Successful
TXN000698,,CUST00037,hobart,Prepaid,Data Bundle,Data 6GB Monthly,Mobile App,6144,AUD 25,Successful
TXN001098,2024.02.14,CUST00072,Harbour City,Postpaid,Voice Bundle,Voice 300min,ussd,, 11 ,Successful
TXN003382,10/11/2024,CUST00120,BNE,Prepaid,Recharge,Recharge $1,Mobile App,,0.00,Failed
TXN003916,11/12/2024,CUST00375,Melbourne VIC,Prepaid,Recharge,Recharge $20,agent,,20,Successful
TXN002454,24/06/2024,CUST00885,Sydney,Prepaid,Data Bundle,Data 2GB Weekly,Online,2048,$8,Successful
TXN002497,2024-13-40,CUST00283,hobart,Postpaid,Voice Bundle,Voice 300min,agent rep,,,Successful
TXN001393,45379,CUST00171,ADL,Prepaid,Voice Bundle,Voice 100min,Web,,AUD 4.50,Successful
TXN002084,12-22-2024,CUST00353,Sydney NSW,Prepaid,Voice Bundle,Voice 100min,web,,AUD 4.50,Successful
TXN001267,27/11/2024,CUST00189,perth,Prepaid,Data Bundle,Data 10GB Monthly,Ussd,10240,AUD 35,Successful
TXN002376,11-18-2024,00416,hobart,Prepaid,Data Bundle,Data 6GB Monthly,Mobile App,6144, 25 ,Successful
TXN002366,11-05-2024,CUST00055,Melbourne,Postpaid,Recharge,Recharge $1,Web,,,Failed
TXN000136,24/09/2024,CUST00318,Sydney,Prepaid,Recharge,Recharge $2,USSD Code,,AUD 2,Successful
TXN001170,11-04-2024,CUST00090,Melbourne VIC,Prepaid,Recharge,Recharge $1,USSD Code,,1,Successful
TXN002575,45566,00200,Perth-WA,Prepaid,Data Bundle,Data 10GB Monthly,agent,10240,$35,Successful
TXN002136,12/12/2024,CUST00680,Hobart,Prepaid,Data Bundle,Data 6GB Monthly,Web,6144,25,Successful
TXN001504,11/09/2024,CUST00303,PTH,Prepaid,Recharge,Recharge $2,USSD,,$2,Successful
TXN001363,24/11/2024,CUST00529,MEL,Prepaid,Recharge,Recharge $10,App,, 10 ,Successful
TXN003777,08/11/2024,CUST00593,Sydney,Prepaid,Data Bundle,Data 6GB Monthly,Website,6144,$25,Successful
TXN000149,16 Aug 2024,CUST00378,canberra,Prepaid,Voice Bundle,Voice 100min,app,,4.50,Successful
TXN000304,11/09/2024,00041,brisbane,Prepaid,Data Bundle,Data 10GB Monthly,Agent Rep,10240,35,Successful
TXN003263,19/10/2024,CUST00396,canberra,Prepaid,Recharge,Recharge $1,Agent Rep,,,Successful
TXN001018,23 Jul 2024,00407,Sydney,Prepaid,Data Bundle,Data 2GB Weekly,Ussd,2048,AUD 8,Successful
TXN001925,25/05/2024,CUST00675,VIC,Prepaid,Data Bundle,Data 2GB Weekly,app,2048,0.00,Failed
TXN001053,04/03/2024,00389,CBR,Postpaid,Data Bundle,Data 10GB Monthly,USSD Code,10240,35,Successful
TXN004092,09/10/2024,CUST00560,Brisbane,Postpaid,Data Bundle,Data 2GB Weekly,ussd,2048,$8,Successful
TXN002414,,CUST00711,Brisbane QLD,Prepaid,Recharge,Recharge $2,web,, 2 ,Successful
TXN002638,07 Jan 2024,00014,sydney,Prepaid,Recharge,Recharge $5,Website,,AUD 5,Successful
TXN003500,2024.10.04,CUST00817,PER,Postpaid,Recharge,Recharge $10,U.S.S.D,,$10,Successful
TXN001905,02-06-2024,CUST00307,brisbane,Prepaid,SMS Bundle,SMS 200,Agent,, 2.50 ,Successful
TXN900019,01-15-2024,CUST00195,CBR,Prepaid,Recharge,Recharge $20,App,,20,Successful
TXN000199,12-09-2024,CUST00501,Sydney NSW,Prepaid,Data Bundle,Data 1GB Daily,Website,1024,0.00,Failed
TXN001769,45483,CUST00020,hobart,Prepaid,Data Bundle,Data 2GB Weekly,U.S.S.D,2048,$8,Successful
TXN002876,02/05/2024,CUST00228,SYD,Prepaid,Data Bundle,Data 1GB Daily,app,1024,AUD 3.50,Successful
TXN002241,03-03-2024,CUST00655,VIC,Prepaid,Data Bundle,Data 1GB Daily,Online,1024,$3.50,Successful
TXN000405,01-14-2024,CUST00307,BNE,Prepaid,Recharge,Recharge $2,Agent Rep,,0,Failed
TXN003984,,CUST00619, Sydney ,Prepaid,Data Bundle,Data 2GB Weekly,Agent,2048, 8 ,Successful
TXN900024,05-22-2024, CUST00362 ,ADL,Prepaid,Recharge,Recharge $1,USSD,,1,Successful
TXN000484,02/06/2024,CUST00438,Hobart,Prepaid,Data Bundle,Data 10GB Monthly,Web,10240,35,Successful
TXN001183,25/09/2024,CUST00465,perth,Prepaid,Recharge,Recharge $2,agent,,2,Successful
TXN001340,03/05/2024,CUST00350,melbourne,Prepaid,Recharge,Recharge $20,web,,20,Successful
TXN001281,10-20-2024,CUST00453, Sydney ,Prepaid,Recharge,Recharge $1,USSD,,0.00,Failed
TXN001032,20/02/2024,CUST00285,perth,Postpaid,Data Bundle,Data 6GB Monthly,App,6144,$25,Successful
TXN000792,22/03/2024, CUST00520 ,,Prepaid,Data Bundle,Data 1GB Daily,Online,1024, 3.50 ,Successful
TXN000800,45306,CUST00724, Sydney ,Prepaid,Data Bundle,Data 6GB Monthly,Ussd,6144,$25,Successful
TXN002433,20/10/2024, CUST00353 ,Sydney NSW,Prepaid,Data Bundle,Data 10GB Monthly,agent rep,10240,,Successful
TXN002799,22 Jan 2024,CUST00256,sydney,Prepaid,Recharge,Recharge $5,Agent,,-5,Reversed
TXN001202,08/10/2024,CUST00582,Perth-WA,Prepaid,Recharge,Recharge $5,Mobile App,, 5 ,Successful
TXN000423,26 Dec 2024, CUST00325 ,VIC,Prepaid,Recharge,Recharge $5,Mobile App,,$5,Successful
TXN002363,2024.09.25,CUST00576,Sydney NSW,Prepaid,Recharge,Recharge $1,Ussd,,AUD 1,Successful
TXN001952,03-19-2024,CUST00464,VIC,Prepaid,SMS Bundle,SMS 200,agent,, 2.50 ,Successful
TXN003070,12-06-2024,CUST00408,Brisbane QLD,Prepaid,Data Bundle,Data 6GB Monthly,U.S.S.D,6144,25,Successful
TXN001884,45299,CUST00146,Harbour City,Prepaid,Recharge,Recharge $20,Website,,AUD 20,Successful
TXN001731,14 Oct 2024,CUST00635, Sydney ,Prepaid,Data Bundle,Data 6GB Monthly,U.S.S.D,6144, 25 ,Successful
TXN004152,17 Jan 2024,CUST00483,sydney,Prepaid,Recharge,Recharge $10,USSD Code,,AUD 10,Successful
TXN001480,03/12/2024,CUST00575,SYD,Prepaid,SMS Bundle,SMS 200,agent rep,,-AUD 2.50,Reversed
TXN002592,04/12/2024,CUST00306,PTH,Prepaid,Data Bundle,Data 1GB Daily,USSD Code,1024,,Successful
TXN002962,01/10/2024,CUST00700,Sydney NSW,Prepaid,Recharge,Recharge $2,ussd,,,Successful
TXN001929,2024.02.22,CUST00217,,Postpaid,Voice Bundle,Voice 300min,agent rep,,$11,Successful
TXN002711,15/10/2024,CUST00551,SYD,Prepaid,Recharge,Recharge $20,app,,AUD 20,Successful
TXN003913,2024.06.09,CUST00777, Sydney ,Prepaid,Data Bundle,Data 1GB Daily,Web,1024,AUD 3.50,Successful
TXN001530,06/05/2024,CUST00785,adelaide,Prepaid,Data Bundle,Data 2GB Weekly,Online,2048, 8 ,Successful
TXN000903,06-12-2024,00303,Perth-WA,Prepaid,Recharge,Recharge $1,agent,, 1 ,Successful
TXN002810,10-04-2024,CUST00047,Adelaide,Prepaid,Recharge,Recharge $10,agent rep,,AUD 10,Successful
TXN000686,14/12/2024,CUST00298,VIC,Postpaid,Recharge,Recharge $2,Online,,,Successful
TXN001552,23/07/2024,CUST00465,perth,Prepaid,SMS Bundle,SMS 200,Web,,$2.50,Successful
TXN002482,2024.04.05, CUST00803 ,Brisbane,Postpaid,SMS Bundle,SMS 200,MobileApp,,AUD 2.50,Successful
TXN000160,2024.11.05,CUST00856,Brisbane QLD,Prepaid,Recharge,Recharge $2,U.S.S.D,,$2,Successful
TXN001000,18/09/2024,CUST00670,ADL,Prepaid,Recharge,Recharge $2,Agent,,$2,Successful
TXN003643,28 Apr 2024,CUST00458,Brisbane QLD,Prepaid,Recharge,Recharge $10,web,,AUD 10,Successful
TXN000561,2024.09.19,CUST00063, Sydney ,Prepaid,Recharge,Recharge $1,Ussd,,AUD 1,Successful
TXN002251,07-27-2024,CUST00678,ADL,Prepaid,Voice Bundle,Voice 300min,agent,, 11 ,Successful
TXN003072,27/11/2024,CUST00106,Sydney NSW,Prepaid,Data Bundle,Data 1GB Daily,USSD,1024,,Failed
TXN003930,10-02-2024,CUST00764,SYD,Prepaid,Recharge,Recharge $1,Web,,-1,Reversed
TXN002690,2024.04.28,CUST00011,Adelaide SA,Prepaid,Data Bundle,Data 40GB Monthly,Agent,40960,AUD 110,Successful
TXN000113,2024-13-40,CUST00890,Perth-WA,Prepaid,SMS Bundle,SMS 200,Agent,,$2.50,Successful
TXN004181,2024.12.09,CUST00482,adelaide,Postpaid,Data Bundle,Data 6GB Monthly,Website,6144,$25,Successful
TXN003380,45641,CUST00300, Sydney ,Postpaid,Data Bundle,Data 10GB Monthly,ussd,10240, 35 ,Successful
TXN003194,2024.12.07,00025,perth,Prepaid,Data Bundle,Data 6GB Monthly,agent rep,6144,AUD 25,Successful
TXN001447,16/05/2024,CUST00164,Harbour City,Postpaid,Data Bundle,Data 1GB Daily,Web,1024,0,Failed
TXN001953,01/10/2024, CUST00426 ,Hobart,Prepaid,Recharge,Recharge $10,USSD,,10,Successful
TXN003029,06-15-2024, CUST00506 ,Perth,Prepaid,Recharge,Recharge $10,Mobile App,,-AUD 10,Reversed
TXN000923,13/10/2024,CUST00490,sydney,Prepaid,Voice Bundle,Voice 100min,Web,,-AUD 4.50,Reversed
TXN001625,01/12/2024,CUST00684,Hobart,Prepaid,Data Bundle,Data 10GB Monthly,app,10240,$35,Successful
TXN003865,06/02/2024,CUST00022,Harbour City,Prepaid,Data Bundle,Data 2GB Weekly,Website,2048,,Failed
TXN002854,26/01/2024, CUST00266 ,SYD,Prepaid,Data Bundle,Data 1GB Daily,App,1024,3.50,Successful
TXN003775,10-09-2024, CUST00587 ,sydney,Prepaid,Recharge,Recharge $20,Mobile app,, 20 ,Successful
TXN002956,2024-13-40,CUST00589,Sydney NSW,Prepaid,Recharge,Recharge $1,Website,,1,Successful
TXN001320,22/04/2024,CUST00128,canberra,Postpaid,Recharge,Recharge $10,Website,,10,Successful
TXN001664,10-16-2024, CUST00075 ,Sydney,Prepaid,Data Bundle,Data 2GB Weekly,web,2048,,Failed
TXN000816,10/11/2024,CUST00248,Harbour City,Prepaid,SMS Bundle,SMS 200,ussd,,0,Failed
TXN003700,05 Jul 2024,CUST00631,SYD,Prepaid,Recharge,Recharge $2,U.S.S.D,,AUD 2,Successful
TXN002267,23/06/2024,CUST00548,sydney,Prepaid,Data Bundle,Data 1GB Daily,Mobile App,1024,AUD 3.50,Successful
TXN001474,04-01-2024,CUST00695,Harbour City,Prepaid,Recharge,Recharge $1,MobileApp,,$1,Successful
TXN001774,2024.12.22,CUST00618,BNE,Prepaid,Recharge,Recharge $10,Ussd,,AUD 10,Successful
TXN000680,03-07-2024,CUST00542,Harbour City,Prepaid,Voice Bundle,Voice 100min,USSD,, 4.50 ,Successful
TXN003827,06-22-2024,CUST00469,BNE,Postpaid,Recharge,Recharge $2,app,, 2 ,Successful
TXN001094,45401,CUST00333,Adelaide,Prepaid,Data Bundle,Data 40GB Monthly,Online,40960,$110,Successful
TXN000081,06/09/2024,CUST00674,CBR,Postpaid,Recharge,Recharge $1,web,,$1,Successful
TXN001951,13/10/2024,CUST00571,Adelaide,Prepaid,Recharge,Recharge $5,Ussd,,$5,Successful
TXN004153,16/03/2024,CUST00376,SYD,Postpaid,Recharge,Recharge $2,Website,,$2,Successful
TXN003670,03-17-2024, CUST00740 ,BNE,Postpaid,Recharge,Recharge $10,USSD,,$10,Successful
TXN003929,45358,CUST00314,Sydney NSW,Prepaid,Recharge,Recharge $1,USSD,, 1 ,Successful
TXN002801,13/01/2024,CUST00550,Brisbane QLD,Prepaid,Voice Bundle,Voice 100min,ussd,,0.00,Failed
TXN001240,05-01-2024,CUST00260,Sydney NSW,Prepaid,Data Bundle,Data 2GB Weekly,Website,2048,$8,Successful
TXN000330,01 May 2024,CUST00407,Sydney,Prepaid,Data Bundle,Data 40GB Monthly,App,40960,$110,Successful
TXN003103,06-23-2024,CUST00656,SYD,Prepaid,Recharge,Recharge $1,Agent Rep,,1,Successful
TXN000243,13/12/2024,CUST00440,SYD,Prepaid,Data Bundle,Data 1GB Daily,USSD Code,1024, 3.50 ,Successful
TXN003667,10/04/2024, CUST00034 ,SYD,Prepaid,Recharge,Recharge $2,USSD,,$2,Successful
TXN000642,04-02-2024,CUST00166,ADL,Prepaid,Recharge,Recharge $1,MobileApp,,$1,Successful
TXN000697,04/11/2024,CUST00441,SYD,Prepaid,Recharge,Recharge $5,Online,,AUD 5,Successful
TXN002258,22/12/2024,00593,sydney,Prepaid,Data Bundle,Data 1GB Daily,agent rep,1024,-3.50,Reversed
TXN900036,27/08/2024, CUST00041 ,Brisbane,Prepaid,Recharge,Recharge $2,Online,, 2 ,Successful
TXN002819,06-14-2024, CUST00042 ,brisbane,Postpaid,Recharge,Recharge $2,MobileApp,,2,Successful
TXN000754,23/02/2024,CUST00136,adelaide,Prepaid,Recharge,Recharge $2,Ussd,,2,Successful
TXN000436,07/04/2024,CUST00855,Harbour City,Postpaid,Recharge,Recharge $2,Website,,0,Failed
TXN001564,01-26-2024,CUST00017,BNE,Postpaid,Data Bundle,Data 10GB Monthly,Agent,10240,35,Successful
TXN001935,17/04/2024,00405,Brisbane QLD,Prepaid,Recharge,Recharge $2,Mobile App,,2,Successful
TXN003112,25/11/2024,CUST00147,PTH,Prepaid,Recharge,Recharge $2,Mobile App,,(2),Reversed
TXN004118,09 Sep 2024,CUST00255,sydney,Prepaid,Recharge,Recharge $5,Agent,,5,Successful
TXN003023,16/09/2024,CUST00075,SYD,Prepaid,Recharge,Recharge $5,Ussd,,$5,Successful
TXN001713,2024-13-40,CUST00718,Adelaide SA,Prepaid,Recharge,Recharge $1,Web,,AUD 1,Successful
TXN000552,28/11/2024, CUST00658 ,Harbour City,Prepaid,Data Bundle,Data 6GB Monthly,Online,6144,AUD 25,Successful
TXN003741,13/11/2024,CUST00766,Sydney,Postpaid,Recharge,Recharge $5,agent,,,Failed
TXN003898,26/12/2024,CUST00129,SYD,Prepaid,SMS Bundle,SMS 200,Agent,,2.50,Successful
TXN000602,16/03/2024,CUST00797, Sydney ,Prepaid,Recharge,Recharge $1,Agent Rep,, 1 ,Successful
TXN001965,2024.01.26,CUST00489, Sydney ,Postpaid,Data Bundle,Data 6GB Monthly,Mobile App,6144,-AUD 25,Reversed
TXN001014,45375, CUST00215 ,adelaide,Prepaid,Data Bundle,Data 2GB Weekly,USSD,2048,AUD 8,Successful
TXN003056,05-14-2024, CUST00824 ,SYD,Postpaid,Data Bundle,Data 1GB Daily,web,1024,0,Failed
TXN003677,2024.12.11, CUST00568 ,Hobart,Prepaid,Recharge,Recharge $20,USSD Code,, 20 ,Successful
TXN001428,21 Nov 2024,CUST00316,CBR,Prepaid,Data Bundle,Data 6GB Monthly,ussd,6144,$25,Successful
TXN002013,03/07/2024,CUST00248,Sydney NSW,Prepaid,Data Bundle,Data 1GB Daily,Agent,1024,-3.50,Reversed
TXN003323,20/10/2024,CUST00842,Harbour City,Postpaid,Recharge,Recharge $20,agent rep,,(20),Reversed
TXN001387,05/04/2024,CUST00659,Harbour City,Postpaid,Recharge,Recharge $2,Website,,,Failed
TXN001296,02/04/2024,CUST00133,Adelaide SA,Prepaid,Recharge,Recharge $20,Agent Rep,,20,Successful
TXN000467,07-20-2024,CUST00324,HBA,Prepaid,Recharge,Recharge $2,Web,,AUD 2,Successful
TXN001500,17/06/2024,CUST00373, Sydney ,Postpaid,Data Bundle,Data 1GB Daily,U.S.S.D,1024,3.50,Successful
TXN003851,05/04/2024,00614,Adelaide SA,Prepaid,Recharge,Recharge $2,USSD,,2,Successful
TXN003591,07/10/2024,00652,Adelaide SA,Prepaid,SMS Bundle,SMS 200,web,, 2.50 ,Successful
TXN000278,2024.04.07,CUST00110,Sydney,Prepaid,Voice Bundle,Voice 300min,Website,,AUD 11,Successful
TXN001070,45335,CUST00235,Perth,Prepaid,SMS Bundle,SMS 200,Online,,$2.50,Successful
TXN001549,10-18-2024,CUST00572,Melbourne VIC,Prepaid,Recharge,Recharge $20,Web,, 20 ,Successful
TXN003066,16 Dec 2024, CUST00358 ,MEL,Prepaid,Recharge,Recharge $5,app,,5,Successful
TXN001025,22/10/2024,CUST00772,Melbourne VIC,Prepaid,Data Bundle,Data 40GB Monthly,U.S.S.D,40960,$110,Successful
TXN001466,21/10/2024,CUST00130,Sydney NSW,Postpaid,Voice Bundle,Voice 300min,Website,,-AUD 11,Reversed
TXN002771,10-03-2024,CUST00724,Sydney NSW,Prepaid,Recharge,Recharge $2,MobileApp,,0,Failed
TXN000941,08 May 2024,00256,Harbour City,Prepaid,Recharge,Recharge $1,ussd,,0.00,Failed
TXN002835,2024.06.25,CUST00511,SYD,Prepaid,Recharge,Recharge $20,Website,, 20 ,Successful
TXN004121,07/06/2024, CUST00500 ,CBR,Postpaid,Data Bundle,Data 6GB Monthly,web,6144, 25 ,Successful
TXN001467,45531,CUST00706,Harbour City,Prepaid,Data Bundle,Data 1GB Daily,USSD Code,1024,3.50,Successful
TXN001324,21 Nov 2024,CUST00151,Hobart,Prepaid,Recharge,Recharge $1,web,,,Failed
TXN002676,17/04/2024, CUST00400 ,Brisbane,Postpaid,Data Bundle,Data 6GB Monthly,web,6144,,Successful
TXN001400,08-20-2024,CUST00063, Sydney ,Prepaid,Recharge,Recharge $5,Mobile app,,,Successful
TXN003704,26/04/2024,CUST00489,Sydney,Postpaid,SMS Bundle,SMS 200,U.S.S.D,,,Successful
TXN001450,05-03-2024,CUST00612,Perth,Prepaid,Data Bundle,Data 2GB Weekly,ussd,2048,AUD 8,Successful
TXN003618,04/04/2024,CUST00046,Harbour City,Prepaid,Recharge,Recharge $2,Agent,,0.00,Failed
TXN000907,01-02-2024,CUST00122,Brisbane,Postpaid,Data Bundle,Data 40GB Monthly,agent rep,40960,AUD 110,Successful
TXN004011,10/02/2024,CUST00016,Adelaide SA,Prepaid,Data Bundle,Data 2GB Weekly,USSD,2048,AUD 8,Successful
TXN003566,08-10-2024,CUST00853, Sydney ,Postpaid,Data Bundle,Data 2GB Weekly,agent,2048,8,Successful
TXN002612,04/08/2024,CUST00735,HBA,Prepaid,Data Bundle,Data 40GB Monthly,App,40960,AUD 110,Successful
TXN001896,07-09-2024,CUST00438,HBA,Prepaid,SMS Bundle,SMS 200,ussd,,$2.50,Successful
TXN003298,04 Jan 2024,CUST00060,brisbane,Prepaid,Data Bundle,Data 2GB Weekly,Website,2048,,Successful
TXN000389,09/10/2024,CUST00461,Perth,Postpaid,Data Bundle,Data 6GB Monthly,Agent,6144,AUD 25,Successful
TXN002071,2024.09.20,00240,HBA,Prepaid,Recharge,Recharge $1,Website,,1,Successful
TXN003508,27/02/2024,CUST00395,Brisbane,Prepaid,Recharge,Recharge $1,Website,,1,Successful
TXN002173,04-06-2024,CUST00426,hobart,Prepaid,Data Bundle,Data 1GB Daily,App,1024,$3.50,Successful
TXN003496,11/06/2024,CUST00065,Hobart,Postpaid,Recharge,Recharge $2,MobileApp,,0,Failed
TXN003731,17 Jun 2024,CUST00627,brisbane,Prepaid,Recharge,Recharge $2,USSD Code,, 2 ,Successful
TXN002822,11-05-2024,CUST00199,melbourne,Prepaid,Recharge,Recharge $10,USSD,,10,Successful
TXN000881,08-18-2024,00319,,Prepaid,Recharge,Recharge $10,Agent,,10,Successful
TXN004094,20/08/2024,CUST00631,Sydney,Prepaid,Data Bundle,Data 10GB Monthly,agent,10240,35,Successful
TXN003193,07-21-2024,CUST00071,melbourne,Prepaid,Data Bundle,Data 1GB Daily,web,1024,$3.50,Successful
TXN003215,09 Nov 2024,CUST00385,Harbour City,Postpaid,Data Bundle,Data 6GB Monthly,agent,6144,0,Failed
TXN000051,17/12/2024,CUST00110,,Prepaid,Recharge,Recharge $2,Agent Rep,, 2 ,Successful
TXN001888,07/05/2024,00070,ADL,Prepaid,Recharge,Recharge $20,USSD,,0.00,Failed
TXN001703,26 Apr 2024,CUST00297,SYD,Prepaid,Voice Bundle,Voice 100min,Online,,0,Failed
TXN004020,09-23-2024,CUST00783,CBR,Prepaid,Recharge,Recharge $10,App,,,Successful
TXN000134,09-03-2024,CUST00434,Sydney NSW,Prepaid,Data Bundle,Data 1GB Daily,USSD Code,1024,,Failed
TXN001106,22 Dec 2024,CUST00232,Harbour City,Prepaid,Voice Bundle,Voice 100min,USSD Code,,4.50,Successful
TXN000704,45299,CUST00360,Harbour City,Prepaid,Data Bundle,Data 2GB Weekly,USSD Code,2048,$8,Successful
TXN000483,15/03/2024,CUST00068,Sydney,Prepaid,Data Bundle,Data 2GB Weekly,App,2048,,Successful
TXN003394,09/03/2024,CUST00888,CBR,Prepaid,Data Bundle,Data 6GB Monthly,app,6144,-25,Reversed
TXN001146,05-10-2024,CUST00041,,Prepaid,Data Bundle,Data 40GB Monthly,MobileApp,40960,AUD 110,Successful
TXN002039,12/12/2024,CUST00364,Perth,Prepaid,Voice Bundle,Voice 100min,app,,4.50,Successful
TXN002252,25/02/2024,CUST00548,Sydney NSW,Prepaid,SMS Bundle,SMS 200,Mobile app,, 2.50 ,Successful
TXN000067,2024.01.12,CUST00106,Sydney,Prepaid,Data Bundle,Data 1GB Daily,Website,1024,$3.50,Successful
TXN002895,15/03/2024,CUST00580,Adelaide,Prepaid,SMS Bundle,SMS 200,Mobile app,,-AUD 2.50,Reversed
TXN002782,07-14-2024,CUST00012,VIC,Prepaid,Recharge,Recharge $5,Agent Rep,,AUD 5,Successful
TXN002314,17 Oct 2024,CUST00333,Adelaide,Prepaid,Data Bundle,Data 1GB Daily,App,1024,AUD 3.50,Successful
TXN002850,18/03/2024,CUST00347,PER,Postpaid,Data Bundle,Data 1GB Daily,app,1024,-AUD 3.50,Reversed
TXN004184,05-02-2024, CUST00512 ,hobart,Prepaid,Data Bundle,Data 10GB Monthly,MobileApp,10240,35,Successful
TXN003104,2024.09.28,CUST00019,Adelaide SA,Prepaid,Data Bundle,Data 6GB Monthly,Mobile App,6144,25,Successful
TXN000908,2024.04.27,CUST00257,Adelaide SA,Prepaid,Recharge,Recharge $5,app,,5,Successful
TXN000032,13 Feb 2024,CUST00419,Perth-WA,Prepaid,Data Bundle,Data 1GB Daily,Mobile app,1024, 3.50 ,Successful
TXN002466,2024.02.22,CUST00232, Sydney ,Prepaid,Data Bundle,Data 1GB Daily,ussd,1024,AUD 3.50,Successful
TXN002930,07/04/2024,CUST00446,perth,Prepaid,Recharge,Recharge $10,agent rep,,AUD 10,Successful
TXN002681,11/06/2024,00084, Sydney ,Prepaid,Recharge,Recharge $5,agent,,AUD 5,Successful
TXN000874,2024.02.26,00802,Perth,Prepaid,Recharge,Recharge $5,USSD,,5,Successful
TXN000011,15/09/2024,CUST00064,Sydney NSW,Postpaid,Data Bundle,Data 1GB Daily,Agent Rep,1024,$3.50,Successful
TXN000065,12/05/2024,CUST00758,Melbourne VIC,Prepaid,Recharge,Recharge $1,Agent Rep,, 1 ,Successful
TXN004045,15/12/2024,CUST00401,Harbour City,Prepaid,Data Bundle,Data 2GB Weekly,agent rep,2048,$8,Successful
TXN003478,26 Nov 2024,CUST00140,Sydney,Prepaid,Recharge,Recharge $5,MobileApp,,AUD 5,Successful
TXN000777,13/03/2024,CUST00806,PER,Prepaid,Recharge,Recharge $10,Agent Rep,,10,Successful
TXN000078,45558, CUST00259 , Sydney ,Prepaid,Recharge,Recharge $5,Web,,5,Successful
TXN000492,10-03-2024, CUST00736 ,CBR,Prepaid,Recharge,Recharge $10,Website,,AUD 10,Successful
TXN003762,06-17-2024,CUST00375,melbourne,Prepaid,Recharge,Recharge $2,Agent,,2,Successful
TXN003921,05-24-2024,CUST00022,Sydney NSW,Prepaid,Data Bundle,Data 2GB Weekly,Agent,2048,$8,Successful
TXN002581,06/05/2024,CUST00486,sydney,Prepaid,Recharge,Recharge $5,web,,0.00,Failed
TXN002114,11-28-2024,CUST00888,,Prepaid,Voice Bundle,Voice 100min,Mobile app,, 4.50 ,Successful
TXN004115,2024.02.22,CUST00651,Adelaide SA,Prepaid,Data Bundle,Data 6GB Monthly,agent,6144,,Successful
TXN003484,22/12/2024,CUST00563,PER,Prepaid,Voice Bundle,Voice 300min,Agent Rep,,$11,Successful
TXN001578,03-06-2024,CUST00256, Sydney ,Prepaid,Recharge,Recharge $5,Web,,AUD 5,Successful
TXN002345,2024.05.19, CUST00032 ,BNE,Prepaid,Recharge,Recharge $5,Online,,$5,Successful
TXN000592,27/07/2024,00512,hobart,Prepaid,Recharge,Recharge $1,ussd,,-1,Reversed
TXN003492,09 Mar 2024,CUST00611,Brisbane QLD,Prepaid,Recharge,Recharge $2,USSD,,$2,Successful
TXN002816,2024.02.01,CUST00426,HBA,Prepaid,Recharge,Recharge $20,web,,$20,Successful
TXN003511,19 Mar 2024,00402,BNE,Postpaid,Recharge,Recharge $2,USSD Code,, 2 ,Successful
TXN001286,19/11/2024,CUST00195,canberra,Prepaid,Recharge,Recharge $5,App,,,Successful
TXN004147,21 Nov 2024,CUST00707,MEL,Prepaid,Recharge,Recharge $5,agent,,$5,Successful
TXN000725,08 Nov 2024,00509, Sydney ,Prepaid,Data Bundle,Data 6GB Monthly,Website,6144,-AUD 25,Reversed
TXN003786,27/05/2024,CUST00864,Brisbane QLD,Prepaid,Data Bundle,Data 10GB Monthly,agent,10240,AUD 35,Successful
TXN003354,20/10/2024,CUST00802,PTH,Prepaid,Recharge,Recharge $5,Ussd,,AUD 5,Successful
TXN002675,22/08/2024,CUST00554,PER,Postpaid,Voice Bundle,Voice 300min,Agent,,$11,Successful
TXN003425,09-19-2024,CUST00124,SYD,Prepaid,Recharge,Recharge $1,Web,,(1),Reversed
TXN003758,2024.06.23,CUST00499,Melbourne,Prepaid,Voice Bundle,Voice 100min,Agent Rep,,AUD 4.50,Successful
TXN900006,2024.08.21,CUST00422,perth,Postpaid,Data Bundle,Data 40GB Monthly,web,40960,AUD 110,Successful
TXN001213,01 Dec 2024,CUST00836,VIC,Postpaid,Recharge,Recharge $2,U.S.S.D,,,Successful
TXN002483,05/02/2024,CUST00241,Melbourne,Prepaid,Data Bundle,Data 6GB Monthly,Mobile app,6144,,Successful
TXN002300,18/10/2024,CUST00493,PER,Prepaid,Voice Bundle,Voice 100min,Agent Rep,,AUD 4.50,Successful
TXN003857,09-02-2024,CUST00029,,Prepaid,Data Bundle,Data 1GB Daily,ussd,1024,0,Failed
TXN001638,2024.11.17,CUST00584,,Prepaid,Data Bundle,Data 6GB Monthly,Agent,6144,25,Successful
TXN004189,05-20-2024,CUST00681,Sydney,Postpaid,Recharge,Recharge $20,agent rep,,"$2,000",Successful
TXN001736,2024.11.15,CUST00475,canberra,Postpaid,Recharge,Recharge $5,Website,,AUD 5,Successful
TXN003125,11-14-2024,CUST00588,Sydney,Prepaid,Recharge,Recharge $10,Web,,0,Failed
TXN002360,16/01/2024,CUST00006, Sydney ,Prepaid,SMS Bundle,SMS 200,MobileApp,,$2.50,Successful
TXN000983,01-25-2024,CUST00010,adelaide,Prepaid,Data Bundle,Data 1GB Daily,ussd,1024,,Successful
TXN003028,09 Dec 2024,CUST00873,CBR,Postpaid,Data Bundle,Data 6GB Monthly,agent,6144,0.00,Failed
TXN000707,11/08/2024,CUST00387,SYD,Prepaid,Data Bundle,Data 10GB Monthly,App,10240,0.00,Failed
TXN002536,03/04/2024, CUST00869 ,canberra,Prepaid,Data Bundle,Data 1GB Daily,ussd,1024,,Successful
TXN001688,12/11/2024,00264,Canberra,Prepaid,Recharge,Recharge $10,USSD,, 10 ,Successful
TXN003918,05-03-2024, CUST00350 ,Melbourne,Prepaid,Data Bundle,Data 1GB Daily,agent rep,1024,$3.50,Successful
TXN000274,08-21-2024,CUST00521,Adelaide,Prepaid,SMS Bundle,SMS 200,Ussd,, 2.50 ,Successful
TXN001710,23/05/2024, CUST00650 ,VIC,Prepaid,Data Bundle,Data 1GB Daily,ussd,1024,,Successful
TXN003890,04-10-2024,CUST00657,Canberra,Prepaid,Voice Bundle,Voice 100min,USSD Code,,AUD 4.50,Successful
TXN004099,21/05/2024,CUST00256, Sydney ,Prepaid,Voice Bundle,Voice 300min,U.S.S.D,,,Successful
TXN000964,09/10/2024, CUST00567 ,sydney,Prepaid,Recharge,Recharge $5,Online,,(5),Reversed
TXN002926,10 Feb 2024,CUST00892,canberra,Postpaid,Data Bundle,Data 2GB Weekly,Ussd,2048,8,Successful
TXN003861,26/11/2024,00258,ADL,Postpaid,Data Bundle,Data 1GB Daily,ussd,1024, 3.50 ,Successful
TXN002134,02/12/2024,CUST00506,PER,Prepaid,Recharge,Recharge $5,Website,,$5,Successful
TXN001473,06/09/2024,00765,,Postpaid,Data Bundle,Data 10GB Monthly,Mobile App,10240,AUD 35,Successful
TXN002460,11 Feb 2024,CUST00521,adelaide,Prepaid,Recharge,Recharge $10,agent rep,, 10 ,Successful
TXN003983,21/04/2024,CUST00272,sydney,Prepaid,Voice Bundle,Voice 300min,ussd,,AUD 11,Successful
TXN003819,08-25-2024,CUST00387,Sydney,Prepaid,Recharge,Recharge $5,App,,,Failed
TXN001453,2024.04.03,CUST00217,Harbour City,Postpaid,Voice Bundle,Voice 300min,Mobile app,,,Failed
TXN002716,09/01/2024,CUST00461,perth,Postpaid,Data Bundle,Data 10GB Monthly,U.S.S.D,10240,$35,Successful
TXN003311,26/05/2024,CUST00234,Sydney,Prepaid,Recharge,Recharge $1,USSD Code,,,Failed
TXN000150,14/01/2024,CUST00155,ADL,Postpaid,Voice Bundle,Voice 300min,ussd,, 11 ,Successful
TXN002693,2024.04.02,CUST00044,Canberra,Prepaid,Recharge,Recharge $2,web,,,Successful
TXN002768,01/06/2024,CUST00285,perth,Postpaid,Data Bundle,Data 1GB Daily,agent,1024,$3.50,Successful
TXN001758,2024.05.09,CUST00777,,Prepaid,Recharge,Recharge $2,agent rep,, 2 ,Successful
TXN000219,11-17-2024,CUST00378,Canberra,Prepaid,Voice Bundle,Voice 300min,Mobile app,,AUD 11,Successful
TXN000240,06/11/2024,CUST00324,hobart,Prepaid,Recharge,Recharge $5,Agent,,$5,Successful
TXN001132,2024.04.18,CUST00246,Harbour City,Prepaid,Recharge,Recharge $2,agent rep,,0.00,Failed
TXN004056,07-20-2024, CUST00034 ,Sydney NSW,Prepaid,Data Bundle,Data 1GB Daily,Mobile app,1024,-3.50,Reversed
TXN003265,05/04/2024,00658, Sydney ,Prepaid,SMS Bundle,SMS 200,Web,,AUD 2.50,Successful
TXN002841,25/04/2024,CUST00791,melbourne,Postpaid,Recharge,Recharge $5,web,,5,Successful
TXN002240,21/08/2024,CUST00828,Brisbane QLD,Prepaid,Recharge,Recharge $20,Web,,$20,Successful
TXN002382,2024-13-40,CUST00110,SYD,Prepaid,Data Bundle,Data 6GB Monthly,Ussd,6144,$25,Successful
TXN001254,08-22-2024,CUST00824,sydney,Postpaid,Recharge,Recharge $5,Agent,,AUD 5,Successful
TXN001054,10/04/2024,CUST00298,Melbourne,Postpaid,Recharge,Recharge $1,Online,,1,Successful
TXN003011,45543,CUST00759,BNE,Prepaid,Recharge,Recharge $5,USSD Code,,$5,Successful
TXN001669,2024.06.09,CUST00844,Canberra,Prepaid,Data Bundle,Data 6GB Monthly,ussd,6144, 25 ,Successful
TXN003803,2024.06.05,CUST00795,Melbourne,Postpaid,Data Bundle,Data 1GB Daily,Website,1024,AUD 3.50,Successful
TXN003075,45538,CUST00204,sydney,Prepaid,Data Bundle,Data 2GB Weekly,U.S.S.D,2048,AUD 8,Successful
TXN900007,07-22-2024,CUST00879,Melbourne VIC,Prepaid,SMS Bundle,SMS 200,USSD,,$2.50,Successful
TXN004079,20/10/2024,CUST00677,Canberra,Postpaid,Recharge,Recharge $20,Website,,20,Successful
TXN001358,2024.02.26, CUST00823 ,MEL,Prepaid,Recharge,Recharge $1,agent rep,,1,Successful
TXN000776,03/04/2024,CUST00364,perth,Prepaid,Recharge,Recharge $1,MobileApp,, 1 ,Successful
TXN002631,2024.09.26,CUST00679, Sydney ,Prepaid,Recharge,Recharge $1,Ussd,,$1,Successful
TXN002833,04-23-2024, CUST00716 ,Adelaide SA,Prepaid,Data Bundle,Data 2GB Weekly,agent rep,2048,,Successful
TXN003922,20 Dec 2024, CUST00781 ,,Prepaid,Recharge,Recharge $10,Web,,$10,Successful
TXN000840,,CUST00118, Sydney ,Prepaid,Recharge,Recharge $2,Ussd,,-AUD 2,Reversed
TXN000628,12 Feb 2024, CUST00053 , Sydney ,Prepaid,Recharge,Recharge $1,Ussd,,-1,Reversed
TXN003568,14/05/2024,CUST00810,Harbour City,Postpaid,Data Bundle,Data 40GB Monthly,ussd,40960,$110,Successful
TXN000324,05/11/2024,CUST00284,sydney,Postpaid,Recharge,Recharge $20,web,, 20 ,Successful
TXN004070,09-18-2024,CUST00137,perth,Postpaid,Data Bundle,Data 2GB Weekly,Web,2048,$8,Successful
TXN001656,45552,CUST00680,Hobart,Prepaid,Data Bundle,Data 2GB Weekly,Mobile App,2048,8,Successful
TXN001868,18/08/2024,CUST00095,Harbour City,Prepaid,Recharge,Recharge $1,Web,,,Successful
TXN001161,27 Sep 2024,CUST00332,canberra,Prepaid,Data Bundle,Data 10GB Monthly,ussd,10240,$35,Successful
TXN002827,13/11/2024,CUST00306,perth,Prepaid,Recharge,Recharge $20,App,,,Failed
TXN001077,2024.09.07,CUST00244,VIC,Prepaid,Recharge,Recharge $1,USSD,,-AUD 1,Reversed
TXN002988,2024.09.21,CUST00646,Sydney,Prepaid,SMS Bundle,SMS 200,Web,, 2.50 ,Successful
TXN000438,02-21-2024,CUST00765,VIC,Postpaid,Data Bundle,Data 10GB Monthly,Website,10240,35,Successful
TXN000120,24 Aug 2024,CUST00406,Melbourne,Prepaid,Recharge,Recharge $2,Ussd,,$2,Successful
TXN003960,24 May 2024,00040,SYD,Prepaid,Data Bundle,Data 40GB Monthly,USSD Code,40960,110,Successful
TXN003693,05 Sep 2024,CUST00164,Harbour City,Postpaid,Data Bundle,Data 1GB Daily,Mobile app,1024,0,Failed
TXN003968,2024.07.27,CUST00258,adelaide,Postpaid,Data Bundle,Data 10GB Monthly,Online,10240,AUD 35,Successful
TXN001815,2024-13-40,CUST00475,CBR,Postpaid,Voice Bundle,Voice 300min,USSD,,AUD 11,Successful
TXN003414,2024.10.11, CUST00156 ,hobart,Prepaid,Voice Bundle,Voice 100min,Web,, 4.50 ,Successful
TXN001840,09/09/2024,CUST00258,Adelaide SA,Postpaid,Data Bundle,Data 2GB Weekly,Agent Rep,2048, 8 ,Successful
TXN001027,08-28-2024,CUST00090,VIC,Prepaid,SMS Bundle,SMS 200,agent,,AUD 2.50,Successful
TXN003302,01-02-2024,CUST00488,SYD,Prepaid,Data Bundle,Data 40GB Monthly,Agent Rep,40960,110,Successful
TXN003717,2024.09.13,CUST00130,SYD,Postpaid,Voice Bundle,Voice 100min,Web,,-AUD 4.50,Reversed
TXN003429,20/10/2024,CUST00201,Melbourne,Prepaid,Recharge,Recharge $2,ussd,,2,Successful
TXN000077,09-27-2024,CUST00852,Sydney NSW,Prepaid,Recharge,Recharge $20,Mobile app,,20,Successful
TXN003102,26/08/2024,CUST00174,Canberra,Prepaid,Data Bundle,Data 1GB Daily,USSD Code,1024,(3.50),Reversed
TXN000901,15/12/2024,CUST00225,Adelaide SA,Prepaid,Recharge,Recharge $2,Web,,$2,Successful
TXN000372,12 May 2024,CUST00820,Sydney NSW,Prepaid,Recharge,Recharge $1,app,,1,Successful
TXN001205,14/12/2024,CUST00048, Sydney ,Prepaid,Recharge,Recharge $10,Website,,10,Successful
TXN003812,05-18-2024,CUST00193,MEL,Prepaid,Recharge,Recharge $10,Online,,10,Successful
TXN900017,15 Dec 2024,CUST00167,adelaide,Prepaid,Recharge,Recharge $2,agent,,$2,Successful
TXN000942,22 Nov 2024,CUST00346,,Prepaid,Recharge,Recharge $2,MobileApp,,$2,Successful
TXN002626,45551,CUST00315,,Prepaid,Recharge,Recharge $5,Agent Rep,,$5,Successful
TXN002868,15 Jan 2024,CUST00890,Perth,Prepaid,Recharge,Recharge $2,Online,, 2 ,Successful
TXN000553,17/03/2024,CUST00639,sydney,Prepaid,Data Bundle,Data 10GB Monthly,MobileApp,10240, 35 ,Successful
TXN000407,09 May 2024,CUST00849, Sydney ,Prepaid,Data Bundle,Data 1GB Daily,Agent,1024, 3.50 ,Successful
TXN002118,12-17-2024,00242,Melbourne,Prepaid,Data Bundle,Data 6GB Monthly,Ussd,6144,25,Successful
TXN003632,2024.05.23,CUST00552,Melbourne,Prepaid,Data Bundle,Data 6GB Monthly,Agent Rep,6144,AUD 25,Successful
TXN003718,24/08/2024,CUST00835,brisbane,Postpaid,Data Bundle,Data 40GB Monthly,app,40960, 110 ,Successful
TXN001614,12/09/2024,CUST00839,Brisbane QLD,Prepaid,Recharge,Recharge $10,Web,,0,Failed
TXN002935,20/11/2024,CUST00856,Brisbane,Prepaid,Recharge,Recharge $2,Mobile app,,AUD 2,Successful
TXN000969,09-21-2024,CUST00522,adelaide,Prepaid,Data Bundle,Data 2GB Weekly,Web,2048,$8,Successful
TXN004010,45421,CUST00898,Perth,Prepaid,Recharge,Recharge $10,Online,,AUD 10,Successful
TXN002834,45385,00239,Brisbane QLD,Prepaid,Recharge,Recharge $5,Agent Rep,,$5,Successful
TXN004100,23/11/2024,CUST00474,canberra,Prepaid,Recharge,Recharge $5,web,,$5,Successful
TXN003384,15/04/2024,CUST00793,Sydney,Prepaid,Voice Bundle,Voice 100min,agent,,AUD 4.50,Successful
TXN004028,05/11/2024,CUST00016,Adelaide SA,Prepaid,Data Bundle,Data 1GB Daily,Mobile App,1024,,Failed
TXN002350,10/07/2024,CUST00472,ADL,Prepaid,Data Bundle,Data 2GB Weekly,Agent,2048,,Successful
TXN001747,12-16-2024,CUST00650,melbourne,Prepaid,Recharge,Recharge $5,Mobile App,,$5,Successful
TXN000690,2024.11.24,CUST00239,Brisbane QLD,Prepaid,Data Bundle,Data 6GB Monthly,agent,6144,$25,Successful
TXN002861,04/02/2024,CUST00659,SYD,Postpaid,Recharge,Recharge $2,agent rep,,2,Successful
TXN003110,26 Dec 2024,CUST00863,adelaide,Prepaid,Data Bundle,Data 1GB Daily,Website,1024,3.50,Successful
TXN003426,13/10/2024,CUST00359, Sydney ,Prepaid,Recharge,Recharge $5,web,,$5,Successful
TXN004160,26 Dec 2024,CUST00374,adelaide,Prepaid,Recharge,Recharge $2,Agent Rep,,AUD 2,Successful
TXN001739,13/02/2024,00223,HBA,Prepaid,Recharge,Recharge $2,Website,,AUD 2,Successful
TXN000237,01-21-2024,CUST00482,ADL,Postpaid,SMS Bundle,SMS 200,MobileApp,,(2.50),Reversed
TXN900002,45458,00643,PTH,Prepaid,Data Bundle,Data 6GB Monthly,Website,6144,AUD 25,Successful
TXN001987,17 Jul 2024,CUST00643,Perth-WA,Prepaid,SMS Bundle,SMS 200,Website,,$2.50,Successful
TXN001984,, CUST00113 ,SYD,Prepaid,Data Bundle,Data 2GB Weekly,agent rep,2048,-8,Reversed
TXN003164,18/08/2024, CUST00506 ,Perth,Prepaid,Recharge,Recharge $5,Online,,$5,Successful
TXN002843,21/04/2024,CUST00825,Sydney NSW,Prepaid,SMS Bundle,SMS 200,Website,,2.50,Successful
TXN000500,02/12/2024,CUST00340,Sydney,Prepaid,SMS Bundle,SMS 200,agent rep,,0,Failed
TXN000823,45398,CUST00893,Sydney NSW,Prepaid,SMS Bundle,SMS 200,Online,,,Successful
TXN003626,2024.08.24,CUST00268,perth,Prepaid,Recharge,Recharge $2,Agent Rep,,,Successful
TXN003128,06/02/2024,CUST00361,Sydney,Postpaid,Data Bundle,Data 1GB Daily,ussd,1024,0,Failed
TXN003375,08-19-2024,CUST00424,Melbourne VIC,Prepaid,Recharge,Recharge $5,USSD Code,,5,Successful
TXN000795,2024.07.06,CUST00684,Hobart,Prepaid,Data Bundle,Data 1GB Daily,web,1024,$3.50,Successful
TXN003359,45526,CUST00490,Harbour City,Prepaid,Recharge,Recharge $10,Online,,$10,Successful
TXN003926,2024.06.11,CUST00734,Hobart,Prepaid,Voice Bundle,Voice 100min,web,,0.00,Failed
TXN003292,04-05-2024,CUST00174,CBR,Prepaid,Recharge,Recharge $5,MobileApp,,0.00,Failed
TXN000991,20/06/2024,CUST00695,SYD,Prepaid,Data Bundle,Data 6GB Monthly,Agent Rep,6144,,Successful
TXN000568,13/03/2024,CUST00054, Sydney ,Prepaid,Recharge,Recharge $10,Mobile app,,10,Successful
TXN002983,21/03/2024,CUST00579,melbourne,Prepaid,Recharge,Recharge $5,USSD,,0.00,Failed
TXN002436,04-28-2024,00481,PTH,Prepaid,Data Bundle,Data 40GB Monthly,Mobile App,40960,AUD 110,Successful
TXN003842,2024.12.15,CUST00452,CBR,Prepaid,Recharge,Recharge $10,app,, 10 ,Successful
TXN000391,04-11-2024,CUST00800,BNE,Prepaid,Recharge,Recharge $20,Ussd,, 20 ,Successful
TXN000744,2024.02.12,CUST00153,sydney,Prepaid,Recharge,Recharge $1,web,,1,Successful
TXN002401,07-23-2024,CUST00491,Sydney,Postpaid,Data Bundle,Data 10GB Monthly,app,10240,35,Successful
TXN001218,23/10/2024,CUST00271,adelaide,Postpaid,Data Bundle,Data 6GB Monthly,app,6144, 25 ,Successful
TXN000236,2024.10.11,CUST00431,HBA,Prepaid,Data Bundle,Data 1GB Daily,USSD,1024,$3.50,Successful
TXN000332,12/10/2024,CUST00754,Harbour City,Prepaid,Data Bundle,Data 6GB Monthly,agent rep,6144,0,Failed
TXN000481,16 Nov 2024,CUST00189,Perth,Prepaid,Recharge,Recharge $2,web,,,Successful
TXN002043,11/12/2024,00851,Brisbane,Prepaid,Recharge,Recharge $10,USSD,, 10 ,Successful
TXN002616,18/09/2024, CUST00007 ,Sydney NSW,Prepaid,Data Bundle,Data 40GB Monthly,app,40960,AUD 110,Successful
TXN003189,16 Aug 2024,CUST00364,PER,Prepaid,Data Bundle,Data 2GB Weekly,app,2048,AUD 8,Successful
TXN003681,20/02/2024,CUST00266,Harbour City,Prepaid,Voice Bundle,Voice 300min,agent,,0.00,Failed
TXN001678,09/05/2024,CUST00157,Sydney NSW,Prepaid,Recharge,Recharge $10,U.S.S.D,, 10 ,Successful
TXN000045,02-18-2024, CUST00174 ,Canberra,Prepaid,Voice Bundle,Voice 300min,U.S.S.D,,11,Successful
TXN002285,08/06/2024,CUST00213,melbourne,Prepaid,Data Bundle,Data 2GB Weekly,Agent Rep,2048,-8,Reversed
TXN003879,05-06-2024, CUST00600 ,Hobart,Prepaid,Recharge,Recharge $1,Agent Rep,,,Successful
TXN003972,26 Apr 2024,CUST00026,Melbourne VIC,Prepaid,Recharge,Recharge $20,USSD,,$20,Successful
TXN000121,03 Mar 2024,CUST00002,Harbour City,Prepaid,Recharge,Recharge $2,USSD,,$2,Successful
TXN003437,09/02/2024,CUST00584,MEL,Prepaid,SMS Bundle,SMS 200,Online,,$2.50,Successful
TXN002539,05-22-2024,00597, Sydney ,Prepaid,Data Bundle,Data 1GB Daily,Ussd,1024,$3.50,Successful
TXN003073,21/06/2024,CUST00304,Melbourne VIC,Prepaid,Recharge,Recharge $10,Ussd,, 10 ,Successful
TXN003135,17 Dec 2024,CUST00158,adelaide,Postpaid,Recharge,Recharge $2,agent,,,Failed
TXN001273,,CUST00143,Melbourne,Postpaid,Recharge,Recharge $1,MobileApp,, 1 ,Successful
TXN003526,11-05-2024,CUST00235,PER,Prepaid,Data Bundle,Data 1GB Daily,USSD,1024, 3.50 ,Successful
TXN000927,15/09/2024, CUST00295 ,Melbourne VIC,Prepaid,Data Bundle,Data 40GB Monthly,Website,40960,$110,Successful
TXN002564,02-17-2024,CUST00645,sydney,Prepaid,Recharge,Recharge $2,agent rep,,$2,Successful
TXN001595,45570,CUST00061,Adelaide,Prepaid,Data Bundle,Data 10GB Monthly,MobileApp,10240,$35,Successful
TXN000224,21/12/2024,CUST00486,Harbour City,Prepaid,Data Bundle,Data 10GB Monthly,agent rep,10240,0.00,Failed
TXN000767,11-03-2024,CUST00790,Sydney NSW,Postpaid,Recharge,Recharge $10,Web,,$10,Successful
TXN000614,15/12/2024, CUST00222 ,Brisbane QLD,Postpaid,Data Bundle,Data 1GB Daily,MobileApp,1024,AUD 3.50,Successful
TXN002892,20/12/2024,CUST00321,canberra,Prepaid,Recharge,Recharge $1,MobileApp,,0,Failed
TXN001246,14/08/2024,CUST00855,sydney,Postpaid,SMS Bundle,SMS 200,agent rep,,2.50,Successful
TXN003674,2024.05.27,CUST00791,VIC,Postpaid,Recharge,Recharge $10,Agent Rep,, 10 ,Successful
TXN001541,10/02/2024,CUST00895,MEL,Prepaid,Data Bundle,Data 1GB Daily,agent rep,1024,$3.50,Successful
TXN003538,03 Sep 2024, CUST00202 ,Melbourne VIC,Postpaid,Data Bundle,Data 2GB Weekly,Website,2048,8,Successful
TXN000053,28/09/2024,CUST00308,BNE,Prepaid,SMS Bundle,SMS 200,USSD Code,,$2.50,Successful
TXN000530,2024.05.11,00632,Sydney NSW,Postpaid,Data Bundle,Data 40GB Monthly,USSD,40960,,Successful
TXN002534,,CUST00198, Sydney ,Prepaid,Recharge,Recharge $5,Mobile app,,,Successful
TXN001900,09-23-2024,CUST00684,Hobart,Prepaid,Data Bundle,Data 2GB Weekly,app,2048, 8 ,Successful
TXN000403,14 Apr 2024,CUST00453,Sydney,Prepaid,Recharge,Recharge $5,Mobile app,,0,Failed
TXN000819,22/04/2024,CUST00359,Sydney NSW,Prepaid,Data Bundle,Data 2GB Weekly,Mobile app,2048, 8 ,Successful
TXN003459,12-22-2024,CUST00891,CBR,Postpaid,Voice Bundle,Voice 100min,Mobile App,, 4.50 ,Successful
TXN000156,11 Nov 2024,CUST00718,adelaide,Prepaid,Recharge,Recharge $2,App,,-2,Reversed
TXN003415,05-19-2024,CUST00773,Brisbane QLD,Postpaid,Data Bundle,Data 10GB Monthly,USSD,10240,$35,Successful
TXN002649,09/10/2024,CUST00451,canberra,Prepaid,Recharge,Recharge $20,agent,,AUD 20,Successful
TXN002753,07-17-2024,CUST00286,Perth-WA,Prepaid,Recharge,Recharge $10,Mobile app,,10,Successful
TXN000249,,CUST00604,Harbour City,Prepaid,Data Bundle,Data 2GB Weekly,agent,2048,0,Failed
TXN000762,12-08-2024,CUST00427,Harbour City,Prepaid,Recharge,Recharge $1,Agent,,-AUD 1,Reversed
TXN001895,05/04/2024,CUST00046,sydney,Prepaid,Data Bundle,Data 1GB Daily,MobileApp,1024, 3.50 ,Successful
TXN002030,2024.12.25, CUST00806 ,perth,Prepaid,Data Bundle,Data 1GB Daily,Mobile App,1024,$3.50,Successful
TXN003514,22 Feb 2024,CUST00841,Brisbane QLD,Prepaid,Recharge,Recharge $10,U.S.S.D,,AUD 10,Successful
TXN002637,2024.12.08,CUST00426,HBA,Prepaid,Voice Bundle,Voice 300min,Agent Rep,,$11,Successful
TXN001131,04-04-2024,CUST00200,Perth,Prepaid,Data Bundle,Data 1GB Daily,Ussd,1024,AUD 3.50,Successful
TXN000543,02-05-2024,CUST00776,adelaide,Prepaid,Recharge,Recharge $5,Online,,AUD 5,Successful
TXN000794,28 Jun 2024,CUST00816,Harbour City,Prepaid,Recharge,Recharge $2,U.S.S.D,,$2,Successful
TXN001726,01/03/2024,CUST00454,PER,Prepaid,SMS Bundle,SMS 200,app,,2.50,Successful
TXN003190,04/06/2024,CUST00679, Sydney ,Prepaid,SMS Bundle,SMS 200,Mobile app,,AUD 2.50,Successful
TXN003828,21/05/2024,CUST00318,Harbour City,Prepaid,Data Bundle,Data 1GB Daily,app,1024,3.50,Successful
TXN000629,07 Sep 2024, CUST00575 , Sydney ,Prepaid,Recharge,Recharge $2,Website,,,Failed
TXN002199,07/08/2024,CUST00059,Harbour City,Prepaid,Recharge,Recharge $10,App,, 10 ,Successful
TXN004069,11-23-2024,CUST00338,brisbane,Prepaid,Recharge,Recharge $2,MobileApp,,$2,Successful
TXN002340,15 Jan 2024,CUST00289,Brisbane QLD,Prepaid,Recharge,Recharge $1,agent rep,,AUD 1,Successful
TXN003612,16/04/2024,CUST00244,melbourne,Prepaid,SMS Bundle,SMS 200,Online,,AUD 2.50,Successful
TXN002430,08/09/2024,CUST00732,Hobart,Prepaid,Data Bundle,Data 2GB Weekly,MobileApp,2048,$8,Successful
TXN004187,03/10/2024,CUST00463,PTH,Prepaid,Recharge,Recharge $1,app,,1,Successful
TXN002735,09-16-2024,CUST00078,SYD,Prepaid,Recharge,Recharge $1,agent,,,Successful
TXN001368,11/03/2024,CUST00119,HBA,Prepaid,Recharge,Recharge $5,Mobile app,,AUD 5,Successful
TXN003273,07/10/2024,CUST00780,Melbourne,Postpaid,Recharge,Recharge $10,Web,,$10,Successful
TXN001621,06/08/2024,CUST00775,canberra,Prepaid,Data Bundle,Data 2GB Weekly,Ussd,2048, 8 ,Successful
TXN002946,17/07/2024, CUST00467 ,SYD,Prepaid,Recharge,Recharge $2,Website,,,Failed
TXN001452,2024.08.13,CUST00626,Brisbane,Prepaid,Recharge,Recharge $2,ussd,,$2,Successful
TXN002903,12-15-2024,CUST00497,Melbourne VIC,Prepaid,Recharge,Recharge $2,MobileApp,,AUD 2,Successful
TXN001072,16/05/2024,CUST00228,sydney,Prepaid,Recharge,Recharge $10,USSD Code,,0.00,Failed
TXN000555,12-19-2024,CUST00421,Sydney,Prepaid,SMS Bundle,SMS 200,Agent Rep,,,Successful
TXN001829,2024.09.16, CUST00194 ,Sydney,Prepaid,Recharge,Recharge $1,USSD Code,,,Successful
TXN000827,02-19-2024,CUST00113,Harbour City,Prepaid,Data Bundle,Data 1GB Daily,agent rep,1024,,Failed
TXN001640,01-14-2024,CUST00629,Adelaide,Prepaid,Data Bundle,Data 6GB Monthly,App,6144,25,Successful
TXN001985,03/06/2024,CUST00765,VIC,Postpaid,Recharge,Recharge $2,Agent,,AUD 2,Successful
TXN002914,06/08/2024, CUST00173 , Sydney ,Postpaid,Recharge,Recharge $20,app,,,Successful
TXN001838,17/12/2024,00876,sydney,Prepaid,Data Bundle,Data 6GB Monthly,Mobile app,6144, 25 ,Successful
TXN003578,45562,CUST00318,Sydney,Prepaid,Recharge,Recharge $10,agent,,0.00,Failed
TXN002940,02 Aug 2024,CUST00429,Adelaide SA,Prepaid,Recharge,Recharge $10,Web,,AUD 10,Successful
TXN003421,24 Feb 2024,CUST00327,canberra,Prepaid,Recharge,Recharge $20,U.S.S.D,, 20 ,Successful
TXN003768,06/03/2024,CUST00796,,Postpaid,Data Bundle,Data 40GB Monthly,agent rep,40960,AUD 110,Successful
TXN000536,,CUST00416,HBA,Prepaid,Data Bundle,Data 1GB Daily,Agent,1024,,Successful
TXN003413,20/07/2024,CUST00439,Sydney NSW,Postpaid,Voice Bundle,Voice 100min,Ussd,,AUD 4.50,Successful
TXN004022,14/04/2024,CUST00644,HBA,Postpaid,Data Bundle,Data 10GB Monthly,App,10240,$35,Successful
TXN002664,17/11/2024,CUST00246,Harbour City,Prepaid,Recharge,Recharge $10,Web,,0,Failed
TXN000155,05/09/2024,CUST00446,perth,Prepaid,Recharge,Recharge $2,Web,,2,Successful
TXN003242,06-26-2024,00625,HBA,Prepaid,Recharge,Recharge $2,Web,,$2,Successful
TXN003883,14/04/2024,CUST00847,SYD,Prepaid,Recharge,Recharge $1,app,,AUD 1,Successful
TXN003150,26/08/2024,CUST00860,adelaide,Prepaid,Voice Bundle,Voice 100min,Agent,,,Successful
TXN002953,45396,00455,Sydney,Prepaid,Recharge,Recharge $2,web,,0,Failed
TXN001312,03-13-2024,CUST00046,Sydney NSW,Prepaid,Recharge,Recharge $10,agent,,0.00,Failed
TXN000323,45426,CUST00828,brisbane,Prepaid,Recharge,Recharge $5,Online,,$5,Successful
TXN001711,14/12/2024,CUST00637,Sydney NSW,Prepaid,Data Bundle,Data 40GB Monthly,agent rep,40960,,Failed
TXN000015,04 Dec 2024,CUST00080,SYD,Prepaid,Data Bundle,Data 1GB Daily,MobileApp,1024,3.50,Successful
TXN003331,08-21-2024, CUST00631 ,,Prepaid,Recharge,Recharge $10,Online,,(10),Reversed
TXN001799,18 Dec 2024,CUST00115,sydney,Postpaid,Recharge,Recharge $2,app,,0,Failed
TXN004165,25/06/2024,CUST00245,Brisbane,Prepaid,Recharge,Recharge $2,web,,2,Successful
TXN000083,15/05/2024,CUST00457,Harbour City,Prepaid,Data Bundle,Data 2GB Weekly,U.S.S.D,2048,0.00,Failed
TXN002561,04/10/2024,CUST00748,Canberra,Postpaid,Data Bundle,Data 6GB Monthly,agent,6144,$25,Successful
TXN001944,25/10/2024,CUST00798,Brisbane QLD,Prepaid,Recharge,Recharge $1,USSD Code,,1,Successful
TXN001989,09-09-2024,CUST00258,Adelaide SA,Postpaid,Data Bundle,Data 6GB Monthly,Agent,6144,$25,Successful
TXN003537,06/07/2024,CUST00103,Melbourne VIC,Prepaid,Recharge,Recharge $1,Mobile App,,1,Successful
TXN002673,45293,CUST00707,Melbourne VIC,Prepaid,Data Bundle,Data 1GB Daily,USSD Code,1024,AUD 3.50,Successful
TXN001384,2024.04.03,CUST00386,Brisbane QLD,Prepaid,Data Bundle,Data 1GB Daily,MobileApp,1024,AUD 3.50,Successful
TXN001575,06-09-2024,CUST00488,sydney,Prepaid,Data Bundle,Data 2GB Weekly,U.S.S.D,2048,-8,Reversed
TXN002978,20/06/2024,CUST00118,Sydney,Prepaid,Data Bundle,Data 1GB Daily,ussd,1024,,Failed
TXN004060,11/12/2024,CUST00203,Adelaide,Prepaid,Recharge,Recharge $1,Mobile app,,$1,Successful
TXN003406,19/02/2024,CUST00116, Sydney ,Prepaid,Data Bundle,Data 10GB Monthly,app,10240,$35,Successful
TXN002059,05/08/2024,CUST00622,sydney,Prepaid,Recharge,Recharge $10,Web,,-10,Reversed
TXN001763,02-06-2024,CUST00156,hobart,Prepaid,Recharge,Recharge $1,Agent,,1,Successful
TXN001495,,CUST00248,sydney,Prepaid,Recharge,Recharge $1,agent rep,,1,Successful
TXN000832,15/06/2024,CUST00780,Melbourne VIC,Postpaid,Data Bundle,Data 10GB Monthly,Web,10240,-35,Reversed
TXN002081,2024.09.06,00032,brisbane,Prepaid,Recharge,Recharge $5,MobileApp,,AUD 5,Successful
TXN001175,11-26-2024,CUST00315,melbourne,Prepaid,Recharge,Recharge $2,Web,,AUD 2,Successful
TXN000414,2024.03.27, CUST00186 ,BNE,Prepaid,Recharge,Recharge $5,MobileApp,,,Failed
TXN002629,19 Jun 2024,CUST00212, Sydney ,Prepaid,Data Bundle,Data 1GB Daily,Agent Rep,1024,AUD 3.50,Successful
TXN003455,16/08/2024,CUST00883,Harbour City,Prepaid,Recharge,Recharge $10,MobileApp,,$10,Successful
TXN001818,07-08-2024,CUST00204,Sydney,Prepaid,Data Bundle,Data 6GB Monthly,app,6144,AUD 25,Successful
TXN000166,10-16-2024,CUST00842, Sydney ,Postpaid,Data Bundle,Data 10GB Monthly,MobileApp,10240,0.00,Failed
TXN003874,09-11-2024,CUST00760,VIC,Prepaid,Recharge,Recharge $1,U.S.S.D,,,Successful
TXN001730,03/10/2024,CUST00289,Brisbane QLD,Prepaid,Recharge,Recharge $20,Ussd,,$20,Successful
TXN000615,09/05/2024,CUST00648,Melbourne VIC,Prepaid,Recharge,Recharge $1,USSD Code,,AUD 1,Successful
TXN003094,22/01/2024,CUST00623,sydney,Postpaid,Voice Bundle,Voice 100min,Agent Rep,,$4.50,Successful
TXN003451,10-03-2024,CUST00525,canberra,Prepaid,Data Bundle,Data 2GB Weekly,U.S.S.D,2048, 8 ,Successful
TXN001015,10-28-2024,00695,Sydney,Prepaid,SMS Bundle,SMS 200,MobileApp,,$2.50,Successful
TXN002138,09/05/2024,CUST00873,canberra,Postpaid,Data Bundle,Data 2GB Weekly,Online,2048,8,Successful
TXN003058,16/02/2024,00017,brisbane,Postpaid,Data Bundle,Data 40GB Monthly,Web,40960,,Failed
TXN004114,04/10/2024,CUST00114,BNE,Postpaid,Recharge,Recharge $10,ussd,,$10,Successful
TXN002650,45577,CUST00702,MEL,Prepaid,Data Bundle,Data 1GB Daily,U.S.S.D,1024,$3.50,Successful
TXN001238,03-17-2024,CUST00856,Brisbane,Prepaid,Recharge,Recharge $2,agent,,$2,Successful
TXN003405,12 Feb 2024,CUST00447, Sydney ,Postpaid,Data Bundle,Data 40GB Monthly,Online,40960,AUD 110,Successful
TXN002182,2024.04.18,CUST00656,Sydney NSW,Prepaid,Recharge,Recharge $2,Agent Rep,,0.00,Failed
TXN003419,11-18-2024, CUST00784 ,Brisbane QLD,Prepaid,Recharge,Recharge $2,Online,, 2 ,Successful
TXN000556,23 Aug 2024,CUST00116,Harbour City,Prepaid,Data Bundle,Data 6GB Monthly,agent rep,6144,,Successful
TXN003080,10-04-2024,CUST00327,Canberra,Prepaid,Data Bundle,Data 6GB Monthly,web,6144,$25,Successful
TXN003974,05/09/2024,CUST00674,Canberra,Postpaid,Data Bundle,Data 2GB Weekly,app,2048, 8 ,Successful
TXN002369,26/09/2024,00831,CBR,Prepaid,Recharge,Recharge $10,Mobile app,,$10,Successful
TXN002304,05-19-2024,CUST00441,SYD,Prepaid,Voice Bundle,Voice 100min,web,,$4.50,Successful
TXN001212,09-14-2024,CUST00883,Sydney,Prepaid,Recharge,Recharge $1,agent rep,,1,Successful
TXN000918,45364,CUST00391,Adelaide SA,Prepaid,Recharge,Recharge $10,agent rep,,$10,Successful
TXN000635,03-04-2024,CUST00112,brisbane,Prepaid,Recharge,Recharge $20,U.S.S.D,,$20,Successful
TXN002601,04/09/2024,CUST00590,PTH,Prepaid,Recharge,Recharge $20,ussd,,20,Successful
TXN003377,20 Jul 2024, CUST00729 ,Brisbane QLD,Prepaid,Recharge,Recharge $5,Website,,,Failed
TXN001056,20/05/2024,CUST00059,Sydney,Prepaid,Recharge,Recharge $5,Agent Rep,,0.00,Failed
TXN002341,02 Aug 2024,CUST00791,MEL,Postpaid,Recharge,Recharge $1,App,,$1,Successful
TXN001709,20/03/2024, CUST00071 ,VIC,Prepaid,Recharge,Recharge $10,app,,AUD 10,Successful
TXN000797,06 Sep 2024, CUST00366 ,melbourne,Prepaid,Data Bundle,Data 10GB Monthly,ussd,10240, 35 ,Successful
TXN002991,,CUST00229,adelaide,Prepaid,Data Bundle,Data 1GB Daily,Online,1024,$3.50,Successful
TXN003800,45357,CUST00114,brisbane,Postpaid,Voice Bundle,Voice 300min,USSD Code,,0.00,Failed
TXN003313,21/03/2024,CUST00150,Sydney NSW,Postpaid,Recharge,Recharge $5,Website,,,Successful
TXN004125,25/02/2024,CUST00411,adelaide,Prepaid,Recharge,Recharge $10,web,,,Successful
TXN000175,04-11-2024,CUST00181,PTH,Prepaid,Recharge,Recharge $5,agent,, 5 ,Successful
TXN002815,15/02/2024,CUST00483,SYD,Prepaid,Recharge,Recharge $1,Ussd,,,Failed
TXN003845,2024.04.12, CUST00778 ,sydney,Prepaid,Data Bundle,Data 1GB Daily,App,1024,AUD 3.50,Successful
TXN000246,02/01/2024, CUST00172 ,Sydney,Prepaid,Recharge,Recharge $10,agent rep,,$10,Successful
TXN001081,06-23-2024,CUST00375,Melbourne,Prepaid,Recharge,Recharge $10,USSD Code,, 10 ,Successful
TXN001655,2024.11.22,CUST00831,Canberra,Prepaid,Data Bundle,Data 10GB Monthly,Ussd,10240,(35),Reversed
TXN001608,22/07/2024,CUST00622,Harbour City,Prepaid,Data Bundle,Data 1GB Daily,Ussd,1024,AUD 3.50,Successful
TXN000145,14/05/2024,CUST00230,Brisbane,Prepaid,Recharge,Recharge $2,Agent Rep,,$2,Successful
TXN000146,2024-13-40,00123, Sydney ,Prepaid,Data Bundle,Data 10GB Monthly,Web,10240,AUD 35,Successful
TXN000091,28/02/2024,CUST00592,sydney,Postpaid,Data Bundle,Data 1GB Daily,U.S.S.D,1024,,Failed
TXN003751,10/02/2024,CUST00307,Brisbane,Prepaid,Recharge,Recharge $2,USSD Code,,AUD 2,Successful
TXN003465,16/05/2024,CUST00332,Canberra,Prepaid,Recharge,Recharge $2,Web,, 2 ,Successful
TXN003835,11-04-2024,CUST00424,MEL,Prepaid,Recharge,Recharge $20,Online,, 20 ,Successful
TXN000683,2024.10.11,CUST00116,Harbour City,Prepaid,Recharge,Recharge $1,agent,,0,Failed
TXN000311,15/06/2024, CUST00265 ,sydney,Prepaid,Recharge,Recharge $10,ussd,,,Failed
TXN003432,11/12/2024,CUST00085, Sydney ,Prepaid,Data Bundle,Data 2GB Weekly,web,2048,0,Failed
TXN000094,22 Aug 2024,CUST00630,SYD,Prepaid,Recharge,Recharge $1,Mobile App,,-AUD 1,Reversed
TXN003978,02/04/2024,CUST00318,Sydney NSW,Prepaid,Recharge,Recharge $10,Agent,,$10,Successful
TXN001957,45417,CUST00836,VIC,Postpaid,Voice Bundle,Voice 100min,Agent Rep,,$4.50,Successful
TXN000925,2024.01.05,CUST00207,perth,Prepaid,Data Bundle,Data 10GB Monthly,App,10240,35,Successful
TXN004111,2024.08.23,CUST00035,sydney,Prepaid,Recharge,Recharge $5,Ussd,,$5,Successful
TXN001910,45489,CUST00154,SYD,Postpaid,Voice Bundle,Voice 300min,USSD Code,,AUD 11,Successful
TXN001036,04/02/2024,CUST00277, Sydney ,Prepaid,Recharge,Recharge $10,Ussd,,(10),Reversed
TXN001401,08-07-2024,CUST00354,Adelaide SA,Prepaid,Data Bundle,Data 10GB Monthly,Agent,10240,AUD 35,Successful
TXN002292,2024.02.28,CUST00436,BNE,Prepaid,Data Bundle,Data 10GB Monthly,App,10240,$35,Successful
TXN001501,25/11/2024,CUST00150,,Postpaid,Data Bundle,Data 40GB Monthly,Agent,40960,$110,Successful
TXN003160,45624,CUST00324,HBA,Prepaid,Data Bundle,Data 1GB Daily,Agent,1024, 3.50 ,Successful
TXN002263,24/07/2024,CUST00393, Sydney ,Postpaid,Data Bundle,Data 6GB Monthly,Website,6144,,Failed
TXN001469,,CUST00525,canberra,Prepaid,Data Bundle,Data 2GB Weekly,Online,2048,AUD 8,Successful
TXN003246,2024.06.25, CUST00365 ,SYD,Prepaid,Data Bundle,Data 2GB Weekly,Website,2048, 8 ,Successful
TXN000999,19/03/2024,CUST00893,sydney,Prepaid,Data Bundle,Data 2GB Weekly,Online,2048,8,Successful
TXN000854,03-20-2024,CUST00350,VIC,Prepaid,Voice Bundle,Voice 300min,Ussd,,$11,Successful
TXN003876,02-20-2024,CUST00686, Sydney ,Prepaid,Recharge,Recharge $1,Ussd,,0,Failed
TXN002474,2024.12.21, CUST00286 ,PTH,Prepaid,Data Bundle,Data 6GB Monthly,MobileApp,6144,,Successful
TXN002205,24/12/2024,CUST00203,ADL,Prepaid,Recharge,Recharge $1,Online,,$1,Successful
TXN001143,2024.11.26,CUST00561,hobart,Postpaid,Recharge,Recharge $2,Agent Rep,,,Successful
TXN001144,19/01/2024,CUST00166,Adelaide SA,Prepaid,Recharge,Recharge $1,Online,,$1,Successful
TXN003748,01 Oct 2024,CUST00296,hobart,Prepaid,Data Bundle,Data 1GB Daily,Website,1024, 3.50 ,Successful
TXN002275,01/04/2024,CUST00714,Perth-WA,Postpaid,Data Bundle,Data 1GB Daily,Website,1024,,Failed
TXN002945,28/04/2024,CUST00052,Perth-WA,Prepaid,Recharge,Recharge $10,Mobile app,,-AUD 10,Reversed
TXN002049,02-21-2024,CUST00222,Brisbane QLD,Postpaid,Recharge,Recharge $1,U.S.S.D,,$1,Successful
TXN003467,01-03-2024,CUST00325,melbourne,Prepaid,Recharge,Recharge $5,USSD,,$5,Successful
TXN000402,2024.09.18, CUST00537 ,BNE,Prepaid,Recharge,Recharge $5,USSD Code,, 5 ,Successful
TXN003477,2024.03.02, CUST00394 ,Canberra,Prepaid,SMS Bundle,SMS 200,USSD Code,,2.50,Successful
TXN001104,01/07/2024,CUST00643,Perth,Prepaid,Data Bundle,Data 1GB Daily,web,1024,-AUD 3.50,Reversed
TXN000085,2024.05.26,CUST00320,brisbane,Prepaid,Recharge,Recharge $20,Online,,AUD 20,Successful
TXN002211,20 Sep 2024,CUST00733,SYD,Prepaid,Data Bundle,Data 6GB Monthly,Ussd,6144,$25,Successful
TXN001857,04/07/2024,CUST00829,sydney,Prepaid,Recharge,Recharge $10,App,,0.00,Failed
TXN000115,10/05/2024,CUST00275,perth,Prepaid,Data Bundle,Data 1GB Daily,Web,1024,3.50,Successful
TXN002719,,CUST00884,SYD,Postpaid,Data Bundle,Data 10GB Monthly,web,10240,-AUD 35,Reversed
TXN003223,02/07/2024,CUST00098,VIC,Postpaid,Voice Bundle,Voice 100min,USSD,,$4.50,Successful
TXN003934,2024.07.22,CUST00091,PER,Prepaid,Recharge,Recharge $10,agent,,10,Successful
TXN003905,08/07/2024,CUST00463,,Prepaid,Recharge,Recharge $5,U.S.S.D,, 5 ,Successful
TXN001586,14/10/2024,CUST00065,HBA,Postpaid,SMS Bundle,SMS 200,App,,$2.50,Successful
TXN003441,05/07/2024, CUST00738 ,Brisbane QLD,Postpaid,Recharge,Recharge $1,Mobile app,,0,Failed
TXN001568,2024.08.07,CUST00063,Sydney,Prepaid,Recharge,Recharge $5,App,,AUD 5,Successful
TXN002938,11-19-2024,CUST00514,Sydney NSW,Postpaid,Data Bundle,Data 6GB Monthly,App,6144,,Successful
TXN001502,09-05-2024,00423,Hobart,Postpaid,Data Bundle,Data 2GB Weekly,agent,2048,AUD 8,Successful
TXN001661,2024.01.01,CUST00757,PER,Postpaid,Data Bundle,Data 1GB Daily,U.S.S.D,1024,$3.50,Successful
TXN001557,05-03-2024,CUST00554,perth,Postpaid,Recharge,Recharge $20,app,,AUD 20,Successful
TXN002008,08-26-2024,CUST00177,Canberra,Prepaid,Recharge,Recharge $5,U.S.S.D,,$5,Successful
TXN000626,2024.12.11,CUST00395,Brisbane QLD,Prepaid,Recharge,Recharge $5,Mobile app,,AUD 5,Successful
TXN003765,01 May 2024, CUST00382 ,Adelaide,Prepaid,Data Bundle,Data 1GB Daily,Agent Rep,1024,3.50,Successful
TXN003585,26/03/2024,00724,Sydney NSW,Prepaid,Data Bundle,Data 2GB Weekly,agent,2048,AUD 8,Successful
TXN900016,17 Jul 2024,CUST00643,Perth-WA,Prepaid,SMS Bundle,SMS 200,Website,,$2.50,Successful
TXN001886,12-10-2024,CUST00656,sydney,Prepaid,Recharge,Recharge $5,Web,,$5,Successful
TXN003145,03/03/2024,CUST00821,Harbour City,Prepaid,Data Bundle,Data 1GB Daily,Mobile app,1024,$3.50,Successful
TXN001867,45304,CUST00867,Hobart,Prepaid,Data Bundle,Data 6GB Monthly,App,6144, 25 ,Successful
TXN000953,2024.01.24, CUST00658 ,sydney,Prepaid,Data Bundle,Data 6GB Monthly,Agent Rep,6144,-AUD 25,Reversed
TXN002856,2024.12.25,CUST00440,Harbour City,Prepaid,Recharge,Recharge $2,agent,,$2,Successful
TXN002307,04-21-2024,00440,SYD,Prepaid,Data Bundle,Data 2GB Weekly,MobileApp,2048,(8),Reversed
TXN000625,2024.09.06,CUST00896,Melbourne VIC,Prepaid,Recharge,Recharge $10,Ussd,,,Successful
TXN002875,18/07/2024,CUST00777,Sydney,Prepaid,Voice Bundle,Voice 100min,Online,,0,Failed
TXN000235,,CUST00697, Sydney ,Prepaid,Recharge,Recharge $5,Agent Rep,,AUD 5,Successful
TXN002184,2024.06.16, CUST00274 ,canberra,Prepaid,Recharge,Recharge $10,Web,,10,Successful
TXN002665,,CUST00519,Sydney NSW,Prepaid,Recharge,Recharge $5,Web,,0.00,Failed
TXN003589,09-12-2024,CUST00713,Melbourne VIC,Prepaid,Recharge,Recharge $10,U.S.S.D,,$10,Successful
TXN003268,08-17-2024,CUST00841,brisbane,Prepaid,SMS Bundle,SMS 200,Online,,2.50,Successful
TXN002885,02/05/2024, CUST00251 ,brisbane,Prepaid,Recharge,Recharge $5,Agent,,$5,Successful
TXN002891,45388,00771,Hobart,Prepaid,Recharge,Recharge $10,Online,,,Successful
TXN002035,24 Sep 2024,CUST00634,Brisbane QLD,Prepaid,Data Bundle,Data 1GB Daily,Agent,1024,$3.50,Successful
TXN003008,24/08/2024,CUST00205,PTH,Prepaid,Data Bundle,Data 1GB Daily,MobileApp,1024, 3.50 ,Successful
TXN001827,17/05/2024,CUST00012,Melbourne VIC,Prepaid,Data Bundle,Data 1GB Daily,USSD,1024,3.50,Successful
TXN003924,21 Dec 2024,CUST00178,Canberra,Prepaid,SMS Bundle,SMS 200,ussd,, 2.50 ,Successful
TXN001834,26 Aug 2024,CUST00491,SYD,Postpaid,Data Bundle,Data 1GB Daily,MobileApp,1024,$3.50,Successful
TXN002641,2024.06.02,CUST00443,HBA,Prepaid,Recharge,Recharge $20,ussd,,20,Successful
TXN001315,24/10/2024,CUST00802,PTH,Prepaid,Recharge,Recharge $1,agent rep,,1,Successful
TXN001526,01-17-2024, CUST00500 ,canberra,Postpaid,Recharge,Recharge $5,Web,,,Failed
TXN001563,26/12/2024,CUST00216, Sydney ,Prepaid,Recharge,Recharge $20,Web,,$20,Successful
TXN003340,27 Apr 2024,CUST00048,Sydney,Prepaid,Recharge,Recharge $10,USSD Code,,0,Failed
TXN001753,09 Feb 2024,00576,Sydney NSW,Prepaid,SMS Bundle,SMS 200,MobileApp,, 2.50 ,Successful
TXN001606,04 Feb 2024,CUST00366,MEL,Prepaid,Recharge,Recharge $20,Mobile app,, 20 ,Successful
TXN000344,2024.03.20,CUST00088,adelaide,Prepaid,Recharge,Recharge $20,web,,20,Successful
TXN002543,07/11/2024,CUST00035,,Prepaid,Recharge,Recharge $5,app,,-AUD 5,Reversed
TXN003986,03-25-2024,CUST00230,,Prepaid,Recharge,Recharge $2,USSD,,-2,Reversed
TXN002342,07 Jun 2024,CUST00441, Sydney ,Prepaid,Recharge,Recharge $2,Website,,,Successful
TXN002413,2024.12.08,CUST00237,Melbourne VIC,Prepaid,Data Bundle,Data 10GB Monthly,ussd,10240,$35,Successful
TXN002227,2024.10.11,CUST00890,Perth,Prepaid,Recharge,Recharge $10,USSD,,,Successful
TXN002708,26 Jun 2024, CUST00590 ,Perth-WA,Prepaid,Recharge,Recharge $20,Ussd,, 20 ,Successful
TXN000997,2024.12.25,00335,Brisbane QLD,Prepaid,Data Bundle,Data 2GB Weekly,U.S.S.D,2048,$8,Successful
TXN002063,2024-13-40,CUST00437,Sydney NSW,Prepaid,Voice Bundle,Voice 100min,Mobile App,,0,Failed
TXN003759,2024.06.04,CUST00608,PER,Postpaid,Recharge,Recharge $2,Agent,,-AUD 2,Reversed
TXN001111,26/12/2024,CUST00831,Canberra,Prepaid,Recharge,Recharge $1,Mobile App,,AUD 1,Successful
TXN003443,2024.02.01,CUST00328,Adelaide SA,Prepaid,Recharge,Recharge $5,App,,AUD 5,Successful
TXN002214,24/12/2024,CUST00266,sydney,Prepaid,Recharge,Recharge $2,Ussd,,AUD 2,Successful
TXN003204,08-07-2024,CUST00120,BNE,Prepaid,Recharge,Recharge $10,Online,,,Successful
TXN001360,23/06/2024,CUST00040,Sydney,Prepaid,Recharge,Recharge $2,U.S.S.D,,$2,Successful
TXN002108,13/02/2024,CUST00049,Canberra,Prepaid,Recharge,Recharge $1,Online,,1,Successful
TXN000710,19/04/2024,CUST00049,canberra,Prepaid,Recharge,Recharge $2,ussd,, 2 ,Successful
TXN001879,23 Aug 2024,CUST00806,PER,Prepaid,Data Bundle,Data 6GB Monthly,Online,6144, 25 ,Successful
TXN002725,03-12-2024,CUST00210,HBA,Prepaid,Data Bundle,Data 40GB Monthly,App,40960,110,Successful
TXN001379,01-21-2024,CUST00309,Adelaide,Prepaid,Recharge,Recharge $1,Online,,$1,Successful
TXN002829,23/11/2024,CUST00289,brisbane,Prepaid,Recharge,Recharge $1,MobileApp,, 1 ,Successful
TXN000425,04-23-2024,CUST00573,melbourne,Prepaid,Data Bundle,Data 1GB Daily,Agent Rep,1024, 3.50 ,Successful
TXN000293,45548,CUST00710,Canberra,Prepaid,SMS Bundle,SMS 200,Agent Rep,,$2.50,Successful
TXN001066,24/12/2024,CUST00440,Sydney,Prepaid,Recharge,Recharge $20,USSD,,(20),Reversed
TXN002922,2024.05.07,00252,VIC,Prepaid,Recharge,Recharge $2,web,,2,Successful
TXN002378,13/11/2024,CUST00326,Harbour City,Prepaid,Recharge,Recharge $5,USSD,,5,Successful
TXN001639,01-20-2024,CUST00884,Sydney NSW,Postpaid,Data Bundle,Data 40GB Monthly,USSD,40960,$110,Successful
TXN002478,04-19-2024,00619,Sydney,Prepaid,Recharge,Recharge $1,Web,,$1,Successful
TXN001013,09-19-2024,CUST00469,Brisbane QLD,Postpaid,Data Bundle,Data 10GB Monthly,MobileApp,10240,35,Successful
TXN002128,,CUST00663,adelaide,Prepaid,Data Bundle,Data 1GB Daily,ussd,1024, 3.50 ,Successful
TXN001718,02-15-2024,CUST00274,canberra,Prepaid,Data Bundle,Data 10GB Monthly,USSD,10240,AUD 35,Successful
TXN003101,08-02-2024,00213,Melbourne VIC,Prepaid,Data Bundle,Data 10GB Monthly,agent rep,10240,,Successful
TXN000938,06/06/2024,CUST00158,,Postpaid,Recharge,Recharge $1,Mobile app,,1,Successful
TXN003780,05 Jun 2024,CUST00060,BNE,Prepaid,Recharge,Recharge $2,Mobile App,,$2,Successful
TXN003965,26/08/2024,CUST00598,SYD,Postpaid,Data Bundle,Data 10GB Monthly,Website,10240,-35,Reversed
TXN000835,21/09/2024,CUST00575,,Prepaid,Recharge,Recharge $2,Ussd,,AUD 2,Successful
TXN002798,16 Sep 2024,CUST00687,Melbourne,Prepaid,Data Bundle,Data 1GB Daily,web,1024,AUD 3.50,Successful
TXN002939,25/11/2024,CUST00368,Brisbane QLD,Prepaid,Data Bundle,Data 6GB Monthly,MobileApp,6144,$25,Successful
TXN000255,45545,CUST00367,HBA,Prepaid,Data Bundle,Data 1GB Daily,web,1024, 3.50 ,Successful
TXN004138,12-15-2024,CUST00851,BNE,Prepaid,Data Bundle,Data 1GB Daily,Agent,1024,,Successful
TXN001483,18 May 2024,CUST00241,Melbourne VIC,Prepaid,Data Bundle,Data 1GB Daily,USSD,1024,$3.50,Successful
TXN000945,03-13-2024,CUST00332,Canberra,Prepaid,Recharge,Recharge $1,Mobile app,,$1,Successful
TXN001408,2024.04.25,CUST00335,Brisbane QLD,Prepaid,Data Bundle,Data 1GB Daily,Web,1024, 3.50 ,Successful
TXN003386,08/06/2024,CUST00202,MEL,Postpaid,Voice Bundle,Voice 100min,Online,, 4.50 ,Successful
TXN003157,,CUST00577,PER,Prepaid,Data Bundle,Data 10GB Monthly,App,10240,$35,Successful
TXN003647,10-26-2024,CUST00457,SYD,Prepaid,Data Bundle,Data 10GB Monthly,MobileApp,10240,0,Failed
TXN001787,09-01-2024,CUST00408,Brisbane QLD,Prepaid,Recharge,Recharge $10,app,,$10,Successful
TXN002185,13/03/2024,CUST00225,ADL,Prepaid,SMS Bundle,SMS 200,agent,,2.50,Successful
TXN003184,21/01/2024,CUST00762,PER,Prepaid,Voice Bundle,Voice 100min,USSD Code,,4.50,Successful
TXN003267,19/02/2024,CUST00472,adelaide,Prepaid,Voice Bundle,Voice 100min,web,,0.00,Failed
TXN002901,03-11-2024,CUST00708,Harbour City,Prepaid,Recharge,Recharge $5,MobileApp,,-AUD 5,Reversed
TXN003251,07/03/2024,00683,adelaide,Prepaid,Data Bundle,Data 2GB Weekly,web,2048,AUD 8,Successful
TXN001988,16/05/2024,CUST00582,Perth-WA,Prepaid,Recharge,Recharge $1,web,,$1,Successful
TXN000724,02-24-2024,CUST00242,VIC,Prepaid,Recharge,Recharge $1,Agent Rep,,1,Successful
TXN002908,08-18-2024,CUST00604,Harbour City,Prepaid,Recharge,Recharge $1,U.S.S.D,,$1,Successful
TXN000970,2024.04.16,CUST00754,SYD,Prepaid,Data Bundle,Data 10GB Monthly,Ussd,10240, 35 ,Successful
TXN000497,2024.11.08,CUST00623,Sydney NSW,Postpaid,Data Bundle,Data 10GB Monthly,Online,10240,35,Successful
TXN000951,25/01/2024,CUST00239,brisbane,Prepaid,Recharge,Recharge $2,MobileApp,,2,Successful
TXN000806,26 Mar 2024, CUST00807 ,PTH,Prepaid,Voice Bundle,Voice 300min,agent,,$11,Successful
TXN001830,28 Sep 2024,CUST00150,SYD,Postpaid,Voice Bundle,Voice 100min,USSD,,0,Failed
TXN002178,04/06/2024,00736,CBR,Prepaid,Recharge,Recharge $2,MobileApp,,$2,Successful
TXN001740,03-27-2024,CUST00402,Brisbane,Postpaid,Recharge,Recharge $10,web,, 10 ,Successful
TXN000338,15/11/2024,00514,Harbour City,Postpaid,Recharge,Recharge $2,Mobile app,,$2,Successful
TXN000731,21 May 2024,CUST00566,Perth,Prepaid,Voice Bundle,Voice 100min,MobileApp,,AUD 4.50,Successful
TXN000609,07 May 2024,CUST00661,Adelaide,Postpaid,Recharge,Recharge $20,web,, 20 ,Successful
TXN001149,01/11/2024,CUST00717,Perth,Prepaid,Recharge,Recharge $1,Web,,AUD 1,Successful
TXN002244,03-11-2024, CUST00851 ,brisbane,Prepaid,Recharge,Recharge $2,agent rep,, 2 ,Successful
TXN003299,2024.12.13,CUST00357,Canberra,Prepaid,Recharge,Recharge $5,App,,5,Successful
TXN001714,02-18-2024,CUST00676,,Prepaid,Voice Bundle,Voice 100min,ussd,,4.50,Successful
TXN003341,16/03/2024,CUST00454,PER,Prepaid,Data Bundle,Data 1GB Daily,USSD Code,1024,$3.50,Successful
TXN900018,09-10-2024, CUST00756 ,brisbane,Prepaid,Recharge,Recharge $1,Agent Rep,,$1,Successful
TXN000910,05-13-2024,CUST00843,PTH,Prepaid,Data Bundle,Data 1GB Daily,Web,1024,$3.50,Successful
TXN002633,45402,CUST00410,adelaide,Prepaid,Data Bundle,Data 10GB Monthly,Agent,10240,$35,Successful
TXN003969,10/06/2024,CUST00241,Melbourne,Prepaid,Recharge,Recharge $2,Ussd,,0.00,Failed
TXN002152,15/11/2024, CUST00244 ,melbourne,Prepaid,Recharge,Recharge $1,Mobile app,,AUD 1,Successful
TXN002011,21/07/2024,CUST00574,Adelaide,Prepaid,Data Bundle,Data 6GB Monthly,Mobile App,6144,AUD 25,Successful
TXN003666,12 Apr 2024,CUST00069,Sydney NSW,Prepaid,Voice Bundle,Voice 100min,web,,AUD 4.50,Successful
TXN002492,45643,CUST00166,Adelaide SA,Prepaid,Recharge,Recharge $1,Agent,,AUD 1,Successful
TXN002009,13/06/2024,CUST00201,melbourne,Prepaid,Voice Bundle,Voice 300min,U.S.S.D,,$11,Successful
TXN001811,45385,CUST00487,adelaide,Postpaid,Data Bundle,Data 10GB Monthly,USSD Code,10240,$35,Successful
TXN001995,09/06/2024, CUST00602 ,Brisbane QLD,Prepaid,Voice Bundle,Voice 100min,U.S.S.D,,4.50,Successful
TXN000720,14/08/2024,CUST00498,Canberra,Prepaid,Voice Bundle,Voice 100min,Agent Rep,,,Successful
TXN002933,20/04/2024,CUST00619,Sydney NSW,Prepaid,Recharge,Recharge $5,USSD,, 5 ,Successful
TXN002825,23/06/2024,CUST00068,,Prepaid,Data Bundle,Data 1GB Daily,Agent,1024,3.50,Successful
TXN001570,01/10/2024,CUST00113,sydney,Prepaid,Recharge,Recharge $5,agent rep,,,Successful
TXN002898,05/05/2024,00258,Adelaide,Postpaid,Voice Bundle,Voice 300min,web,,$11,Successful
TXN002943,2024-13-40,CUST00179,CBR,Prepaid,Recharge,Recharge $5,ussd,,AUD 5,Successful
TXN002276,17/01/2024,CUST00766,Sydney,Postpaid,Recharge,Recharge $10,Ussd,,10,Successful
TXN000435,23 May 2024,CUST00842,Harbour City,Postpaid,Data Bundle,Data 6GB Monthly,USSD,6144,,Successful
TXN003374,45416,CUST00726, Sydney ,Prepaid,Recharge,Recharge $10,USSD Code,,,Failed
TXN003927,05-10-2024,CUST00075,SYD,Prepaid,Recharge,Recharge $5,Website,,$5,Successful
TXN001300,02-20-2024,CUST00449,MEL,Prepaid,Recharge,Recharge $2,USSD Code,,$2,Successful
TXN002175,11/07/2024,CUST00359,sydney,Prepaid,SMS Bundle,SMS 200,Agent,,AUD 2.50,Successful
TXN000406,06-18-2024,CUST00194,sydney,Prepaid,Recharge,Recharge $2,Website,,2,Successful
TXN002824,06-13-2024,CUST00868,perth,Prepaid,Recharge,Recharge $1,Agent Rep,,1,Successful
TXN000822,06-12-2024,CUST00220,VIC,Postpaid,Data Bundle,Data 1GB Daily,Online,1024, 3.50 ,Successful
TXN002760,08-24-2024,CUST00394,Canberra,Prepaid,Data Bundle,Data 10GB Monthly,Web,10240,AUD 35,Successful
TXN001790,26 Sep 2024,CUST00241,melbourne,Prepaid,Recharge,Recharge $1,Website,,$1,Successful
TXN003756,14/12/2024,CUST00228,Sydney,Prepaid,Data Bundle,Data 2GB Weekly,Online,2048,,Failed
TXN003822,25/05/2024,CUST00226,hobart,Prepaid,Recharge,Recharge $1,USSD Code,,$1,Successful
TXN002505,01/07/2024,CUST00062,Adelaide,Prepaid,Recharge,Recharge $2,app,,,Successful
TXN003109,07-07-2024,CUST00107,MEL,Prepaid,Data Bundle,Data 6GB Monthly,agent rep,6144,,Successful
TXN003212,45623,CUST00890,perth,Prepaid,Data Bundle,Data 1GB Daily,Mobile app,1024,$3.50,Successful
TXN002352,2024.02.23,CUST00288,Sydney NSW,Postpaid,SMS Bundle,SMS 200,app,,2.50,Successful
TXN002316,15/11/2024,CUST00733, Sydney ,Prepaid,Recharge,Recharge $5,Online,,AUD 5,Successful
TXN001859,03-04-2024,CUST00457, Sydney ,Prepaid,Data Bundle,Data 2GB Weekly,Online,2048,8,Successful
TXN001558,04-14-2024,CUST00207,Perth,Prepaid,SMS Bundle,SMS 200,agent,,2.50,Successful
TXN000546,2024-13-40,CUST00868,Perth,Prepaid,Voice Bundle,Voice 100min,USSD,,,Successful
TXN000213,,CUST00382,Adelaide,Prepaid,Recharge,Recharge $5,ussd,,AUD 5,Successful
TXN000897,17/02/2024,CUST00894,,Prepaid,Recharge,Recharge $20,web,,AUD 20,Successful
TXN003541,16/07/2024,CUST00664,Melbourne VIC,Prepaid,Recharge,Recharge $1,USSD Code,,$1,Successful
TXN003271,2024.02.13, CUST00034 ,Sydney,Prepaid,Recharge,Recharge $5,U.S.S.D,, 5 ,Successful
TXN001942,10 Feb 2024,CUST00371,perth,Postpaid,Voice Bundle,Voice 300min,Ussd,,$11,Successful
TXN001892,,CUST00683,ADL,Prepaid,Recharge,Recharge $20,Mobile App,,$20,Successful
TXN003745,28/10/2024,CUST00329,Sydney NSW,Prepaid,Data Bundle,Data 2GB Weekly,ussd,2048, 8 ,Successful
TXN000917,,CUST00143,Melbourne VIC,Postpaid,Data Bundle,Data 40GB Monthly,Web,40960,AUD 110,Successful
TXN003600,2024.09.17,CUST00121,MEL,Prepaid,Recharge,Recharge $1,agent,,1,Successful
TXN002724,45583,CUST00602,Brisbane QLD,Prepaid,Data Bundle,Data 6GB Monthly,web,6144,25,Successful
TXN001290,2024.01.19,CUST00295,Melbourne,Prepaid,Recharge,Recharge $20,agent rep,,20,Successful
TXN000815,2024.08.17,CUST00524, Sydney ,Prepaid,Data Bundle,Data 1GB Daily,agent,1024,,Failed
TXN001266,15/11/2024,CUST00026,VIC,Prepaid,Voice Bundle,Voice 300min,Web,,,Successful
TXN000343,21/12/2024,CUST00614,ADL,Prepaid,Data Bundle,Data 2GB Weekly,Agent Rep,2048,AUD 8,Successful
TXN002598,03-01-2024,CUST00077,Melbourne VIC,Prepaid,Recharge,Recharge $1,agent rep,,$1,Successful
TXN001411,09/09/2024,CUST00502,Brisbane,Postpaid,Data Bundle,Data 6GB Monthly,Agent Rep,6144, 25 ,Successful
TXN001215,09-05-2024,CUST00277,Sydney NSW,Prepaid,Recharge,Recharge $1,MobileApp,,(1),Reversed
TXN000967,2024.05.16, CUST00761 ,Harbour City,Prepaid,SMS Bundle,SMS 200,ussd,,0.00,Failed
TXN001231,05-08-2024,CUST00402,Brisbane QLD,Postpaid,Voice Bundle,Voice 300min,Mobile App,,AUD 11,Successful
TXN002344,2024.07.22, CUST00484 ,Sydney,Postpaid,Data Bundle,Data 2GB Weekly,agent,2048,AUD 8,Successful
TXN000696,18/07/2024,CUST00503,Melbourne VIC,Prepaid,Data Bundle,Data 40GB Monthly,Ussd,40960,,Successful
TXN003501,06 Dec 2024,CUST00282,Brisbane QLD,Prepaid,Recharge,Recharge $2,Agent,,,Successful
TXN002122,06/09/2024,CUST00536,Brisbane QLD,Prepaid,Recharge,Recharge $2,Online,,2,Successful
TXN000606,04/12/2024,CUST00121,MEL,Prepaid,Data Bundle,Data 40GB Monthly,app,40960, 110 ,Successful
TXN000105,07/11/2024,00795,melbourne,Postpaid,Data Bundle,Data 10GB Monthly,Online,10240,AUD 35,Successful
TXN000646,16/09/2024,CUST00663,Adelaide,Prepaid,SMS Bundle,SMS 200,MobileApp,, 2.50 ,Successful
TXN001405,, CUST00827 ,adelaide,Prepaid,Recharge,Recharge $10,app,, 10 ,Successful
TXN000495,24/04/2024,CUST00430,sydney,Prepaid,Data Bundle,Data 1GB Daily,MobileApp,1024,,Failed
TXN003089,15/12/2024,CUST00824,Harbour City,Postpaid,Voice Bundle,Voice 100min,Agent,, 4.50 ,Successful
TXN002488,16 Feb 2024,CUST00040,SYD,Prepaid,Recharge,Recharge $10,app,,-AUD 10,Reversed
TXN001020,02-03-2024,00012,Melbourne VIC,Prepaid,Data Bundle,Data 2GB Weekly,app,2048,,Successful
TXN000092,16 Sep 2024,CUST00269, Sydney ,Prepaid,Recharge,Recharge $5,Web,,5,Successful
TXN001113,19/01/2024,CUST00835,BNE,Postpaid,Recharge,Recharge $10,Mobile app,,$10,Successful
TXN002871,08-28-2024,CUST00386,Brisbane QLD,Prepaid,Data Bundle,Data 10GB Monthly,Agent,10240,,Successful
TXN000909,24/10/2024,CUST00876,Sydney,Prepaid,Recharge,Recharge $2,Agent Rep,,$2,Successful
TXN001475,20/04/2024,CUST00282,Brisbane QLD,Prepaid,Recharge,Recharge $1,agent rep,,,Successful
TXN001742,23/12/2024,CUST00069,Sydney NSW,Prepaid,Recharge,Recharge $5,Website,,0.00,Failed
TXN002151,20/03/2024,CUST00747,,Prepaid,Recharge,Recharge $10,USSD,,$10,Successful
TXN000239,2024.12.11, CUST00141 ,PTH,Prepaid,Voice Bundle,Voice 100min,Mobile App,, 4.50 ,Successful
TXN003141,25 Oct 2024,CUST00772,melbourne,Prepaid,Recharge,Recharge $5,U.S.S.D,, 5 ,Successful
TXN000943,2024.03.14,CUST00742,Sydney,Prepaid,Data Bundle,Data 10GB Monthly,App,10240,-AUD 35,Reversed
TXN001271,05/11/2024,CUST00427,Harbour City,Prepaid,Recharge,Recharge $10,USSD Code,, 10 ,Successful
TXN000939,27/09/2024,CUST00453,SYD,Prepaid,Data Bundle,Data 1GB Daily,USSD Code,1024,,Successful
TXN001425,2024-13-40,CUST00478,Melbourne,Prepaid,Voice Bundle,Voice 300min,Ussd,,-AUD 11,Reversed
TXN003230,12-06-2024,CUST00382,Adelaide SA,Prepaid,Recharge,Recharge $2,USSD,,$2,Successful
TXN003552,03/05/2024,00684,HBA,Prepaid,Data Bundle,Data 6GB Monthly,App,6144, 25 ,Successful
TXN001863,2024.10.07,00173,,Postpaid,Recharge,Recharge $20,agent,,-20,Reversed
TXN001670,45537, CUST00642 ,Perth-WA,Prepaid,Recharge,Recharge $10,Mobile app,, 10 ,Successful
TXN000006,2024.03.04,00280,Adelaide SA,Prepaid,Data Bundle,Data 6GB Monthly,Mobile app,6144,$25,Successful
TXN003944,14/04/2024,CUST00436,Brisbane QLD,Prepaid,Data Bundle,Data 2GB Weekly,web,2048,$8,Successful
TXN003014,10/09/2024,CUST00853,Sydney NSW,Postpaid,Data Bundle,Data 40GB Monthly,App,40960,110,Successful
TXN000019,03-03-2024,CUST00764,Sydney NSW,Prepaid,Recharge,Recharge $5,USSD Code,,0.00,Failed
TXN001971,21/06/2024,CUST00724,Harbour City,Prepaid,Recharge,Recharge $1,app,,,Failed
TXN002710,11/04/2024,CUST00784,brisbane,Prepaid,Data Bundle,Data 40GB Monthly,Agent,40960,110,Successful
TXN002233,11-13-2024,CUST00261,Canberra,Prepaid,Recharge,Recharge $2,U.S.S.D,, 2 ,Successful
TXN000812,18/03/2024,00660,Harbour City,Prepaid,Data Bundle,Data 1GB Daily,Agent Rep,1024,AUD 3.50,Successful
TXN001301,2024.03.19,CUST00244,MEL,Prepaid,Recharge,Recharge $10,Ussd,,AUD 10,Successful
TXN000261,12 Oct 2024,CUST00900,sydney,Prepaid,Recharge,Recharge $1,Website,,AUD 1,Successful
TXN001805,03-01-2024,CUST00835,BNE,Postpaid,Recharge,Recharge $5,U.S.S.D,,$5,Successful
TXN001571,26/05/2024,CUST00637,Sydney NSW,Prepaid,Recharge,Recharge $1,MobileApp,,AUD 1,Successful
TXN002455,13/10/2024,CUST00339,adelaide,Postpaid,Voice Bundle,Voice 300min,Agent Rep,, 11 ,Successful
TXN001744,2024.08.20,CUST00701,Sydney NSW,Prepaid,Recharge,Recharge $1,Agent,,(1),Reversed
TXN001631,05/07/2024,00815, Sydney ,Prepaid,Data Bundle,Data 6GB Monthly,web,6144,AUD 25,Successful
TXN001717,05 Sep 2024,CUST00417,Brisbane QLD,Prepaid,Recharge,Recharge $2,agent,,$2,Successful
TXN000521,25 May 2024,CUST00795,Melbourne VIC,Postpaid,SMS Bundle,SMS 200,Mobile App,,$2.50,Successful
TXN003938,07/03/2024,CUST00459,perth,Prepaid,Recharge,Recharge $5,Web,,$5,Successful
TXN003483,08/12/2024,CUST00260,Sydney,Prepaid,Data Bundle,Data 2GB Weekly,Online,2048,(8),Reversed
TXN001659,2024.07.26,CUST00314,Sydney,Prepaid,Data Bundle,Data 2GB Weekly,Ussd,2048,,Failed
TXN003473,05/01/2024,CUST00658,Sydney,Prepaid,Recharge,Recharge $1,Mobile App,,,Failed
TXN002476,05 Jan 2024,CUST00038,Perth,Prepaid,Data Bundle,Data 2GB Weekly,USSD Code,2048, 8 ,Successful
TXN003949,2024.08.06,CUST00111,Canberra,Prepaid,Recharge,Recharge $5,App,,AUD 5,Successful
TXN003935,19 Jan 2024,CUST00643,Perth,Prepaid,SMS Bundle,SMS 200,MobileApp,,,Successful
TXN003646,2024.04.10,CUST00666,adelaide,Prepaid,Recharge,Recharge $5,app,,AUD 5,Successful
TXN000764,01-15-2024, CUST00158 ,ADL,Postpaid,Data Bundle,Data 2GB Weekly,Agent Rep,2048,8,Successful
TXN001092,28/07/2024,CUST00017,Brisbane,Postpaid,Voice Bundle,Voice 300min,Online,,11,Successful
TXN003609,27/09/2024,CUST00624,Sydney,Postpaid,Recharge,Recharge $10,MobileApp,,,Successful
TXN001102,2024.10.11,CUST00556,Brisbane,Prepaid,Recharge,Recharge $2,Online,,$2,Successful
TXN000959,14/07/2024,CUST00242,Melbourne VIC,Prepaid,Recharge,Recharge $5,Mobile app,,5,Successful
TXN000560,23/03/2024,CUST00297,SYD,Prepaid,Recharge,Recharge $5,agent,,5,Successful
TXN001520,03/10/2024,CUST00327,Canberra,Prepaid,Recharge,Recharge $1,app,,(1),Reversed
TXN000018,26/06/2024,00573,Melbourne VIC,Prepaid,Recharge,Recharge $1,ussd,,$1,Successful
TXN002485,05 May 2024,CUST00801,Canberra,Prepaid,Recharge,Recharge $10,Ussd,,$10,Successful
TXN000367,07/08/2024,CUST00232,SYD,Prepaid,Recharge,Recharge $10,Mobile app,,0.00,Failed
TXN003902,24/04/2024,CUST00760,,Prepaid,Recharge,Recharge $5,app,,0,Failed
TXN001949,25/11/2024,CUST00107,Melbourne VIC,Prepaid,Recharge,Recharge $2,Online,,AUD 2,Successful
TXN001573,,CUST00358,Melbourne VIC,Prepaid,Recharge,Recharge $1,web,, 1 ,Successful
TXN000809,01-21-2024,CUST00589,Sydney NSW,Prepaid,Data Bundle,Data 2GB Weekly,agent rep,2048,8,Successful
TXN003233,13/03/2024,00808,Melbourne,Prepaid,Recharge,Recharge $1,Agent,,$1,Successful
TXN003947,26/05/2024,CUST00439,Sydney NSW,Postpaid,Data Bundle,Data 40GB Monthly,web,40960,$110,Successful
TXN000012,10/02/2024, CUST00707 ,MEL,Prepaid,Recharge,Recharge $2,web,,$2,Successful
TXN002026,13/02/2024,00543,Melbourne,Prepaid,Recharge,Recharge $2,Agent,,AUD 2,Successful
TXN000177,16/04/2024,CUST00556,Brisbane QLD,Prepaid,Recharge,Recharge $1,ussd,,$1,Successful
TXN002489,21/09/2024,CUST00572,Melbourne,Prepaid,Recharge,Recharge $1,Web,,1,Successful
TXN003887,45643,CUST00638,sydney,Prepaid,Data Bundle,Data 1GB Daily,agent,1024, 3.50 ,Successful
TXN002570,21/01/2024,CUST00711,Brisbane,Prepaid,Recharge,Recharge $2,agent rep,,AUD 2,Successful
TXN003521,04-14-2024,CUST00663,adelaide,Prepaid,Recharge,Recharge $2,ussd,,AUD 2,Successful
TXN003761,22/01/2024,CUST00680,HBA,Prepaid,Data Bundle,Data 1GB Daily,agent rep,1024,AUD 3.50,Successful
TXN003283,22/07/2024,CUST00713,Melbourne VIC,Prepaid,Data Bundle,Data 10GB Monthly,USSD,10240,,Successful
TXN001665,12-04-2024,CUST00211,Melbourne,Prepaid,Voice Bundle,Voice 100min,agent rep,,$4.50,Successful
TXN002192,2024.10.16,CUST00272,Sydney NSW,Prepaid,SMS Bundle,SMS 200,Web,,2.50,Successful
TXN900034,25 Mar 2024,CUST00282,BNE,Prepaid,Data Bundle,Data 2GB Weekly,Mobile App,2048,$8,Successful
TXN003371,08/12/2024,CUST00324,hobart,Prepaid,SMS Bundle,SMS 200,web,,$2.50,Successful
TXN002661,28/11/2024,CUST00115,Sydney NSW,Postpaid,Data Bundle,Data 1GB Daily,Web,1024,(3.50),Reversed
TXN003579,17/04/2024,CUST00768,Hobart,Prepaid,Recharge,Recharge $2,app,,2,Successful
TXN002047,2024.02.20,CUST00093,MEL,Prepaid,Recharge,Recharge $10,USSD Code,,AUD 10,Successful
TXN002625,16/08/2024,00588,Harbour City,Prepaid,Recharge,Recharge $1,Web,,1,Successful
TXN003411,05-22-2024,CUST00164, Sydney ,Postpaid,Data Bundle,Data 2GB Weekly,Web,2048,AUD 8,Successful
TXN001186,06-20-2024,CUST00114,BNE,Postpaid,Recharge,Recharge $5,app,,5,Successful
TXN001007,23/12/2024,CUST00281,MEL,Prepaid,Data Bundle,Data 1GB Daily,Agent,1024, 3.50 ,Successful
TXN003570,2024-13-40,CUST00417,BNE,Prepaid,Data Bundle,Data 10GB Monthly,Website,10240,$35,Successful
TXN003738,2024.03.24,CUST00892,CBR,Postpaid,Data Bundle,Data 40GB Monthly,Web,40960,,Successful
TXN002050,45294,CUST00741,BNE,Prepaid,Recharge,Recharge $20,agent,,20,Successful
TXN004012,20/11/2024,CUST00868,perth,Prepaid,Recharge,Recharge $2,USSD Code,,-AUD 2,Reversed
TXN000270,11/10/2024,CUST00077,VIC,Prepaid,SMS Bundle,SMS 200,MobileApp,,,Failed
TXN001994,,CUST00736,canberra,Prepaid,Recharge,Recharge $5,U.S.S.D,,0,Failed
TXN000266,03/06/2024,CUST00422,PER,Postpaid,Data Bundle,Data 40GB Monthly,app,40960,0.00,Failed
TXN000915,26 Jan 2024,CUST00756,brisbane,Prepaid,Recharge,Recharge $5,Website,,AUD 5,Successful
TXN002279,06/05/2024,CUST00860,adelaide,Prepaid,Recharge,Recharge $5,Website,,AUD 5,Successful
TXN002232,22/03/2024,CUST00342,sydney,Prepaid,Recharge,Recharge $10,web,,$10,Successful
TXN000291,2024.10.07,CUST00708,sydney,Prepaid,Recharge,Recharge $5,App,,$5,Successful
TXN002913,07/04/2024,CUST00372,Sydney NSW,Prepaid,Recharge,Recharge $5,Web,,5,Successful
TXN002094,03 Sep 2024,00627,BNE,Prepaid,Data Bundle,Data 1GB Daily,agent,1024,$3.50,Successful
TXN001653,06-04-2024,CUST00803,Brisbane QLD,Postpaid,Recharge,Recharge $2,app,,AUD 2,Successful
TXN004142,17 Dec 2024,CUST00146,sydney,Prepaid,Recharge,Recharge $10,Agent,,AUD 10,Successful
TXN003040,2024.03.13,CUST00698,ADL,Prepaid,Recharge,Recharge $2,Ussd,, 2 ,Successful
TXN002678,19/09/2024,CUST00337,CBR,Prepaid,Recharge,Recharge $20,Ussd,,$20,Successful
TXN000289,26/11/2024,00899,brisbane,Prepaid,Recharge,Recharge $1,USSD,,$1,Successful
TXN003108,45310,CUST00747,Canberra,Prepaid,Recharge,Recharge $5,Mobile App,,$5,Successful
TXN900009,06-28-2024,CUST00503,melbourne,Prepaid,Data Bundle,Data 10GB Monthly,Website,10240, 35 ,Successful
TXN000576,22/12/2024,CUST00059,Harbour City,Prepaid,Data Bundle,Data 2GB Weekly,Ussd,2048, 8 ,Successful
TXN000851,23 Feb 2024,CUST00308,BNE,Prepaid,Recharge,Recharge $2,agent,,2,Successful
TXN003884,2024-13-40,CUST00710,canberra,Prepaid,SMS Bundle,SMS 200,Online,,$2.50,Successful
TXN001723,2024.12.03,CUST00205,perth,Prepaid,Data Bundle,Data 2GB Weekly,Web,2048,(8),Reversed
TXN003950,05/11/2024, CUST00013 ,canberra,Prepaid,Recharge,Recharge $1,Agent Rep,,1,Successful
TXN001101,21/02/2024,CUST00275,PER,Prepaid,Data Bundle,Data 6GB Monthly,ussd,6144,0,Failed
TXN001208,03/09/2024, CUST00346 ,PER,Prepaid,Data Bundle,Data 10GB Monthly,Agent Rep,10240,AUD 35,Successful
TXN001844,2024.11.19,CUST00210,,Prepaid,Recharge,Recharge $1,Agent,,$1,Successful
TXN001849,08-07-2024,CUST00524,Sydney,Prepaid,SMS Bundle,SMS 200,web,,$2.50,Successful
TXN002525,10/05/2024,CUST00627,brisbane,Prepaid,Recharge,Recharge $10,agent,,$10,Successful
TXN003948,22 Apr 2024,CUST00814,Melbourne,Prepaid,Recharge,Recharge $5,Web,,,Successful
TXN001695,03-11-2024,CUST00053,,Prepaid,Recharge,Recharge $2,Website,,AUD 2,Successful
TXN004182,19/04/2024,CUST00006, Sydney ,Prepaid,Recharge,Recharge $10,Agent Rep,,0.00,Failed
TXN003961,22/05/2024, CUST00189 ,perth,Prepaid,Data Bundle,Data 1GB Daily,Agent,1024,0,Failed
TXN000234,24/06/2024,CUST00100,Canberra,Postpaid,Voice Bundle,Voice 100min,app,,,Successful
TXN003333,24/03/2024,CUST00692,perth,Prepaid,Recharge,Recharge $2,U.S.S.D,,,Successful
TXN002648,06 Dec 2024,CUST00189,,Prepaid,Recharge,Recharge $1,agent rep,, 1 ,Successful
TXN004042,15/03/2024,00789,ADL,Prepaid,Data Bundle,Data 1GB Daily,Online,1024,AUD 3.50,Successful
TXN001712,01/12/2024,CUST00533,Sydney NSW,Prepaid,Voice Bundle,Voice 100min,App,,0,Failed
TXN000183,27/09/2024,CUST00229,Adelaide,Prepaid,Recharge,Recharge $5,Mobile app,,$5,Successful
TXN001463,22 Jun 2024,CUST00259,SYD,Prepaid,Data Bundle,Data 10GB Monthly,app,10240,,Successful
TXN000050,01/12/2024,CUST00549,ADL,Prepaid,Data Bundle,Data 2GB Weekly,Mobile app,2048, 8 ,Successful
TXN000830,03 Jul 2024,CUST00126,sydney,Prepaid,Recharge,Recharge $20,Online,,(20),Reversed
TXN000107,04-18-2024,CUST00546,Canberra,Prepaid,SMS Bundle,SMS 200,agent,,,Successful
TXN000444,23 Oct 2024,CUST00023,Sydney NSW,Prepaid,Data Bundle,Data 1GB Daily,app,1024, 3.50 ,Successful
TXN001955,08-02-2024,CUST00123,Sydney,Prepaid,Recharge,Recharge $2,Web,,$2,Successful
TXN000727,28 Jun 2024,CUST00451,CBR,Prepaid,Recharge,Recharge $20,U.S.S.D,,,Successful
TXN002239,2024.04.23,CUST00323,HBA,Prepaid,Data Bundle,Data 6GB Monthly,USSD,6144,-25,Reversed
TXN002331,01 May 2024,CUST00733,Sydney NSW,Prepaid,Data Bundle,Data 10GB Monthly,web,10240,,Failed
TXN004126,2024.12.03, CUST00025 ,Perth-WA,Prepaid,Recharge,Recharge $1,App,,0.00,Failed
TXN000170,2024.10.12,CUST00392,Perth-WA,Prepaid,Data Bundle,Data 6GB Monthly,agent rep,6144,AUD 25,Successful
TXN001002,28/05/2024,CUST00587,Harbour City,Prepaid,Data Bundle,Data 1GB Daily,ussd,1024,,Failed
TXN003253,23/03/2024,CUST00297,Harbour City,Prepaid,Voice Bundle,Voice 300min,USSD Code,,,Failed
TXN002149,26/04/2024,CUST00596,Perth,Prepaid,Data Bundle,Data 10GB Monthly,agent rep,10240,35,Successful
TXN000198,2024.04.03,CUST00654,perth,Prepaid,Recharge,Recharge $1,Online,,AUD 1,Successful
TXN003794,09/11/2024,CUST00703,VIC,Prepaid,Recharge,Recharge $1,agent,,$1,Successful
TXN000648,09-04-2024,CUST00143,,Postpaid,Data Bundle,Data 1GB Daily,Online,1024, 3.50 ,Successful
TXN003036,04/08/2024, CUST00255 ,Sydney NSW,Prepaid,Data Bundle,Data 2GB Weekly,USSD Code,2048,8,Successful
TXN004141,15 May 2024,CUST00427,SYD,Prepaid,Voice Bundle,Voice 100min,ussd,,,Successful
TXN003734,06 Sep 2024,CUST00668,perth,Prepaid,Recharge,Recharge $1,App,,1,Successful
TXN002759,,CUST00125,perth,Prepaid,Data Bundle,Data 1GB Daily,USSD,1024,AUD 3.50,Successful
TXN000374,07/05/2024,CUST00488,SYD,Prepaid,Recharge,Recharge $2,App,,$2,Successful
TXN000567,2024.08.27,CUST00216,Harbour City,Prepaid,Data Bundle,Data 2GB Weekly,Ussd,2048,AUD 8,Successful
TXN003721,04-07-2024,CUST00158,Adelaide SA,Postpaid,Voice Bundle,Voice 300min,Online,,AUD 11,Successful
TXN002896,03/05/2024,CUST00186,Brisbane,Prepaid,Recharge,Recharge $1,Online,,AUD 1,Successful
TXN003486,07-14-2024,CUST00671,Brisbane QLD,Prepaid,Data Bundle,Data 40GB Monthly,app,40960,$110,Successful
TXN001156,2024.03.05,CUST00651,ADL,Prepaid,Recharge,Recharge $10,Web,,AUD 10,Successful
TXN004136,12/09/2024,CUST00426,hobart,Prepaid,Recharge,Recharge $5,Agent Rep,, 5 ,Successful
TXN000974,17/09/2024,00259,Sydney NSW,Prepaid,Voice Bundle,Voice 100min,Web,,$4.50,Successful
TXN003288,09-11-2024,CUST00872,MEL,Prepaid,Recharge,Recharge $20,Mobile App,,,Successful
TXN003628,01 Oct 2024,CUST00332,Canberra,Prepaid,Data Bundle,Data 6GB Monthly,app,6144,AUD 25,Successful
TXN003639,01-07-2024,CUST00151,Hobart,Prepaid,Recharge,Recharge $2,agent rep,,2,Successful
TXN001836,2024.08.23,CUST00068,Sydney,Prepaid,Data Bundle,Data 2GB Weekly,Website,2048,-8,Reversed
TXN002309,10-20-2024,CUST00293,,Prepaid,SMS Bundle,SMS 200,ussd,,$2.50,Successful
TXN001841,12 Aug 2024,CUST00246,Sydney NSW,Prepaid,Data Bundle,Data 10GB Monthly,Online,10240,$35,Successful
TXN002045,03-07-2024,CUST00245,BNE,Prepaid,Data Bundle,Data 10GB Monthly,Agent,10240, 35 ,Successful
TXN000845,14/07/2024,CUST00068,SYD,Prepaid,Voice Bundle,Voice 300min,USSD Code,,,Failed
TXN002156,17/11/2024,CUST00241,Melbourne,Prepaid,Data Bundle,Data 6GB Monthly,MobileApp,6144,$25,Successful
TXN000350,28 Jun 2024,00535,Sydney,Postpaid,Data Bundle,Data 2GB Weekly,Online,2048,0,Failed
TXN000785,2024.09.16,CUST00757,PER,Postpaid,Voice Bundle,Voice 100min,MobileApp,, 4.50 ,Successful
TXN000048,21/01/2024,CUST00383,Brisbane QLD,Postpaid,Voice Bundle,Voice 300min,Online,,AUD 11,Successful
TXN003652,14 Jan 2024, CUST00757 ,,Postpaid,Data Bundle,Data 1GB Daily,Mobile app,1024,AUD 3.50,Successful
TXN004019,17/10/2024,CUST00671,brisbane,Prepaid,SMS Bundle,SMS 200,USSD Code,,$2.50,Successful
TXN001440,05-22-2024,CUST00616,Brisbane QLD,Prepaid,Recharge,Recharge $1,Mobile app,,1,Successful
TXN001866,2024.04.09,CUST00235,perth,Prepaid,Recharge,Recharge $2,App,,AUD 2,Successful
TXN003196,45343,CUST00666,ADL,Prepaid,Data Bundle,Data 6GB Monthly,Ussd,6144,$25,Successful
TXN000034,2024.07.13,CUST00571,Adelaide,Prepaid,Recharge,Recharge $2,Online,,AUD 2,Successful
TXN000788,2024.06.17,CUST00500,Canberra,Postpaid,Data Bundle,Data 6GB Monthly,web,6144, 25 ,Successful
TXN002628,06-08-2024,CUST00116,Sydney,Prepaid,Recharge,Recharge $10,Agent,,$10,Successful
TXN000932,17/10/2024,CUST00079,Sydney,Prepaid,Recharge,Recharge $10,ussd,,-AUD 10,Reversed
TXN002405,05-05-2024, CUST00389 ,Canberra,Postpaid,Recharge,Recharge $10,agent rep,,AUD 10,Successful
TXN001686,07-09-2024,CUST00700,sydney,Prepaid,Recharge,Recharge $10,App,,AUD 10,Successful
TXN001249,01-10-2024,CUST00465,Perth-WA,Prepaid,Recharge,Recharge $1,web,,1,Successful
TXN000093,02-12-2024,CUST00602,Brisbane,Prepaid,Recharge,Recharge $2,Agent,,$2,Successful
TXN002852,09-26-2024,CUST00688,sydney,Prepaid,Voice Bundle,Voice 300min,Online,,AUD 11,Successful
TXN002794,09/05/2024,CUST00241,,Prepaid,Recharge,Recharge $1,Web,, 1 ,Successful
TXN000765,2024.09.11,CUST00609,adelaide,Prepaid,Data Bundle,Data 1GB Daily,Mobile app,1024, 3.50 ,Successful
TXN002989,01/02/2024,CUST00007, Sydney ,Prepaid,Recharge,Recharge $5,MobileApp,,5,Successful
TXN002449,09-24-2024, CUST00152 ,Adelaide,Prepaid,Data Bundle,Data 10GB Monthly,web,10240,-AUD 35,Reversed
TXN001729,45470,CUST00224,PTH,Prepaid,Recharge,Recharge $2,Agent Rep,,0.00,Failed
TXN000258,10 Mar 2024,CUST00660,Sydney,Prepaid,Recharge,Recharge $1,ussd,,,Successful
TXN001220,11/07/2024,CUST00193,Melbourne VIC,Prepaid,Data Bundle,Data 1GB Daily,agent rep,1024,3.50,Successful
TXN001162,14/12/2024,CUST00812,PER,Prepaid,Data Bundle,Data 2GB Weekly,App,2048,8,Successful
TXN000773,03 Jun 2024,CUST00298,Melbourne,Postpaid,Recharge,Recharge $5,Agent,,$5,Successful
TXN000313,04/12/2024,CUST00367,hobart,Prepaid,Data Bundle,Data 2GB Weekly,Agent,2048,$8,Successful
TXN004033,21/12/2024,CUST00821,SYD,Prepaid,Data Bundle,Data 2GB Weekly,ussd,2048,$8,Successful
TXN002998,13/12/2024,CUST00284,Harbour City,Postpaid,SMS Bundle,SMS 200,app,, 2.50 ,Successful
TXN001177,19/03/2024,CUST00344,Brisbane QLD,Prepaid,Data Bundle,Data 1GB Daily,Web,1024,AUD 3.50,Successful
TXN003897,2024.08.26, CUST00432 ,perth,Postpaid,Recharge,Recharge $1,agent rep,,0.00,Failed
TXN001350,05-11-2024, CUST00293 ,hobart,Prepaid,Recharge,Recharge $1,MobileApp,,1,Successful
TXN003776,22/05/2024,CUST00542, Sydney ,Prepaid,Voice Bundle,Voice 100min,Agent Rep,,0.00,Failed
TXN003117,2024.03.21,CUST00308,Brisbane,Prepaid,Recharge,Recharge $10,Online,,$10,Successful
TXN003517,08-08-2024, CUST00379 ,BNE,Prepaid,Recharge,Recharge $5,app,, 5 ,Successful
TXN002299,01-18-2024,CUST00062,Adelaide SA,Prepaid,Recharge,Recharge $10,Web,,AUD 10,Successful
TXN002872,08 Jun 2024,CUST00802,perth,Prepaid,Data Bundle,Data 1GB Daily,Ussd,1024, 3.50 ,Successful
TXN000392,2024-13-40,CUST00391,Adelaide SA,Prepaid,Voice Bundle,Voice 100min,agent,,$4.50,Successful
TXN001457,16 Jun 2024,CUST00703,melbourne,Prepaid,Recharge,Recharge $10,agent,,$10,Successful
TXN001093,04-21-2024,CUST00670,Adelaide SA,Prepaid,Data Bundle,Data 1GB Daily,Mobile app,1024,3.50,Successful
TXN003240,03-08-2024,CUST00816,Sydney NSW,Prepaid,Recharge,Recharge $2,web,,AUD 2,Successful
TXN002779,01-03-2024,00419,Perth,Prepaid,Recharge,Recharge $2,ussd,,$2,Successful
TXN003657,04-25-2024,CUST00835,brisbane,Postpaid,Voice Bundle,Voice 100min,Online,,AUD 4.50,Successful
TXN002584,25/12/2024,CUST00886,sydney,Prepaid,Recharge,Recharge $1,agent rep,,$1,Successful
TXN003258,25 Aug 2024,CUST00631,Sydney NSW,Prepaid,Data Bundle,Data 2GB Weekly,Agent Rep,2048,8,Successful
TXN001373,11-18-2024, CUST00587 ,Harbour City,Prepaid,Data Bundle,Data 1GB Daily,Agent,1024, 3.50 ,Successful
TXN000920,20/11/2024,CUST00033,HBA,Prepaid,Recharge,Recharge $2,Website,, 2 ,Successful
TXN002551,17/03/2024,CUST00204,Sydney NSW,Prepaid,Data Bundle,Data 6GB Monthly,USSD,6144,0.00,Failed
TXN000538,2024-13-40,CUST00394,CBR,Prepaid,Recharge,Recharge $10,agent,, 10 ,Successful
TXN001221,45649,CUST00779,Harbour City,Prepaid,Recharge,Recharge $2,App,,AUD 2,Successful
TXN900023,2024.11.25,CUST00599,BNE,Postpaid,Recharge,Recharge $5,U.S.S.D,,AUD 5,Successful
